#
# There is insufficient memory for the Java Runtime Environment to continue.
# Native memory allocation (malloc) failed to allocate 1890432 bytes. Error detail: Chunk::new
# Possible reasons:
#   The system is out of physical RAM or swap space
#   This process is running with CompressedOops enabled, and the Java Heap may be blocking the growth of the native heap
# Possible solutions:
#   Reduce memory load on the system
#   Increase physical memory or swap space
#   Check if swap backing store is full
#   Decrease Java heap size (-Xmx/-Xms)
#   Decrease number of Java threads
#   Decrease Java thread stack sizes (-Xss)
#   Set larger code cache with -XX:ReservedCodeCacheSize=
#   JVM is running with Unscaled Compressed Oops mode in which the Java heap is
#     placed in the first 4GB address space. The Java Heap base address is the
#     maximum limit for the native heap growth. Please use -XX:HeapBaseMinAddress
#     to set the Java Heap base and to place the Java Heap above 4GB virtual address.
# This output file may be truncated or incomplete.
#
#  Out of Memory Error (arena.cpp:168), pid=16728, tid=16612
#
# JRE version: OpenJDK Runtime Environment (21.0.10) (build 21.0.10+-14961533-b1163.108)
# Java VM: OpenJDK 64-Bit Server VM (21.0.10+-14961533-b1163.108, mixed mode, tiered, compressed oops, compressed class ptrs, g1 gc, windows-amd64)
# No core dump will be written. Minidumps are not enabled by default on client versions of Windows
#

---------------  S U M M A R Y ------------

Command Line: --add-opens=java.base/java.lang=ALL-UNNAMED --add-opens=java.base/java.lang.invoke=ALL-UNNAMED --add-opens=java.base/java.util=ALL-UNNAMED --add-opens=java.prefs/java.util.prefs=ALL-UNNAMED --add-exports=jdk.compiler/com.sun.tools.javac.api=ALL-UNNAMED --add-exports=jdk.compiler/com.sun.tools.javac.util=ALL-UNNAMED --add-opens=java.base/java.util=ALL-UNNAMED --add-opens=java.prefs/java.util.prefs=ALL-UNNAMED --add-opens=java.base/java.nio.charset=ALL-UNNAMED --add-opens=java.base/java.net=ALL-UNNAMED --add-opens=java.base/java.util.concurrent=ALL-UNNAMED --add-opens=java.base/java.util.concurrent.atomic=ALL-UNNAMED --add-opens=java.xml/javax.xml.namespace=ALL-UNNAMED --add-opens=java.base/java.time=ALL-UNNAMED -Xmx2048m -Dfile.encoding=UTF-8 -Duser.country=US -Duser.language=en -Duser.variant -javaagent:C:\Users\hcxys\.gradle\wrapper\dists\gradle-9.4.1-bin\arn2x92ynaizyzdaamcbpbhtj\gradle-9.4.1\lib\agents\gradle-instrumentation-agent-9.4.1.jar org.gradle.launcher.daemon.bootstrap.GradleDaemon 9.4.1

Host: Intel(R) N150, 4 cores, 3G,  Windows 11 , 64 bit Build 26100 (10.0.26100.8328)
Time: Sun May 31 20:00:06 2026 Eastern Daylight Time elapsed time: 165.264064 seconds (0d 0h 2m 45s)

---------------  T H R E A D  ---------------

Current thread (0x000001152308c990):  JavaThread "C2 CompilerThread0" daemon [_thread_in_native, id=16612, stack(0x0000000e2f600000,0x0000000e2f700000) (1024K)]


Current CompileTask:
C2:165264 14547       4       org.jetbrains.kotlin.cli.jvm.index.JvmDependenciesIndexImpl::searchClasses (520 bytes)

Stack: [0x0000000e2f600000,0x0000000e2f700000]
Native frames: (J=compiled Java code, j=interpreted, Vv=VM code, C=native code)
V  [jvm.dll+0x6d78a9]
V  [jvm.dll+0x8665b3]
V  [jvm.dll+0x868bde]
V  [jvm.dll+0x8692c3]
V  [jvm.dll+0x280ee6]
V  [jvm.dll+0xc07cd]
V  [jvm.dll+0xc0d03]
V  [jvm.dll+0x3ba0cb]
V  [jvm.dll+0x1dfe64]
V  [jvm.dll+0x249d24]
V  [jvm.dll+0x2491a1]
V  [jvm.dll+0x1c76e4]
V  [jvm.dll+0x25891e]
V  [jvm.dll+0x256e66]
V  [jvm.dll+0x3f513e]
V  [jvm.dll+0x80fd28]
V  [jvm.dll+0x6d60fd]
C  [ucrtbase.dll+0x37b0]
C  [KERNEL32.DLL+0x2e957]
C  [ntdll.dll+0x427c]


---------------  P R O C E S S  ---------------

Threads class SMR info:
_java_thread_list=0x00000115421822e0, length=45, elements={
0x000001150803f600, 0x0000011523042fb0, 0x0000011523045df0, 0x0000011523046850,
0x000001152307a750, 0x000001152307adc0, 0x00000115230807b0, 0x00000115230853b0,
0x000001152308c990, 0x000001152308d430, 0x00000115233852f0, 0x00000115259e6470,
0x0000011525cf6940, 0x0000011523271590, 0x0000011524d4f0e0, 0x0000011525ddb4c0,
0x0000011525dec7c0, 0x0000011524d4f750, 0x0000011525fe6e10, 0x0000011525fe74a0,
0x0000011525fe7b30, 0x0000011525fe81c0, 0x0000011525fea290, 0x0000011525fe9c00,
0x00000115272315c0, 0x0000011527233d20, 0x0000011527231c50, 0x0000011527233690,
0x00000115272322e0, 0x00000115272343b0, 0x0000011527236b10, 0x0000011527237830,
0x00000115272350d0, 0x0000011527234a40, 0x0000011527235760, 0x00000115272f53d0,
0x00000115272f3300, 0x00000115272f5a60, 0x00000115272f3990, 0x00000115272f46b0,
0x000001152929b430, 0x000001152929c150, 0x000001152929ce70, 0x00000115422c9370,
0x00000115422c9a00
}

Java Threads: ( => current thread )
  0x000001150803f600 JavaThread "main"                              [_thread_blocked, id=7316, stack(0x0000000e2e700000,0x0000000e2e800000) (1024K)]
  0x0000011523042fb0 JavaThread "Common-Cleaner"             daemon [_thread_blocked, id=6004, stack(0x0000000e2ef00000,0x0000000e2f000000) (1024K)]
  0x0000011523045df0 JavaThread "Reference Handler"          daemon [_thread_blocked, id=1292, stack(0x0000000e2f000000,0x0000000e2f100000) (1024K)]
  0x0000011523046850 JavaThread "Finalizer"                  daemon [_thread_blocked, id=6948, stack(0x0000000e2f100000,0x0000000e2f200000) (1024K)]
  0x000001152307a750 JavaThread "Signal Dispatcher"          daemon [_thread_blocked, id=12948, stack(0x0000000e2f200000,0x0000000e2f300000) (1024K)]
  0x000001152307adc0 JavaThread "Attach Listener"            daemon [_thread_blocked, id=12392, stack(0x0000000e2f300000,0x0000000e2f400000) (1024K)]
  0x00000115230807b0 JavaThread "Service Thread"             daemon [_thread_blocked, id=17060, stack(0x0000000e2f400000,0x0000000e2f500000) (1024K)]
  0x00000115230853b0 JavaThread "Monitor Deflation Thread"   daemon [_thread_blocked, id=14196, stack(0x0000000e2f500000,0x0000000e2f600000) (1024K)]
=>0x000001152308c990 JavaThread "C2 CompilerThread0"         daemon [_thread_in_native, id=16612, stack(0x0000000e2f600000,0x0000000e2f700000) (1024K)]
  0x000001152308d430 JavaThread "C1 CompilerThread0"         daemon [_thread_blocked, id=15904, stack(0x0000000e2f700000,0x0000000e2f800000) (1024K)]
  0x00000115233852f0 JavaThread "Notification Thread"        daemon [_thread_blocked, id=9264, stack(0x0000000e2f800000,0x0000000e2f900000) (1024K)]
  0x00000115259e6470 JavaThread "Daemon health stats"               [_thread_blocked, id=10932, stack(0x0000000e2fc00000,0x0000000e2fd00000) (1024K)]
  0x0000011525cf6940 JavaThread "Incoming local TCP Connector on port 58842"        [_thread_in_native, id=17120, stack(0x0000000e2fd00000,0x0000000e2fe00000) (1024K)]
  0x0000011523271590 JavaThread "Daemon periodic checks"            [_thread_blocked, id=11740, stack(0x0000000e2fe00000,0x0000000e2ff00000) (1024K)]
  0x0000011524d4f0e0 JavaThread "Daemon"                            [_thread_blocked, id=14056, stack(0x0000000e2ff00000,0x0000000e30000000) (1024K)]
  0x0000011525ddb4c0 JavaThread "Handler for socket connection from /127.0.0.1:58842 to /127.0.0.1:58845"        [_thread_in_native, id=6108, stack(0x0000000e30000000,0x0000000e30100000) (1024K)]
  0x0000011525dec7c0 JavaThread "Cancel handler"                    [_thread_blocked, id=12016, stack(0x0000000e30100000,0x0000000e30200000) (1024K)]
  0x0000011524d4f750 JavaThread "Daemon worker"                     [_thread_in_Java, id=11148, stack(0x0000000e30200000,0x0000000e30300000) (1024K)]
  0x0000011525fe6e10 JavaThread "Asynchronous log dispatcher for DefaultDaemonConnection: socket connection from /127.0.0.1:58842 to /127.0.0.1:58845"        [_thread_blocked, id=15412, stack(0x0000000e30300000,0x0000000e30400000) (1024K)]
  0x0000011525fe74a0 JavaThread "Stdin handler"                     [_thread_blocked, id=11816, stack(0x0000000e30400000,0x0000000e30500000) (1024K)]
  0x0000011525fe7b30 JavaThread "Daemon client event forwarder"        [_thread_blocked, id=6088, stack(0x0000000e30500000,0x0000000e30600000) (1024K)]
  0x0000011525fe81c0 JavaThread "Cache worker for journal cache (C:\Users\hcxys\.gradle\caches\journal-1)"        [_thread_blocked, id=14644, stack(0x0000000e30600000,0x0000000e30700000) (1024K)]
  0x0000011525fea290 JavaThread "File lock request listener"        [_thread_in_native, id=7052, stack(0x0000000e30700000,0x0000000e30800000) (1024K)]
  0x0000011525fe9c00 JavaThread "Cache worker for file hash cache (C:\Users\hcxys\.gradle\caches\9.4.1\fileHashes)"        [_thread_blocked, id=14756, stack(0x0000000e30800000,0x0000000e30900000) (1024K)]
  0x00000115272315c0 JavaThread "Cache worker for file hash cache (C:\Users\hcxys\AndroidStudioProjects\MyApplication\.gradle\9.4.1\fileHashes)"        [_thread_blocked, id=6780, stack(0x0000000e30900000,0x0000000e30a00000) (1024K)]
  0x0000011527233d20 JavaThread "Cache worker for Build Output Cleanup Cache (C:\Users\hcxys\AndroidStudioProjects\MyApplication\.gradle\buildOutputCleanup)"        [_thread_blocked, id=11128, stack(0x0000000e30a00000,0x0000000e30b00000) (1024K)]
  0x0000011527231c50 JavaThread "File watcher server"        daemon [_thread_in_native, id=6456, stack(0x0000000e30b00000,0x0000000e30c00000) (1024K)]
  0x0000011527233690 JavaThread "File watcher consumer"      daemon [_thread_blocked, id=17172, stack(0x0000000e30c00000,0x0000000e30d00000) (1024K)]
  0x00000115272322e0 JavaThread "Cache worker for file content cache (C:\Users\hcxys\.gradle\caches\9.4.1\fileContent)"        [_thread_blocked, id=6852, stack(0x0000000e30d00000,0x0000000e30e00000) (1024K)]
  0x00000115272343b0 JavaThread "Cache worker for checksums cache (C:\Users\hcxys\AndroidStudioProjects\MyApplication\.gradle\9.4.1\checksums)"        [_thread_blocked, id=12828, stack(0x0000000e30e00000,0x0000000e30f00000) (1024K)]
  0x0000011527236b10 JavaThread "Cache worker for cache directory md-supplier (C:\Users\hcxys\.gradle\caches\9.4.1\md-supplier)"        [_thread_blocked, id=13264, stack(0x0000000e30f00000,0x0000000e31000000) (1024K)]
  0x0000011527237830 JavaThread "Cache worker for cache directory md-rule (C:\Users\hcxys\.gradle\caches\9.4.1\md-rule)"        [_thread_blocked, id=9444, stack(0x0000000e31000000,0x0000000e31100000) (1024K)]
  0x00000115272350d0 JavaThread "jar transforms"                    [_thread_blocked, id=16032, stack(0x0000000e31100000,0x0000000e31200000) (1024K)]
  0x0000011527234a40 JavaThread "jar transforms Thread 2"           [_thread_blocked, id=9908, stack(0x0000000e31200000,0x0000000e31300000) (1024K)]
  0x0000011527235760 JavaThread "jar transforms Thread 3"           [_thread_blocked, id=11952, stack(0x0000000e31300000,0x0000000e31400000) (1024K)]
  0x00000115272f53d0 JavaThread "jar transforms Thread 4"           [_thread_blocked, id=14484, stack(0x0000000e31400000,0x0000000e31500000) (1024K)]
  0x00000115272f3300 JavaThread "Build operations"                  [_thread_blocked, id=11324, stack(0x0000000e31500000,0x0000000e31600000) (1024K)]
  0x00000115272f5a60 JavaThread "Build operations Thread 2"         [_thread_blocked, id=2320, stack(0x0000000e31600000,0x0000000e31700000) (1024K)]
  0x00000115272f3990 JavaThread "Build operations Thread 3"         [_thread_blocked, id=17136, stack(0x0000000e31700000,0x0000000e31800000) (1024K)]
  0x00000115272f46b0 JavaThread "Build operations Thread 4"         [_thread_blocked, id=13656, stack(0x0000000e31800000,0x0000000e31900000) (1024K)]
  0x000001152929b430 JavaThread "build event listener"              [_thread_blocked, id=4216, stack(0x0000000e2e400000,0x0000000e2e500000) (1024K)]
  0x000001152929c150 JavaThread "Memory manager"                    [_thread_blocked, id=16852, stack(0x0000000e2e500000,0x0000000e2e600000) (1024K)]
  0x000001152929ce70 JavaThread "build event listener"              [_thread_blocked, id=7716, stack(0x0000000e31900000,0x0000000e31a00000) (1024K)]
  0x00000115422c9370 JavaThread "Kotlin DSL Writer"                 [_thread_blocked, id=16544, stack(0x0000000e2e600000,0x0000000e2e700000) (1024K)]
  0x00000115422c9a00 JavaThread "pool-2-thread-1"                   [_thread_blocked, id=5080, stack(0x0000000e31a00000,0x0000000e31b00000) (1024K)]
Total: 45

Other Threads:
  0x000001151ee654f0 VMThread "VM Thread"                           [id=13212, stack(0x0000000e2ee00000,0x0000000e2ef00000) (1024K)]
  0x000001151edffec0 WatcherThread "VM Periodic Task Thread"        [id=3472, stack(0x0000000e2ed00000,0x0000000e2ee00000) (1024K)]
  0x0000011508096010 WorkerThread "GC Thread#0"                     [id=11564, stack(0x0000000e2e800000,0x0000000e2e900000) (1024K)]
  0x00000115235c3010 WorkerThread "GC Thread#1"                     [id=13504, stack(0x0000000e2f900000,0x0000000e2fa00000) (1024K)]
  0x00000115236f81a0 WorkerThread "GC Thread#2"                     [id=6452, stack(0x0000000e2fa00000,0x0000000e2fb00000) (1024K)]
  0x00000115241e86a0 WorkerThread "GC Thread#3"                     [id=16652, stack(0x0000000e2fb00000,0x0000000e2fc00000) (1024K)]
  0x0000011505cbe910 ConcurrentGCThread "G1 Main Marker"            [id=17080, stack(0x0000000e2e900000,0x0000000e2ea00000) (1024K)]
  0x00000115080a70a0 WorkerThread "G1 Conc#0"                       [id=1760, stack(0x0000000e2ea00000,0x0000000e2eb00000) (1024K)]
  0x00000115080ce860 ConcurrentGCThread "G1 Refine#0"               [id=16596, stack(0x0000000e2eb00000,0x0000000e2ec00000) (1024K)]
  0x000001151ecd3520 ConcurrentGCThread "G1 Service"                [id=5000, stack(0x0000000e2ec00000,0x0000000e2ed00000) (1024K)]
Total: 10

Threads with active compile tasks:
C2 CompilerThread0  165456 14547       4       org.jetbrains.kotlin.cli.jvm.index.JvmDependenciesIndexImpl::searchClasses (520 bytes)
C1 CompilerThread0  165456 14676       3       org.jetbrains.kotlin.fir.deserialization.PackagePartsCacheData::topLevelPropertyNameIndex_delegate$lambda$0 (209 bytes)
Total: 2

VM state: not at safepoint (normal execution)

VM Mutex/Monitor currently owned by a thread: None

Heap address: 0x0000000080000000, size: 2048 MB, Compressed Oops mode: 32-bit

CDS archive(s) not mapped
Compressed class space mapped at: 0x0000000100000000-0x0000000140000000, reserved size: 1073741824
Narrow klass base: 0x0000000000000000, Narrow klass shift: 3, Narrow klass range: 0x140000000

GC Precious Log:
 CardTable entry size: 512
 Card Set container configuration: InlinePtr #cards 5 size 8 Array Of Cards #cards 12 size 40 Howl #buckets 4 coarsen threshold 1843 Howl Bitmap #cards 512 size 80 coarsen threshold 460 Card regions per heap region 1 cards per card region 2048
 CPUs: 4 total, 4 available
 Memory: 3751M
 Large Page Support: Disabled
 NUMA Support: Disabled
 Compressed Oops: Enabled (32-bit)
 Heap Region Size: 1M
 Heap Min Capacity: 8M
 Heap Initial Capacity: 60M
 Heap Max Capacity: 2G
 Pre-touch: Disabled
 Parallel Workers: 4
 Concurrent Workers: 1
 Concurrent Refinement Workers: 4
 Periodic GC: Disabled

Heap:
 garbage-first heap   total 250880K, used 184320K [0x0000000080000000, 0x0000000100000000)
  region size 1024K, 48 young (49152K), 13 survivors (13312K)
 Metaspace       used 158710K, committed 160960K, reserved 1245184K
  class space    used 20947K, committed 22016K, reserved 1048576K

Heap Regions: E=young(eden), S=young(survivor), O=old, HS=humongous(starts), HC=humongous(continues), CS=collection set, F=free, TAMS=top-at-mark-start, PB=parsable bottom
|   0|0x0000000080000000, 0x0000000080100000, 0x0000000080100000|100%|HS|  |TAMS 0x0000000080000000| PB 0x0000000080000000| Complete 
|   1|0x0000000080100000, 0x0000000080200000, 0x0000000080200000|100%|HC|  |TAMS 0x0000000080100000| PB 0x0000000080100000| Complete 
|   2|0x0000000080200000, 0x0000000080300000, 0x0000000080300000|100%|HC|  |TAMS 0x0000000080200000| PB 0x0000000080200000| Complete 
|   3|0x0000000080300000, 0x0000000080400000, 0x0000000080400000|100%|HC|  |TAMS 0x0000000080300000| PB 0x0000000080300000| Complete 
|   4|0x0000000080400000, 0x0000000080500000, 0x0000000080500000|100%| O|  |TAMS 0x0000000080400000| PB 0x0000000080400000| Untracked 
|   5|0x0000000080500000, 0x0000000080600000, 0x0000000080600000|100%| O|  |TAMS 0x0000000080500000| PB 0x0000000080500000| Untracked 
|   6|0x0000000080600000, 0x0000000080700000, 0x0000000080700000|100%| O|  |TAMS 0x0000000080600000| PB 0x0000000080600000| Untracked 
|   7|0x0000000080700000, 0x0000000080800000, 0x0000000080800000|100%| O|  |TAMS 0x0000000080700000| PB 0x0000000080700000| Untracked 
|   8|0x0000000080800000, 0x0000000080900000, 0x0000000080900000|100%|HS|  |TAMS 0x0000000080800000| PB 0x0000000080800000| Complete 
|   9|0x0000000080900000, 0x0000000080a00000, 0x0000000080a00000|100%| O|  |TAMS 0x0000000080900000| PB 0x0000000080900000| Untracked 
|  10|0x0000000080a00000, 0x0000000080b00000, 0x0000000080b00000|100%| O|  |TAMS 0x0000000080a00000| PB 0x0000000080a00000| Untracked 
|  11|0x0000000080b00000, 0x0000000080c00000, 0x0000000080c00000|100%| O|  |TAMS 0x0000000080b00000| PB 0x0000000080b00000| Untracked 
|  12|0x0000000080c00000, 0x0000000080d00000, 0x0000000080d00000|100%| O|  |TAMS 0x0000000080c00000| PB 0x0000000080c00000| Untracked 
|  13|0x0000000080d00000, 0x0000000080e00000, 0x0000000080e00000|100%| O|  |TAMS 0x0000000080d00000| PB 0x0000000080d00000| Untracked 
|  14|0x0000000080e00000, 0x0000000080f00000, 0x0000000080f00000|100%| O|  |TAMS 0x0000000080e00000| PB 0x0000000080e00000| Untracked 
|  15|0x0000000080f00000, 0x0000000081000000, 0x0000000081000000|100%| O|  |TAMS 0x0000000080f00000| PB 0x0000000080f00000| Untracked 
|  16|0x0000000081000000, 0x0000000081100000, 0x0000000081100000|100%| O|  |TAMS 0x0000000081000000| PB 0x0000000081000000| Untracked 
|  17|0x0000000081100000, 0x0000000081200000, 0x0000000081200000|100%| O|  |TAMS 0x0000000081100000| PB 0x0000000081100000| Untracked 
|  18|0x0000000081200000, 0x0000000081300000, 0x0000000081300000|100%| O|  |TAMS 0x0000000081200000| PB 0x0000000081200000| Untracked 
|  19|0x0000000081300000, 0x0000000081400000, 0x0000000081400000|100%| O|  |TAMS 0x0000000081300000| PB 0x0000000081300000| Untracked 
|  20|0x0000000081400000, 0x0000000081500000, 0x0000000081500000|100%| O|  |TAMS 0x0000000081400000| PB 0x0000000081400000| Untracked 
|  21|0x0000000081500000, 0x0000000081600000, 0x0000000081600000|100%| O|  |TAMS 0x0000000081500000| PB 0x0000000081500000| Untracked 
|  22|0x0000000081600000, 0x0000000081700000, 0x0000000081700000|100%| O|  |TAMS 0x0000000081600000| PB 0x0000000081600000| Untracked 
|  23|0x0000000081700000, 0x0000000081800000, 0x0000000081800000|100%| O|  |TAMS 0x0000000081700000| PB 0x0000000081700000| Untracked 
|  24|0x0000000081800000, 0x0000000081900000, 0x0000000081900000|100%| O|  |TAMS 0x0000000081800000| PB 0x0000000081800000| Untracked 
|  25|0x0000000081900000, 0x0000000081a00000, 0x0000000081a00000|100%| O|  |TAMS 0x0000000081900000| PB 0x0000000081900000| Untracked 
|  26|0x0000000081a00000, 0x0000000081b00000, 0x0000000081b00000|100%| O|  |TAMS 0x0000000081a00000| PB 0x0000000081a00000| Untracked 
|  27|0x0000000081b00000, 0x0000000081c00000, 0x0000000081c00000|100%| O|  |TAMS 0x0000000081b00000| PB 0x0000000081b00000| Untracked 
|  28|0x0000000081c00000, 0x0000000081d00000, 0x0000000081d00000|100%| O|  |TAMS 0x0000000081c00000| PB 0x0000000081c00000| Untracked 
|  29|0x0000000081d00000, 0x0000000081e00000, 0x0000000081e00000|100%| O|  |TAMS 0x0000000081d00000| PB 0x0000000081d00000| Untracked 
|  30|0x0000000081e00000, 0x0000000081f00000, 0x0000000081f00000|100%| O|  |TAMS 0x0000000081e00000| PB 0x0000000081e00000| Untracked 
|  31|0x0000000081f00000, 0x0000000082000000, 0x0000000082000000|100%| O|  |TAMS 0x0000000081f00000| PB 0x0000000081f00000| Untracked 
|  32|0x0000000082000000, 0x0000000082100000, 0x0000000082100000|100%| O|  |TAMS 0x0000000082000000| PB 0x0000000082000000| Untracked 
|  33|0x0000000082100000, 0x0000000082200000, 0x0000000082200000|100%|HS|  |TAMS 0x0000000082100000| PB 0x0000000082100000| Complete 
|  34|0x0000000082200000, 0x0000000082300000, 0x0000000082300000|100%|HC|  |TAMS 0x0000000082200000| PB 0x0000000082200000| Complete 
|  35|0x0000000082300000, 0x0000000082400000, 0x0000000082400000|100%| O|  |TAMS 0x0000000082300000| PB 0x0000000082300000| Untracked 
|  36|0x0000000082400000, 0x0000000082500000, 0x0000000082500000|100%| O|  |TAMS 0x0000000082400000| PB 0x0000000082400000| Untracked 
|  37|0x0000000082500000, 0x0000000082600000, 0x0000000082600000|100%| O|  |TAMS 0x0000000082500000| PB 0x0000000082500000| Untracked 
|  38|0x0000000082600000, 0x0000000082700000, 0x0000000082700000|100%| O|  |TAMS 0x0000000082600000| PB 0x0000000082600000| Untracked 
|  39|0x0000000082700000, 0x0000000082800000, 0x0000000082800000|100%| O|  |TAMS 0x0000000082700000| PB 0x0000000082700000| Untracked 
|  40|0x0000000082800000, 0x0000000082900000, 0x0000000082900000|100%| O|  |TAMS 0x0000000082800000| PB 0x0000000082800000| Untracked 
|  41|0x0000000082900000, 0x0000000082a00000, 0x0000000082a00000|100%| O|  |TAMS 0x0000000082900000| PB 0x0000000082900000| Untracked 
|  42|0x0000000082a00000, 0x0000000082b00000, 0x0000000082b00000|100%| O|  |TAMS 0x0000000082a00000| PB 0x0000000082a00000| Untracked 
|  43|0x0000000082b00000, 0x0000000082c00000, 0x0000000082c00000|100%| O|  |TAMS 0x0000000082b00000| PB 0x0000000082b00000| Untracked 
|  44|0x0000000082c00000, 0x0000000082d00000, 0x0000000082d00000|100%| O|  |TAMS 0x0000000082c00000| PB 0x0000000082c00000| Untracked 
|  45|0x0000000082d00000, 0x0000000082e00000, 0x0000000082e00000|100%| O|  |TAMS 0x0000000082d00000| PB 0x0000000082d00000| Untracked 
|  46|0x0000000082e00000, 0x0000000082f00000, 0x0000000082f00000|100%| O|  |TAMS 0x0000000082e00000| PB 0x0000000082e00000| Untracked 
|  47|0x0000000082f00000, 0x0000000083000000, 0x0000000083000000|100%| O|  |TAMS 0x0000000082f00000| PB 0x0000000082f00000| Untracked 
|  48|0x0000000083000000, 0x0000000083100000, 0x0000000083100000|100%|HS|  |TAMS 0x0000000083000000| PB 0x0000000083000000| Complete 
|  49|0x0000000083100000, 0x0000000083200000, 0x0000000083200000|100%| O|  |TAMS 0x0000000083100000| PB 0x0000000083100000| Untracked 
|  50|0x0000000083200000, 0x0000000083300000, 0x0000000083300000|100%| O|  |TAMS 0x0000000083200000| PB 0x0000000083200000| Untracked 
|  51|0x0000000083300000, 0x0000000083400000, 0x0000000083400000|100%| O|  |TAMS 0x0000000083300000| PB 0x0000000083300000| Untracked 
|  52|0x0000000083400000, 0x0000000083500000, 0x0000000083500000|100%| O|  |TAMS 0x0000000083400000| PB 0x0000000083400000| Untracked 
|  53|0x0000000083500000, 0x0000000083600000, 0x0000000083600000|100%| O|  |TAMS 0x0000000083500000| PB 0x0000000083500000| Untracked 
|  54|0x0000000083600000, 0x0000000083700000, 0x0000000083700000|100%| O|  |TAMS 0x0000000083600000| PB 0x0000000083600000| Untracked 
|  55|0x0000000083700000, 0x0000000083800000, 0x0000000083800000|100%| O|  |TAMS 0x0000000083700000| PB 0x0000000083700000| Untracked 
|  56|0x0000000083800000, 0x0000000083900000, 0x0000000083900000|100%| O|  |TAMS 0x0000000083800000| PB 0x0000000083800000| Untracked 
|  57|0x0000000083900000, 0x0000000083a00000, 0x0000000083a00000|100%| O|  |TAMS 0x0000000083900000| PB 0x0000000083900000| Untracked 
|  58|0x0000000083a00000, 0x0000000083b00000, 0x0000000083b00000|100%| O|  |TAMS 0x0000000083a00000| PB 0x0000000083a00000| Untracked 
|  59|0x0000000083b00000, 0x0000000083c00000, 0x0000000083c00000|100%| O|  |TAMS 0x0000000083b00000| PB 0x0000000083b00000| Untracked 
|  60|0x0000000083c00000, 0x0000000083d00000, 0x0000000083d00000|100%| O|  |TAMS 0x0000000083c00000| PB 0x0000000083c00000| Untracked 
|  61|0x0000000083d00000, 0x0000000083e00000, 0x0000000083e00000|100%| O|  |TAMS 0x0000000083d00000| PB 0x0000000083d00000| Untracked 
|  62|0x0000000083e00000, 0x0000000083f00000, 0x0000000083f00000|100%| O|  |TAMS 0x0000000083e00000| PB 0x0000000083e00000| Untracked 
|  63|0x0000000083f00000, 0x0000000084000000, 0x0000000084000000|100%| O|  |TAMS 0x0000000083f00000| PB 0x0000000083f00000| Untracked 
|  64|0x0000000084000000, 0x0000000084100000, 0x0000000084100000|100%|HS|  |TAMS 0x0000000084000000| PB 0x0000000084000000| Complete 
|  65|0x0000000084100000, 0x0000000084200000, 0x0000000084200000|100%| O|  |TAMS 0x0000000084100000| PB 0x0000000084100000| Untracked 
|  66|0x0000000084200000, 0x0000000084300000, 0x0000000084300000|100%| O|  |TAMS 0x0000000084200000| PB 0x0000000084200000| Untracked 
|  67|0x0000000084300000, 0x0000000084400000, 0x0000000084400000|100%| O|  |TAMS 0x0000000084300000| PB 0x0000000084300000| Untracked 
|  68|0x0000000084400000, 0x0000000084500000, 0x0000000084500000|100%|HS|  |TAMS 0x0000000084400000| PB 0x0000000084400000| Complete 
|  69|0x0000000084500000, 0x0000000084600000, 0x0000000084600000|100%| O|  |TAMS 0x0000000084500000| PB 0x0000000084500000| Untracked 
|  70|0x0000000084600000, 0x0000000084700000, 0x0000000084700000|100%| O|  |TAMS 0x0000000084600000| PB 0x0000000084600000| Untracked 
|  71|0x0000000084700000, 0x0000000084800000, 0x0000000084800000|100%| O|  |TAMS 0x0000000084700000| PB 0x0000000084700000| Untracked 
|  72|0x0000000084800000, 0x0000000084900000, 0x0000000084900000|100%| O|  |TAMS 0x0000000084800000| PB 0x0000000084800000| Untracked 
|  73|0x0000000084900000, 0x0000000084900000, 0x0000000084a00000|  0%| F|  |TAMS 0x0000000084900000| PB 0x0000000084900000| Untracked 
|  74|0x0000000084a00000, 0x0000000084b00000, 0x0000000084b00000|100%| O|  |TAMS 0x0000000084a00000| PB 0x0000000084a00000| Untracked 
|  75|0x0000000084b00000, 0x0000000084b00000, 0x0000000084c00000|  0%| F|  |TAMS 0x0000000084b00000| PB 0x0000000084b00000| Untracked 
|  76|0x0000000084c00000, 0x0000000084c00000, 0x0000000084d00000|  0%| F|  |TAMS 0x0000000084c00000| PB 0x0000000084c00000| Untracked 
|  77|0x0000000084d00000, 0x0000000084e00000, 0x0000000084e00000|100%| O|  |TAMS 0x0000000084d00000| PB 0x0000000084d00000| Untracked 
|  78|0x0000000084e00000, 0x0000000084f00000, 0x0000000084f00000|100%| O|  |TAMS 0x0000000084e00000| PB 0x0000000084e00000| Untracked 
|  79|0x0000000084f00000, 0x0000000085000000, 0x0000000085000000|100%| O|  |TAMS 0x0000000084f00000| PB 0x0000000084f00000| Untracked 
|  80|0x0000000085000000, 0x0000000085000000, 0x0000000085100000|  0%| F|  |TAMS 0x0000000085000000| PB 0x0000000085000000| Untracked 
|  81|0x0000000085100000, 0x0000000085100000, 0x0000000085200000|  0%| F|  |TAMS 0x0000000085100000| PB 0x0000000085100000| Untracked 
|  82|0x0000000085200000, 0x0000000085300000, 0x0000000085300000|100%|HS|  |TAMS 0x0000000085200000| PB 0x0000000085200000| Complete 
|  83|0x0000000085300000, 0x0000000085400000, 0x0000000085400000|100%| O|  |TAMS 0x0000000085300000| PB 0x0000000085300000| Untracked 
|  84|0x0000000085400000, 0x0000000085500000, 0x0000000085500000|100%| O|  |TAMS 0x0000000085400000| PB 0x0000000085400000| Untracked 
|  85|0x0000000085500000, 0x0000000085600000, 0x0000000085600000|100%| O|  |TAMS 0x0000000085500000| PB 0x0000000085500000| Untracked 
|  86|0x0000000085600000, 0x0000000085700000, 0x0000000085700000|100%| O|  |TAMS 0x0000000085600000| PB 0x0000000085600000| Untracked 
|  87|0x0000000085700000, 0x0000000085700000, 0x0000000085800000|  0%| F|  |TAMS 0x0000000085700000| PB 0x0000000085700000| Untracked 
|  88|0x0000000085800000, 0x0000000085900000, 0x0000000085900000|100%| O|  |TAMS 0x0000000085800000| PB 0x0000000085800000| Untracked 
|  89|0x0000000085900000, 0x0000000085a00000, 0x0000000085a00000|100%| O|  |TAMS 0x0000000085900000| PB 0x0000000085900000| Untracked 
|  90|0x0000000085a00000, 0x0000000085b00000, 0x0000000085b00000|100%| O|  |TAMS 0x0000000085a00000| PB 0x0000000085a00000| Untracked 
|  91|0x0000000085b00000, 0x0000000085c00000, 0x0000000085c00000|100%| S|CS|TAMS 0x0000000085b00000| PB 0x0000000085b00000| Complete 
|  92|0x0000000085c00000, 0x0000000085d00000, 0x0000000085d00000|100%| O|  |TAMS 0x0000000085c00000| PB 0x0000000085c00000| Untracked 
|  93|0x0000000085d00000, 0x0000000085e00000, 0x0000000085e00000|100%| O|  |TAMS 0x0000000085d00000| PB 0x0000000085d00000| Untracked 
|  94|0x0000000085e00000, 0x0000000085f00000, 0x0000000085f00000|100%| O|  |TAMS 0x0000000085e00000| PB 0x0000000085e00000| Untracked 
|  95|0x0000000085f00000, 0x0000000086000000, 0x0000000086000000|100%| S|CS|TAMS 0x0000000085f00000| PB 0x0000000085f00000| Complete 
|  96|0x0000000086000000, 0x0000000086000000, 0x0000000086100000|  0%| F|  |TAMS 0x0000000086000000| PB 0x0000000086000000| Untracked 
|  97|0x0000000086100000, 0x0000000086200000, 0x0000000086200000|100%| O|  |TAMS 0x0000000086100000| PB 0x0000000086100000| Untracked 
|  98|0x0000000086200000, 0x0000000086300000, 0x0000000086300000|100%| O|  |TAMS 0x0000000086200000| PB 0x0000000086200000| Untracked 
|  99|0x0000000086300000, 0x0000000086400000, 0x0000000086400000|100%| S|CS|TAMS 0x0000000086300000| PB 0x0000000086300000| Complete 
| 100|0x0000000086400000, 0x0000000086400000, 0x0000000086500000|  0%| F|  |TAMS 0x0000000086400000| PB 0x0000000086400000| Untracked 
| 101|0x0000000086500000, 0x0000000086600000, 0x0000000086600000|100%| S|CS|TAMS 0x0000000086500000| PB 0x0000000086500000| Complete 
| 102|0x0000000086600000, 0x0000000086700000, 0x0000000086700000|100%| S|CS|TAMS 0x0000000086600000| PB 0x0000000086600000| Complete 
| 103|0x0000000086700000, 0x0000000086800000, 0x0000000086800000|100%| S|CS|TAMS 0x0000000086700000| PB 0x0000000086700000| Complete 
| 104|0x0000000086800000, 0x0000000086900000, 0x0000000086900000|100%| S|CS|TAMS 0x0000000086800000| PB 0x0000000086800000| Complete 
| 105|0x0000000086900000, 0x0000000086a00000, 0x0000000086a00000|100%|HS|  |TAMS 0x0000000086900000| PB 0x0000000086900000| Complete 
| 106|0x0000000086a00000, 0x0000000086b00000, 0x0000000086b00000|100%| S|CS|TAMS 0x0000000086a00000| PB 0x0000000086a00000| Complete 
| 107|0x0000000086b00000, 0x0000000086c00000, 0x0000000086c00000|100%| S|CS|TAMS 0x0000000086b00000| PB 0x0000000086b00000| Complete 
| 108|0x0000000086c00000, 0x0000000086d00000, 0x0000000086d00000|100%| S|CS|TAMS 0x0000000086c00000| PB 0x0000000086c00000| Complete 
| 109|0x0000000086d00000, 0x0000000086d00000, 0x0000000086e00000|  0%| F|  |TAMS 0x0000000086d00000| PB 0x0000000086d00000| Untracked 
| 110|0x0000000086e00000, 0x0000000086e00000, 0x0000000086f00000|  0%| F|  |TAMS 0x0000000086e00000| PB 0x0000000086e00000| Untracked 
| 111|0x0000000086f00000, 0x0000000087000000, 0x0000000087000000|100%| S|CS|TAMS 0x0000000086f00000| PB 0x0000000086f00000| Complete 
| 112|0x0000000087000000, 0x0000000087100000, 0x0000000087100000|100%| S|CS|TAMS 0x0000000087000000| PB 0x0000000087000000| Complete 
| 113|0x0000000087100000, 0x0000000087200000, 0x0000000087200000|100%| S|CS|TAMS 0x0000000087100000| PB 0x0000000087100000| Complete 
| 114|0x0000000087200000, 0x0000000087200000, 0x0000000087300000|  0%| F|  |TAMS 0x0000000087200000| PB 0x0000000087200000| Untracked 
| 115|0x0000000087300000, 0x0000000087300000, 0x0000000087400000|  0%| F|  |TAMS 0x0000000087300000| PB 0x0000000087300000| Untracked 
| 116|0x0000000087400000, 0x0000000087500000, 0x0000000087500000|100%| O|  |TAMS 0x0000000087400000| PB 0x0000000087400000| Untracked 
| 117|0x0000000087500000, 0x0000000087600000, 0x0000000087600000|100%|HS|  |TAMS 0x0000000087500000| PB 0x0000000087500000| Complete 
| 118|0x0000000087600000, 0x0000000087700000, 0x0000000087700000|100%|HC|  |TAMS 0x0000000087600000| PB 0x0000000087600000| Complete 
| 119|0x0000000087700000, 0x0000000087800000, 0x0000000087800000|100%|HS|  |TAMS 0x0000000087700000| PB 0x0000000087700000| Complete 
| 120|0x0000000087800000, 0x0000000087900000, 0x0000000087900000|100%| O|  |TAMS 0x0000000087800000| PB 0x0000000087800000| Untracked 
| 121|0x0000000087900000, 0x0000000087a00000, 0x0000000087a00000|100%|HS|  |TAMS 0x0000000087900000| PB 0x0000000087900000| Complete 
| 122|0x0000000087a00000, 0x0000000087b00000, 0x0000000087b00000|100%|HS|  |TAMS 0x0000000087a00000| PB 0x0000000087a00000| Complete 
| 123|0x0000000087b00000, 0x0000000087c00000, 0x0000000087c00000|100%| O|  |TAMS 0x0000000087b00000| PB 0x0000000087b00000| Untracked 
| 124|0x0000000087c00000, 0x0000000087c00000, 0x0000000087d00000|  0%| F|  |TAMS 0x0000000087c00000| PB 0x0000000087c00000| Untracked 
| 125|0x0000000087d00000, 0x0000000087d00000, 0x0000000087e00000|  0%| F|  |TAMS 0x0000000087d00000| PB 0x0000000087d00000| Untracked 
| 126|0x0000000087e00000, 0x0000000087e00000, 0x0000000087f00000|  0%| F|  |TAMS 0x0000000087e00000| PB 0x0000000087e00000| Untracked 
| 127|0x0000000087f00000, 0x0000000087f00000, 0x0000000088000000|  0%| F|  |TAMS 0x0000000087f00000| PB 0x0000000087f00000| Untracked 
| 128|0x0000000088000000, 0x0000000088100000, 0x0000000088100000|100%|HS|  |TAMS 0x0000000088000000| PB 0x0000000088000000| Complete 
| 129|0x0000000088100000, 0x0000000088200000, 0x0000000088200000|100%|HC|  |TAMS 0x0000000088100000| PB 0x0000000088100000| Complete 
| 130|0x0000000088200000, 0x0000000088300000, 0x0000000088300000|100%| O|  |TAMS 0x0000000088200000| PB 0x0000000088200000| Untracked 
| 131|0x0000000088300000, 0x0000000088400000, 0x0000000088400000|100%| O|  |TAMS 0x0000000088300000| PB 0x0000000088300000| Untracked 
| 132|0x0000000088400000, 0x0000000088500000, 0x0000000088500000|100%| O|  |TAMS 0x0000000088400000| PB 0x0000000088400000| Untracked 
| 133|0x0000000088500000, 0x0000000088600000, 0x0000000088600000|100%| O|  |TAMS 0x0000000088500000| PB 0x0000000088500000| Untracked 
| 134|0x0000000088600000, 0x0000000088700000, 0x0000000088700000|100%| O|  |TAMS 0x0000000088600000| PB 0x0000000088600000| Untracked 
| 135|0x0000000088700000, 0x0000000088800000, 0x0000000088800000|100%| O|  |TAMS 0x0000000088700000| PB 0x0000000088700000| Untracked 
| 136|0x0000000088800000, 0x0000000088800000, 0x0000000088900000|  0%| F|  |TAMS 0x0000000088800000| PB 0x0000000088800000| Untracked 
| 137|0x0000000088900000, 0x0000000088900000, 0x0000000088a00000|  0%| F|  |TAMS 0x0000000088900000| PB 0x0000000088900000| Untracked 
| 138|0x0000000088a00000, 0x0000000088a00000, 0x0000000088b00000|  0%| F|  |TAMS 0x0000000088a00000| PB 0x0000000088a00000| Untracked 
| 139|0x0000000088b00000, 0x0000000088b00000, 0x0000000088c00000|  0%| F|  |TAMS 0x0000000088b00000| PB 0x0000000088b00000| Untracked 
| 140|0x0000000088c00000, 0x0000000088c00000, 0x0000000088d00000|  0%| F|  |TAMS 0x0000000088c00000| PB 0x0000000088c00000| Untracked 
| 141|0x0000000088d00000, 0x0000000088d00000, 0x0000000088e00000|  0%| F|  |TAMS 0x0000000088d00000| PB 0x0000000088d00000| Untracked 
| 142|0x0000000088e00000, 0x0000000088e00000, 0x0000000088f00000|  0%| F|  |TAMS 0x0000000088e00000| PB 0x0000000088e00000| Untracked 
| 143|0x0000000088f00000, 0x0000000088f00000, 0x0000000089000000|  0%| F|  |TAMS 0x0000000088f00000| PB 0x0000000088f00000| Untracked 
| 144|0x0000000089000000, 0x0000000089000000, 0x0000000089100000|  0%| F|  |TAMS 0x0000000089000000| PB 0x0000000089000000| Untracked 
| 145|0x0000000089100000, 0x0000000089100000, 0x0000000089200000|  0%| F|  |TAMS 0x0000000089100000| PB 0x0000000089100000| Untracked 
| 146|0x0000000089200000, 0x0000000089200000, 0x0000000089300000|  0%| F|  |TAMS 0x0000000089200000| PB 0x0000000089200000| Untracked 
| 147|0x0000000089300000, 0x0000000089300000, 0x0000000089400000|  0%| F|  |TAMS 0x0000000089300000| PB 0x0000000089300000| Untracked 
| 148|0x0000000089400000, 0x0000000089400000, 0x0000000089500000|  0%| F|  |TAMS 0x0000000089400000| PB 0x0000000089400000| Untracked 
| 149|0x0000000089500000, 0x0000000089500000, 0x0000000089600000|  0%| F|  |TAMS 0x0000000089500000| PB 0x0000000089500000| Untracked 
| 150|0x0000000089600000, 0x0000000089600000, 0x0000000089700000|  0%| F|  |TAMS 0x0000000089600000| PB 0x0000000089600000| Untracked 
| 151|0x0000000089700000, 0x0000000089700000, 0x0000000089800000|  0%| F|  |TAMS 0x0000000089700000| PB 0x0000000089700000| Untracked 
| 152|0x0000000089800000, 0x0000000089800000, 0x0000000089900000|  0%| F|  |TAMS 0x0000000089800000| PB 0x0000000089800000| Untracked 
| 153|0x0000000089900000, 0x0000000089900000, 0x0000000089a00000|  0%| F|  |TAMS 0x0000000089900000| PB 0x0000000089900000| Untracked 
| 154|0x0000000089a00000, 0x0000000089a00000, 0x0000000089b00000|  0%| F|  |TAMS 0x0000000089a00000| PB 0x0000000089a00000| Untracked 
| 155|0x0000000089b00000, 0x0000000089b00000, 0x0000000089c00000|  0%| F|  |TAMS 0x0000000089b00000| PB 0x0000000089b00000| Untracked 
| 156|0x0000000089c00000, 0x0000000089c00000, 0x0000000089d00000|  0%| F|  |TAMS 0x0000000089c00000| PB 0x0000000089c00000| Untracked 
| 157|0x0000000089d00000, 0x0000000089d00000, 0x0000000089e00000|  0%| F|  |TAMS 0x0000000089d00000| PB 0x0000000089d00000| Untracked 
| 158|0x0000000089e00000, 0x0000000089e00000, 0x0000000089f00000|  0%| F|  |TAMS 0x0000000089e00000| PB 0x0000000089e00000| Untracked 
| 159|0x0000000089f00000, 0x0000000089f00000, 0x000000008a000000|  0%| F|  |TAMS 0x0000000089f00000| PB 0x0000000089f00000| Untracked 
| 160|0x000000008a000000, 0x000000008a000000, 0x000000008a100000|  0%| F|  |TAMS 0x000000008a000000| PB 0x000000008a000000| Untracked 
| 161|0x000000008a100000, 0x000000008a100000, 0x000000008a200000|  0%| F|  |TAMS 0x000000008a100000| PB 0x000000008a100000| Untracked 
| 162|0x000000008a200000, 0x000000008a200000, 0x000000008a300000|  0%| F|  |TAMS 0x000000008a200000| PB 0x000000008a200000| Untracked 
| 163|0x000000008a300000, 0x000000008a300000, 0x000000008a400000|  0%| F|  |TAMS 0x000000008a300000| PB 0x000000008a300000| Untracked 
| 164|0x000000008a400000, 0x000000008a400000, 0x000000008a500000|  0%| F|  |TAMS 0x000000008a400000| PB 0x000000008a400000| Untracked 
| 165|0x000000008a500000, 0x000000008a500000, 0x000000008a600000|  0%| F|  |TAMS 0x000000008a500000| PB 0x000000008a500000| Untracked 
| 166|0x000000008a600000, 0x000000008a600000, 0x000000008a700000|  0%| F|  |TAMS 0x000000008a600000| PB 0x000000008a600000| Untracked 
| 167|0x000000008a700000, 0x000000008a700000, 0x000000008a800000|  0%| F|  |TAMS 0x000000008a700000| PB 0x000000008a700000| Untracked 
| 168|0x000000008a800000, 0x000000008a800000, 0x000000008a900000|  0%| F|  |TAMS 0x000000008a800000| PB 0x000000008a800000| Untracked 
| 169|0x000000008a900000, 0x000000008a900000, 0x000000008aa00000|  0%| F|  |TAMS 0x000000008a900000| PB 0x000000008a900000| Untracked 
| 170|0x000000008aa00000, 0x000000008aa00000, 0x000000008ab00000|  0%| F|  |TAMS 0x000000008aa00000| PB 0x000000008aa00000| Untracked 
| 171|0x000000008ab00000, 0x000000008ab00000, 0x000000008ac00000|  0%| F|  |TAMS 0x000000008ab00000| PB 0x000000008ab00000| Untracked 
| 172|0x000000008ac00000, 0x000000008ac00000, 0x000000008ad00000|  0%| F|  |TAMS 0x000000008ac00000| PB 0x000000008ac00000| Untracked 
| 173|0x000000008ad00000, 0x000000008ad00000, 0x000000008ae00000|  0%| F|  |TAMS 0x000000008ad00000| PB 0x000000008ad00000| Untracked 
| 174|0x000000008ae00000, 0x000000008ae00000, 0x000000008af00000|  0%| F|  |TAMS 0x000000008ae00000| PB 0x000000008ae00000| Untracked 
| 175|0x000000008af00000, 0x000000008af00000, 0x000000008b000000|  0%| F|  |TAMS 0x000000008af00000| PB 0x000000008af00000| Untracked 
| 176|0x000000008b000000, 0x000000008b000000, 0x000000008b100000|  0%| F|  |TAMS 0x000000008b000000| PB 0x000000008b000000| Untracked 
| 177|0x000000008b100000, 0x000000008b100000, 0x000000008b200000|  0%| F|  |TAMS 0x000000008b100000| PB 0x000000008b100000| Untracked 
| 178|0x000000008b200000, 0x000000008b200000, 0x000000008b300000|  0%| F|  |TAMS 0x000000008b200000| PB 0x000000008b200000| Untracked 
| 179|0x000000008b300000, 0x000000008b300000, 0x000000008b400000|  0%| F|  |TAMS 0x000000008b300000| PB 0x000000008b300000| Untracked 
| 180|0x000000008b400000, 0x000000008b400000, 0x000000008b500000|  0%| F|  |TAMS 0x000000008b400000| PB 0x000000008b400000| Untracked 
| 181|0x000000008b500000, 0x000000008b500000, 0x000000008b600000|  0%| F|  |TAMS 0x000000008b500000| PB 0x000000008b500000| Untracked 
| 182|0x000000008b600000, 0x000000008b600000, 0x000000008b700000|  0%| F|  |TAMS 0x000000008b600000| PB 0x000000008b600000| Untracked 
| 183|0x000000008b700000, 0x000000008b700000, 0x000000008b800000|  0%| F|  |TAMS 0x000000008b700000| PB 0x000000008b700000| Untracked 
| 184|0x000000008b800000, 0x000000008b900000, 0x000000008b900000|100%| E|  |TAMS 0x000000008b800000| PB 0x000000008b800000| Complete 
| 185|0x000000008b900000, 0x000000008ba00000, 0x000000008ba00000|100%| E|CS|TAMS 0x000000008b900000| PB 0x000000008b900000| Complete 
| 186|0x000000008ba00000, 0x000000008bb00000, 0x000000008bb00000|100%| E|CS|TAMS 0x000000008ba00000| PB 0x000000008ba00000| Complete 
| 187|0x000000008bb00000, 0x000000008bc00000, 0x000000008bc00000|100%| E|CS|TAMS 0x000000008bb00000| PB 0x000000008bb00000| Complete 
| 188|0x000000008bc00000, 0x000000008bd00000, 0x000000008bd00000|100%| E|CS|TAMS 0x000000008bc00000| PB 0x000000008bc00000| Complete 
| 189|0x000000008bd00000, 0x000000008be00000, 0x000000008be00000|100%| E|CS|TAMS 0x000000008bd00000| PB 0x000000008bd00000| Complete 
| 190|0x000000008be00000, 0x000000008bf00000, 0x000000008bf00000|100%| E|CS|TAMS 0x000000008be00000| PB 0x000000008be00000| Complete 
| 191|0x000000008bf00000, 0x000000008c000000, 0x000000008c000000|100%| E|CS|TAMS 0x000000008bf00000| PB 0x000000008bf00000| Complete 
| 192|0x000000008c000000, 0x000000008c100000, 0x000000008c100000|100%| E|CS|TAMS 0x000000008c000000| PB 0x000000008c000000| Complete 
| 193|0x000000008c100000, 0x000000008c200000, 0x000000008c200000|100%| E|CS|TAMS 0x000000008c100000| PB 0x000000008c100000| Complete 
| 194|0x000000008c200000, 0x000000008c300000, 0x000000008c300000|100%| E|CS|TAMS 0x000000008c200000| PB 0x000000008c200000| Complete 
| 195|0x000000008c300000, 0x000000008c400000, 0x000000008c400000|100%| E|CS|TAMS 0x000000008c300000| PB 0x000000008c300000| Complete 
| 196|0x000000008c400000, 0x000000008c500000, 0x000000008c500000|100%| E|CS|TAMS 0x000000008c400000| PB 0x000000008c400000| Complete 
| 197|0x000000008c500000, 0x000000008c600000, 0x000000008c600000|100%| E|CS|TAMS 0x000000008c500000| PB 0x000000008c500000| Complete 
| 198|0x000000008c600000, 0x000000008c700000, 0x000000008c700000|100%| E|CS|TAMS 0x000000008c600000| PB 0x000000008c600000| Complete 
| 199|0x000000008c700000, 0x000000008c800000, 0x000000008c800000|100%| E|CS|TAMS 0x000000008c700000| PB 0x000000008c700000| Complete 
| 200|0x000000008c800000, 0x000000008c900000, 0x000000008c900000|100%| E|CS|TAMS 0x000000008c800000| PB 0x000000008c800000| Complete 
| 201|0x000000008c900000, 0x000000008ca00000, 0x000000008ca00000|100%| E|CS|TAMS 0x000000008c900000| PB 0x000000008c900000| Complete 
| 202|0x000000008ca00000, 0x000000008cb00000, 0x000000008cb00000|100%| E|CS|TAMS 0x000000008ca00000| PB 0x000000008ca00000| Complete 
| 203|0x000000008cb00000, 0x000000008cc00000, 0x000000008cc00000|100%| E|CS|TAMS 0x000000008cb00000| PB 0x000000008cb00000| Complete 
| 204|0x000000008cc00000, 0x000000008cd00000, 0x000000008cd00000|100%| E|CS|TAMS 0x000000008cc00000| PB 0x000000008cc00000| Complete 
| 205|0x000000008cd00000, 0x000000008ce00000, 0x000000008ce00000|100%| E|CS|TAMS 0x000000008cd00000| PB 0x000000008cd00000| Complete 
| 206|0x000000008ce00000, 0x000000008cf00000, 0x000000008cf00000|100%| E|CS|TAMS 0x000000008ce00000| PB 0x000000008ce00000| Complete 
|2010|0x00000000fda00000, 0x00000000fdb00000, 0x00000000fdb00000|100%| O|  |TAMS 0x00000000fda00000| PB 0x00000000fda00000| Untracked 
|2011|0x00000000fdb00000, 0x00000000fdc00000, 0x00000000fdc00000|100%| O|  |TAMS 0x00000000fdb00000| PB 0x00000000fdb00000| Untracked 
|2012|0x00000000fdc00000, 0x00000000fdd00000, 0x00000000fdd00000|100%| O|  |TAMS 0x00000000fdc00000| PB 0x00000000fdc00000| Untracked 
|2013|0x00000000fdd00000, 0x00000000fde00000, 0x00000000fde00000|100%| O|  |TAMS 0x00000000fdd00000| PB 0x00000000fdd00000| Untracked 
|2014|0x00000000fde00000, 0x00000000fdf00000, 0x00000000fdf00000|100%| O|  |TAMS 0x00000000fde00000| PB 0x00000000fde00000| Untracked 
|2015|0x00000000fdf00000, 0x00000000fe000000, 0x00000000fe000000|100%| O|  |TAMS 0x00000000fdf00000| PB 0x00000000fdf00000| Untracked 
|2016|0x00000000fe000000, 0x00000000fe100000, 0x00000000fe100000|100%| O|  |TAMS 0x00000000fe000000| PB 0x00000000fe000000| Untracked 
|2017|0x00000000fe100000, 0x00000000fe200000, 0x00000000fe200000|100%| O|  |TAMS 0x00000000fe100000| PB 0x00000000fe100000| Untracked 
|2018|0x00000000fe200000, 0x00000000fe300000, 0x00000000fe300000|100%| O|  |TAMS 0x00000000fe200000| PB 0x00000000fe200000| Untracked 
|2019|0x00000000fe300000, 0x00000000fe400000, 0x00000000fe400000|100%| O|  |TAMS 0x00000000fe300000| PB 0x00000000fe300000| Untracked 
|2020|0x00000000fe400000, 0x00000000fe500000, 0x00000000fe500000|100%| O|  |TAMS 0x00000000fe400000| PB 0x00000000fe400000| Untracked 
|2021|0x00000000fe500000, 0x00000000fe600000, 0x00000000fe600000|100%| O|  |TAMS 0x00000000fe500000| PB 0x00000000fe500000| Untracked 
|2022|0x00000000fe600000, 0x00000000fe700000, 0x00000000fe700000|100%| O|  |TAMS 0x00000000fe600000| PB 0x00000000fe600000| Untracked 
|2023|0x00000000fe700000, 0x00000000fe800000, 0x00000000fe800000|100%| O|  |TAMS 0x00000000fe700000| PB 0x00000000fe700000| Untracked 
|2024|0x00000000fe800000, 0x00000000fe900000, 0x00000000fe900000|100%| O|  |TAMS 0x00000000fe800000| PB 0x00000000fe800000| Untracked 
|2025|0x00000000fe900000, 0x00000000fea00000, 0x00000000fea00000|100%| O|  |TAMS 0x00000000fe900000| PB 0x00000000fe900000| Untracked 
|2026|0x00000000fea00000, 0x00000000feb00000, 0x00000000feb00000|100%| O|  |TAMS 0x00000000fea00000| PB 0x00000000fea00000| Untracked 
|2027|0x00000000feb00000, 0x00000000fec00000, 0x00000000fec00000|100%| O|  |TAMS 0x00000000feb00000| PB 0x00000000feb00000| Untracked 
|2028|0x00000000fec00000, 0x00000000fed00000, 0x00000000fed00000|100%| O|  |TAMS 0x00000000fec00000| PB 0x00000000fec00000| Untracked 
|2029|0x00000000fed00000, 0x00000000fee00000, 0x00000000fee00000|100%| O|  |TAMS 0x00000000fed00000| PB 0x00000000fed00000| Untracked 
|2030|0x00000000fee00000, 0x00000000fef00000, 0x00000000fef00000|100%| O|  |TAMS 0x00000000fee00000| PB 0x00000000fee00000| Untracked 
|2031|0x00000000fef00000, 0x00000000ff000000, 0x00000000ff000000|100%| O|  |TAMS 0x00000000fef00000| PB 0x00000000fef00000| Untracked 
|2032|0x00000000ff000000, 0x00000000ff100000, 0x00000000ff100000|100%| O|  |TAMS 0x00000000ff000000| PB 0x00000000ff000000| Untracked 
|2033|0x00000000ff100000, 0x00000000ff200000, 0x00000000ff200000|100%| E|CS|TAMS 0x00000000ff100000| PB 0x00000000ff100000| Complete 
|2034|0x00000000ff200000, 0x00000000ff300000, 0x00000000ff300000|100%| E|CS|TAMS 0x00000000ff200000| PB 0x00000000ff200000| Complete 
|2035|0x00000000ff300000, 0x00000000ff400000, 0x00000000ff400000|100%| E|CS|TAMS 0x00000000ff300000| PB 0x00000000ff300000| Complete 
|2036|0x00000000ff400000, 0x00000000ff500000, 0x00000000ff500000|100%| E|CS|TAMS 0x00000000ff400000| PB 0x00000000ff400000| Complete 
|2037|0x00000000ff500000, 0x00000000ff600000, 0x00000000ff600000|100%| E|CS|TAMS 0x00000000ff500000| PB 0x00000000ff500000| Complete 
|2038|0x00000000ff600000, 0x00000000ff700000, 0x00000000ff700000|100%| E|CS|TAMS 0x00000000ff600000| PB 0x00000000ff600000| Complete 
|2039|0x00000000ff700000, 0x00000000ff800000, 0x00000000ff800000|100%| E|CS|TAMS 0x00000000ff700000| PB 0x00000000ff700000| Complete 
|2040|0x00000000ff800000, 0x00000000ff900000, 0x00000000ff900000|100%| E|CS|TAMS 0x00000000ff800000| PB 0x00000000ff800000| Complete 
|2041|0x00000000ff900000, 0x00000000ffa00000, 0x00000000ffa00000|100%| E|CS|TAMS 0x00000000ff900000| PB 0x00000000ff900000| Complete 
|2042|0x00000000ffa00000, 0x00000000ffb00000, 0x00000000ffb00000|100%| E|CS|TAMS 0x00000000ffa00000| PB 0x00000000ffa00000| Complete 
|2043|0x00000000ffb00000, 0x00000000ffc00000, 0x00000000ffc00000|100%| E|CS|TAMS 0x00000000ffb00000| PB 0x00000000ffb00000| Complete 
|2044|0x00000000ffc00000, 0x00000000ffd00000, 0x00000000ffd00000|100%| O|  |TAMS 0x00000000ffc00000| PB 0x00000000ffc00000| Untracked 
|2045|0x00000000ffd00000, 0x00000000ffe00000, 0x00000000ffe00000|100%| O|  |TAMS 0x00000000ffd00000| PB 0x00000000ffd00000| Untracked 
|2046|0x00000000ffe00000, 0x00000000fff00000, 0x00000000fff00000|100%| E|CS|TAMS 0x00000000ffe00000| PB 0x00000000ffe00000| Complete 
|2047|0x00000000fff00000, 0x0000000100000000, 0x0000000100000000|100%| O|  |TAMS 0x00000000fff00000| PB 0x00000000fff00000| Untracked 

Card table byte_map: [0x000001151a570000,0x000001151a970000] _byte_map_base: 0x000001151a170000

Marking Bits: (CMBitMap*) 0x00000115080964d0
 Bits: [0x000001151a970000, 0x000001151c970000)

Polling page: 0x0000011505e40000

Metaspace:

Usage:
  Non-class:    134.54 MB used.
      Class:     20.46 MB used.
       Both:    155.00 MB used.

Virtual space:
  Non-class space:      192.00 MB reserved,     135.69 MB ( 71%) committed,  3 nodes.
      Class space:        1.00 GB reserved,      21.50 MB (  2%) committed,  1 nodes.
             Both:        1.19 GB reserved,     157.19 MB ( 13%) committed. 

Chunk freelists:
   Non-Class:  8.16 MB
       Class:  10.50 MB
        Both:  18.66 MB

MaxMetaspaceSize: unlimited
CompressedClassSpaceSize: 1.00 GB
Initial GC threshold: 21.00 MB
Current GC threshold: 244.06 MB
CDS: off
 - commit_granule_bytes: 65536.
 - commit_granule_words: 8192.
 - virtual_space_node_default_size: 8388608.
 - enlarge_chunks_in_place: 1.
 - use_allocation_guard: 0.


Internal statistics:

num_allocs_failed_limit: 6.
num_arena_births: 4302.
num_arena_deaths: 0.
num_vsnodes_births: 4.
num_vsnodes_deaths: 0.
num_space_committed: 2514.
num_space_uncommitted: 0.
num_chunks_returned_to_freelist: 6.
num_chunks_taken_from_freelist: 10508.
num_chunk_merges: 6.
num_chunk_splits: 7389.
num_chunks_enlarged: 5231.
num_inconsistent_stats: 0.

CodeHeap 'non-profiled nmethods': size=120000Kb used=7442Kb max_used=7442Kb free=112558Kb
 bounds [0x0000011512c40000, 0x0000011513390000, 0x000001151a170000]
CodeHeap 'profiled nmethods': size=120000Kb used=25872Kb max_used=25872Kb free=94127Kb
 bounds [0x000001150b170000, 0x000001150cac0000, 0x00000115126a0000]
CodeHeap 'non-nmethods': size=5760Kb used=2236Kb max_used=2295Kb free=3523Kb
 bounds [0x00000115126a0000, 0x0000011512910000, 0x0000011512c40000]
CodeCache: size=245760Kb, used=35550Kb, max_used=35609Kb, free=210208Kb
 total_blobs=13730, nmethods=12633, adapters=1001, full_count=0
Compilation: enabled, stopped_count=0, restarted_count=0

Compilation events (20 events):
Event: 165.083 Thread 0x000001152308d430 nmethod 14584 0x000001150ca3de10 code [0x000001150ca3dfc0, 0x000001150ca3e1e0]
Event: 165.083 Thread 0x000001152308d430 14585       3       org.jetbrains.kotlin.com.intellij.psi.stubs.StubList::getChildrenCount (12 bytes)
Event: 165.083 Thread 0x000001152308d430 nmethod 14585 0x000001150ca3e310 code [0x000001150ca3e4e0, 0x000001150ca3e808]
Event: 165.083 Thread 0x000001152308d430 14586       1       kotlin.sequences.GeneratorSequence::access$getGetNextValue$p (5 bytes)
Event: 165.083 Thread 0x000001152308d430 nmethod 14586 0x000001151337c110 code [0x000001151337c2a0, 0x000001151337c350]
Event: 165.083 Thread 0x000001152308d430 14587       3       org.jetbrains.kotlin.com.intellij.psi.stubs.MaterialStubList::get (12 bytes)
Event: 165.084 Thread 0x000001152308d430 nmethod 14587 0x000001150ca3ea10 code [0x000001150ca3ebc0, 0x000001150ca3ee70]
Event: 165.084 Thread 0x000001152308d430 14588       3       org.jetbrains.kotlin.com.intellij.psi.impl.PsiManagerImpl::getProject (14 bytes)
Event: 165.084 Thread 0x000001152308d430 nmethod 14588 0x000001150ca3ef90 code [0x000001150ca3f140, 0x000001150ca3f2c0]
Event: 165.091 Thread 0x000001152308d430 14589       3       org.jetbrains.kotlin.com.intellij.psi.stubs.MaterialStubList::size (8 bytes)
Event: 165.091 Thread 0x000001152308d430 nmethod 14589 0x000001150ca3f390 code [0x000001150ca3f540, 0x000001150ca3f710]
Event: 165.095 Thread 0x000001152308d430 14590       1       org.jetbrains.kotlin.metadata.ProtoBuf$Class::getNestedClassNameList (5 bytes)
Event: 165.096 Thread 0x000001152308d430 nmethod 14590 0x000001151337c410 code [0x000001151337c5a0, 0x000001151337c668]
Event: 165.096 Thread 0x000001152308d430 14591       3       org.jetbrains.kotlin.fir.types.TypeConstructionUtilsKt::constructClassLikeType (39 bytes)
Event: 165.097 Thread 0x000001152308d430 nmethod 14591 0x000001150ca3f810 code [0x000001150ca3fbc0, 0x000001150ca40fc8]
Event: 165.101 Thread 0x000001152308d430 14592       3       org.jetbrains.kotlin.fir.declarations.builder.FirRegularClassBuilder::getStatus (17 bytes)
Event: 165.102 Thread 0x000001152308d430 nmethod 14592 0x000001150ca41790 code [0x000001150ca41a40, 0x000001150ca42410]
Event: 165.105 Thread 0x000001152308d430 14593       1       org.jetbrains.kotlin.fir.java.deserialization.JvmBinaryAnnotationDeserializer::access$getAnnotationsLoader$p (5 bytes)
Event: 165.106 Thread 0x000001152308d430 nmethod 14593 0x000001151337c710 code [0x000001151337c8a0, 0x000001151337c950]
Event: 165.107 Thread 0x000001152308d430 14594       3       org.jetbrains.kotlin.fir.deserialization.ClassDeserializationKt::deserializeClassToSymbol (3270 bytes)

GC Heap History (20 events):
Event: 139.984 GC heap before
{Heap before GC invocations=54 (full 0):
 garbage-first heap   total 199680K, used 165478K [0x0000000080000000, 0x0000000100000000)
  region size 1024K, 52 young (53248K), 7 survivors (7168K)
 Metaspace       used 128011K, committed 130048K, reserved 1179648K
  class space    used 17092K, committed 18048K, reserved 1048576K
}
Event: 140.028 GC heap after
{Heap after GC invocations=55 (full 0):
 garbage-first heap   total 199680K, used 128825K [0x0000000080000000, 0x0000000100000000)
  region size 1024K, 7 young (7168K), 7 survivors (7168K)
 Metaspace       used 128011K, committed 130048K, reserved 1179648K
  class space    used 17092K, committed 18048K, reserved 1048576K
}
Event: 146.184 GC heap before
{Heap before GC invocations=55 (full 0):
 garbage-first heap   total 199680K, used 179001K [0x0000000080000000, 0x0000000100000000)
  region size 1024K, 56 young (57344K), 7 survivors (7168K)
 Metaspace       used 134851K, committed 136896K, reserved 1179648K
  class space    used 17889K, committed 18880K, reserved 1048576K
}
Event: 146.217 GC heap after
{Heap after GC invocations=56 (full 0):
 garbage-first heap   total 199680K, used 131624K [0x0000000080000000, 0x0000000100000000)
  region size 1024K, 3 young (3072K), 3 survivors (3072K)
 Metaspace       used 134851K, committed 136896K, reserved 1179648K
  class space    used 17889K, committed 18880K, reserved 1048576K
}
Event: 147.667 GC heap before
{Heap before GC invocations=56 (full 0):
 garbage-first heap   total 199680K, used 132648K [0x0000000080000000, 0x0000000100000000)
  region size 1024K, 5 young (5120K), 3 survivors (3072K)
 Metaspace       used 134922K, committed 137024K, reserved 1179648K
  class space    used 17900K, committed 18880K, reserved 1048576K
}
Event: 147.678 GC heap after
{Heap after GC invocations=57 (full 0):
 garbage-first heap   total 199680K, used 131523K [0x0000000080000000, 0x0000000100000000)
  region size 1024K, 3 young (3072K), 3 survivors (3072K)
 Metaspace       used 134922K, committed 137024K, reserved 1179648K
  class space    used 17900K, committed 18880K, reserved 1048576K
}
Event: 150.285 GC heap before
{Heap before GC invocations=58 (full 0):
 garbage-first heap   total 227328K, used 189891K [0x0000000080000000, 0x0000000100000000)
  region size 1024K, 51 young (52224K), 3 survivors (3072K)
 Metaspace       used 137745K, committed 139840K, reserved 1179648K
  class space    used 18271K, committed 19264K, reserved 1048576K
}
Event: 150.303 GC heap after
{Heap after GC invocations=59 (full 0):
 garbage-first heap   total 227328K, used 149306K [0x0000000080000000, 0x0000000100000000)
  region size 1024K, 7 young (7168K), 7 survivors (7168K)
 Metaspace       used 137745K, committed 139840K, reserved 1179648K
  class space    used 18271K, committed 19264K, reserved 1048576K
}
Event: 152.840 GC heap before
{Heap before GC invocations=59 (full 0):
 garbage-first heap   total 227328K, used 204602K [0x0000000080000000, 0x0000000100000000)
  region size 1024K, 59 young (60416K), 7 survivors (7168K)
 Metaspace       used 142800K, committed 144960K, reserved 1179648K
  class space    used 18953K, committed 19968K, reserved 1048576K
}
Event: 152.851 GC heap after
{Heap after GC invocations=60 (full 0):
 garbage-first heap   total 227328K, used 152746K [0x0000000080000000, 0x0000000100000000)
  region size 1024K, 3 young (3072K), 3 survivors (3072K)
 Metaspace       used 142800K, committed 144960K, reserved 1179648K
  class space    used 18953K, committed 19968K, reserved 1048576K
}
Event: 154.739 GC heap before
{Heap before GC invocations=60 (full 0):
 garbage-first heap   total 227328K, used 205994K [0x0000000080000000, 0x0000000100000000)
  region size 1024K, 55 young (56320K), 3 survivors (3072K)
 Metaspace       used 147584K, committed 149824K, reserved 1179648K
  class space    used 19625K, committed 20672K, reserved 1048576K
}
Event: 154.747 GC heap after
{Heap after GC invocations=61 (full 0):
 garbage-first heap   total 227328K, used 154435K [0x0000000080000000, 0x0000000100000000)
  region size 1024K, 4 young (4096K), 4 survivors (4096K)
 Metaspace       used 147584K, committed 149824K, reserved 1179648K
  class space    used 19625K, committed 20672K, reserved 1048576K
}
Event: 156.364 GC heap before
{Heap before GC invocations=62 (full 0):
 garbage-first heap   total 227328K, used 188227K [0x0000000080000000, 0x0000000100000000)
  region size 1024K, 57 young (58368K), 4 survivors (4096K)
 Metaspace       used 151272K, committed 153536K, reserved 1245184K
  class space    used 20102K, committed 21184K, reserved 1048576K
}
Event: 156.376 GC heap after
{Heap after GC invocations=63 (full 0):
 garbage-first heap   total 227328K, used 134776K [0x0000000080000000, 0x0000000100000000)
  region size 1024K, 8 young (8192K), 8 survivors (8192K)
 Metaspace       used 151272K, committed 153536K, reserved 1245184K
  class space    used 20102K, committed 21184K, reserved 1048576K
}
Event: 158.604 GC heap before
{Heap before GC invocations=63 (full 0):
 garbage-first heap   total 227328K, used 211576K [0x0000000080000000, 0x0000000100000000)
  region size 1024K, 75 young (76800K), 8 survivors (8192K)
 Metaspace       used 156540K, committed 158784K, reserved 1245184K
  class space    used 20750K, committed 21824K, reserved 1048576K
}
Event: 158.623 GC heap after
{Heap after GC invocations=64 (full 0):
 garbage-first heap   total 227328K, used 115909K [0x0000000080000000, 0x0000000100000000)
  region size 1024K, 8 young (8192K), 8 survivors (8192K)
 Metaspace       used 156540K, committed 158784K, reserved 1245184K
  class space    used 20750K, committed 21824K, reserved 1048576K
}
Event: 163.498 GC heap before
{Heap before GC invocations=64 (full 0):
 garbage-first heap   total 227328K, used 204997K [0x0000000080000000, 0x0000000100000000)
  region size 1024K, 95 young (97280K), 8 survivors (8192K)
 Metaspace       used 158028K, committed 160320K, reserved 1245184K
  class space    used 20921K, committed 22016K, reserved 1048576K
}
Event: 163.519 GC heap after
{Heap after GC invocations=65 (full 0):
 garbage-first heap   total 227328K, used 114204K [0x0000000080000000, 0x0000000100000000)
  region size 1024K, 10 young (10240K), 10 survivors (10240K)
 Metaspace       used 158028K, committed 160320K, reserved 1245184K
  class space    used 20921K, committed 22016K, reserved 1048576K
}
Event: 164.459 GC heap before
{Heap before GC invocations=65 (full 0):
 garbage-first heap   total 227328K, used 206364K [0x0000000080000000, 0x0000000100000000)
  region size 1024K, 99 young (101376K), 10 survivors (10240K)
 Metaspace       used 158522K, committed 160768K, reserved 1245184K
  class space    used 20942K, committed 22016K, reserved 1048576K
}
Event: 164.510 GC heap after
{Heap after GC invocations=66 (full 0):
 garbage-first heap   total 250880K, used 149504K [0x0000000080000000, 0x0000000100000000)
  region size 1024K, 13 young (13312K), 13 survivors (13312K)
 Metaspace       used 158522K, committed 160768K, reserved 1245184K
  class space    used 20942K, committed 22016K, reserved 1048576K
}

Dll operation events (3 events):
Event: 0.196 Loaded shared library C:\Program Files\Android\Android Studio\jbr\bin\java.dll
Event: 0.364 Loaded shared library C:\Program Files\Android\Android Studio\jbr\bin\zip.dll
Event: 4.637 Loaded shared library C:\Program Files\Android\Android Studio\jbr\bin\verify.dll

Deoptimization events (20 events):
Event: 164.376 Thread 0x0000011524d4f750 Uncommon trap: trap_request=0xffffff3d fr.pc=0x0000011512d3e508 relative=0x0000000000000068
Event: 164.376 Thread 0x0000011524d4f750 Uncommon trap: reason=unstable_fused_if action=reinterpret pc=0x0000011512d3e508 method=java.lang.CharacterDataLatin1.equalsIgnoreCase(BB)Z @ 16 c2
Event: 164.376 Thread 0x0000011524d4f750 DEOPT PACKING pc=0x0000011512d3e508 sp=0x0000000e302f2fc0
Event: 164.376 Thread 0x0000011524d4f750 DEOPT UNPACKING pc=0x00000115126f43a2 sp=0x0000000e302f2f50 mode 2
Event: 164.431 Thread 0x0000011524d4f750 Uncommon trap: trap_request=0xffffffc6 fr.pc=0x000001151330276c relative=0x00000000000018ac
Event: 164.431 Thread 0x0000011524d4f750 Uncommon trap: reason=bimorphic_or_optimized_type_check action=maybe_recompile pc=0x000001151330276c method=org.jetbrains.org.objectweb.asm.ClassReader.readElementValue(Lorg/jetbrains/org/objectweb/asm/AnnotationVisitor;ILjava/lang/String;[C)I @ 536 c2
Event: 164.431 Thread 0x0000011524d4f750 DEOPT PACKING pc=0x000001151330276c sp=0x0000000e302f3820
Event: 164.431 Thread 0x0000011524d4f750 DEOPT UNPACKING pc=0x00000115126f43a2 sp=0x0000000e302f37b0 mode 2
Event: 164.435 Thread 0x0000011524d4f750 Uncommon trap: trap_request=0xffffffc6 fr.pc=0x000001151330276c relative=0x00000000000018ac
Event: 164.435 Thread 0x0000011524d4f750 Uncommon trap: reason=bimorphic_or_optimized_type_check action=maybe_recompile pc=0x000001151330276c method=org.jetbrains.org.objectweb.asm.ClassReader.readElementValue(Lorg/jetbrains/org/objectweb/asm/AnnotationVisitor;ILjava/lang/String;[C)I @ 536 c2
Event: 164.435 Thread 0x0000011524d4f750 DEOPT PACKING pc=0x000001151330276c sp=0x0000000e302f3820
Event: 164.435 Thread 0x0000011524d4f750 DEOPT UNPACKING pc=0x00000115126f43a2 sp=0x0000000e302f37b0 mode 2
Event: 164.521 Thread 0x0000011524d4f750 Uncommon trap: trap_request=0xffffff6e fr.pc=0x00000115130e2380 relative=0x00000000000009a0
Event: 164.521 Thread 0x0000011524d4f750 Uncommon trap: reason=loop_limit_check action=maybe_recompile pc=0x00000115130e2380 method=org.jetbrains.kotlin.com.intellij.openapi.util.text.StringUtilRt.lastIndexOf(Ljava/lang/CharSequence;CII)I @ 32 c2
Event: 164.521 Thread 0x0000011524d4f750 DEOPT PACKING pc=0x00000115130e2380 sp=0x0000000e302f37a0
Event: 164.521 Thread 0x0000011524d4f750 DEOPT UNPACKING pc=0x00000115126f43a2 sp=0x0000000e302f36e0 mode 2
Event: 164.521 Thread 0x0000011524d4f750 Uncommon trap: trap_request=0xffffff6e fr.pc=0x0000011512e0dd1c relative=0x000000000000033c
Event: 164.521 Thread 0x0000011524d4f750 Uncommon trap: reason=loop_limit_check action=maybe_recompile pc=0x0000011512e0dd1c method=org.jetbrains.kotlin.com.intellij.openapi.util.text.StringUtilRt.lastIndexOf(Ljava/lang/CharSequence;CII)I @ 32 c2
Event: 164.521 Thread 0x0000011524d4f750 DEOPT PACKING pc=0x0000011512e0dd1c sp=0x0000000e302f3740
Event: 164.521 Thread 0x0000011524d4f750 DEOPT UNPACKING pc=0x00000115126f43a2 sp=0x0000000e302f36e0 mode 2

Classes loaded (20 events):
Event: 155.381 Loading class java/util/Base64
Event: 155.382 Loading class java/util/Base64 done
Event: 155.382 Loading class java/util/Base64$Decoder
Event: 155.383 Loading class java/util/Base64$Decoder done
Event: 155.383 Loading class java/util/Base64$Encoder
Event: 155.384 Loading class java/util/Base64$Encoder done
Event: 155.385 Loading class java/util/jar/JarVerifier$VerifierStream
Event: 155.387 Loading class java/util/jar/JarVerifier$VerifierStream done
Event: 155.388 Loading class sun/security/util/ManifestEntryVerifier$SunProviderHolder
Event: 155.388 Loading class sun/security/util/ManifestEntryVerifier$SunProviderHolder done
Event: 156.045 Loading class java/lang/foreign/ValueLayout
Event: 156.046 Loading class java/lang/foreign/MemoryLayout
Event: 156.048 Loading class java/lang/foreign/MemoryLayout done
Event: 156.048 Loading class java/lang/foreign/ValueLayout done
Event: 156.661 Loading class java/security/KeyStore
Event: 156.666 Loading class java/security/KeyStore done
Event: 157.296 Loading class sun/reflect/annotation/AnnotationInvocationHandler$1
Event: 157.297 Loading class sun/reflect/annotation/AnnotationInvocationHandler$1 done
Event: 162.390 Loading class java/lang/reflect/InaccessibleObjectException
Event: 162.392 Loading class java/lang/reflect/InaccessibleObjectException done

Classes unloaded (0 events):
No events

Classes redefined (0 events):
No events

Internal exceptions (20 events):
Event: 162.348 Thread 0x00000115422c9a00 Exception <a 'java/lang/NoSuchMethodError'{0x000000008ad13240}: 'int java.lang.invoke.DirectMethodHandle$Holder.invokeStatic(java.lang.Object, java.lang.Object, int, int)'> (0x000000008ad13240) 
thrown [s\src\hotspot\share\interpreter\linkResolver.cpp, line 784]
Event: 162.970 Thread 0x0000011524d4f750 Exception <a 'sun/nio/fs/WindowsException'{0x000000008968ec78}> (0x000000008968ec78) 
thrown [s\src\hotspot\share\prims\jni.cpp, line 537]
Event: 162.975 Thread 0x0000011524d4f750 Exception <a 'sun/nio/fs/WindowsException'{0x0000000089692f20}> (0x0000000089692f20) 
thrown [s\src\hotspot\share\prims\jni.cpp, line 537]
Event: 162.980 Thread 0x0000011524d4f750 Exception <a 'sun/nio/fs/WindowsException'{0x0000000089699a80}> (0x0000000089699a80) 
thrown [s\src\hotspot\share\prims\jni.cpp, line 537]
Event: 162.986 Thread 0x0000011524d4f750 Exception <a 'sun/nio/fs/WindowsException'{0x00000000896a2f88}> (0x00000000896a2f88) 
thrown [s\src\hotspot\share\prims\jni.cpp, line 537]
Event: 162.987 Thread 0x0000011524d4f750 Exception <a 'sun/nio/fs/WindowsException'{0x00000000896a43b8}> (0x00000000896a43b8) 
thrown [s\src\hotspot\share\prims\jni.cpp, line 537]
Event: 162.987 Thread 0x0000011524d4f750 Exception <a 'sun/nio/fs/WindowsException'{0x00000000896a70a0}> (0x00000000896a70a0) 
thrown [s\src\hotspot\share\prims\jni.cpp, line 537]
Event: 162.988 Thread 0x0000011524d4f750 Exception <a 'sun/nio/fs/WindowsException'{0x00000000896a8688}> (0x00000000896a8688) 
thrown [s\src\hotspot\share\prims\jni.cpp, line 537]
Event: 162.994 Thread 0x0000011524d4f750 Exception <a 'sun/nio/fs/WindowsException'{0x00000000896ac628}> (0x00000000896ac628) 
thrown [s\src\hotspot\share\prims\jni.cpp, line 537]
Event: 162.994 Thread 0x0000011524d4f750 Exception <a 'sun/nio/fs/WindowsException'{0x00000000896adf18}> (0x00000000896adf18) 
thrown [s\src\hotspot\share\prims\jni.cpp, line 537]
Event: 162.994 Thread 0x0000011524d4f750 Exception <a 'sun/nio/fs/WindowsException'{0x00000000896afa20}> (0x00000000896afa20) 
thrown [s\src\hotspot\share\prims\jni.cpp, line 537]
Event: 162.998 Thread 0x0000011524d4f750 Exception <a 'sun/nio/fs/WindowsException'{0x00000000896b1788}> (0x00000000896b1788) 
thrown [s\src\hotspot\share\prims\jni.cpp, line 537]
Event: 163.002 Thread 0x0000011524d4f750 Exception <a 'sun/nio/fs/WindowsException'{0x00000000896b4080}> (0x00000000896b4080) 
thrown [s\src\hotspot\share\prims\jni.cpp, line 537]
Event: 163.003 Thread 0x0000011524d4f750 Exception <a 'sun/nio/fs/WindowsException'{0x00000000896b5938}> (0x00000000896b5938) 
thrown [s\src\hotspot\share\prims\jni.cpp, line 537]
Event: 163.006 Thread 0x0000011524d4f750 Exception <a 'sun/nio/fs/WindowsException'{0x00000000896b8220}> (0x00000000896b8220) 
thrown [s\src\hotspot\share\prims\jni.cpp, line 537]
Event: 163.014 Thread 0x0000011524d4f750 Exception <a 'sun/nio/fs/WindowsException'{0x00000000896be198}> (0x00000000896be198) 
thrown [s\src\hotspot\share\prims\jni.cpp, line 537]
Event: 163.022 Thread 0x0000011524d4f750 Exception <a 'sun/nio/fs/WindowsException'{0x00000000896c0970}> (0x00000000896c0970) 
thrown [s\src\hotspot\share\prims\jni.cpp, line 537]
Event: 163.076 Thread 0x0000011524d4f750 Implicit null exception at 0x0000011513222e5e to 0x0000011513222eaa
Event: 163.129 Thread 0x0000011524d4f750 Exception <a 'sun/nio/fs/WindowsException'{0x0000000089447e70}> (0x0000000089447e70) 
thrown [s\src\hotspot\share\prims\jni.cpp, line 537]
Event: 163.129 Thread 0x0000011524d4f750 Exception <a 'sun/nio/fs/WindowsException'{0x0000000089449a48}> (0x0000000089449a48) 
thrown [s\src\hotspot\share\prims\jni.cpp, line 537]

ZGC Phase Switch (0 events):
No events

VM Operations (20 events):
Event: 156.364 Executing safepoint VM operation: G1CollectForAllocation (G1 Evacuation Pause)
Event: 156.376 Executing safepoint VM operation: G1CollectForAllocation (G1 Evacuation Pause) done
Event: 157.377 Executing safepoint VM operation: Cleanup
Event: 157.377 Executing safepoint VM operation: Cleanup done
Event: 158.377 Executing safepoint VM operation: Cleanup
Event: 158.377 Executing safepoint VM operation: Cleanup done
Event: 158.604 Executing safepoint VM operation: G1CollectForAllocation (G1 Evacuation Pause)
Event: 158.623 Executing safepoint VM operation: G1CollectForAllocation (G1 Evacuation Pause) done
Event: 159.623 Executing safepoint VM operation: Cleanup
Event: 159.623 Executing safepoint VM operation: Cleanup done
Event: 160.623 Executing safepoint VM operation: Cleanup
Event: 160.623 Executing safepoint VM operation: Cleanup done
Event: 161.623 Executing safepoint VM operation: Cleanup
Event: 161.623 Executing safepoint VM operation: Cleanup done
Event: 162.624 Executing safepoint VM operation: Cleanup
Event: 162.624 Executing safepoint VM operation: Cleanup done
Event: 163.498 Executing safepoint VM operation: G1CollectForAllocation (G1 Evacuation Pause)
Event: 163.519 Executing safepoint VM operation: G1CollectForAllocation (G1 Evacuation Pause) done
Event: 164.458 Executing safepoint VM operation: G1CollectForAllocation (G1 Evacuation Pause)
Event: 164.510 Executing safepoint VM operation: G1CollectForAllocation (G1 Evacuation Pause) done

Memory protections (0 events):
No events

Nmethod flushes (20 events):
Event: 154.920 Thread 0x000001151ee654f0 flushing  nmethod 0x000001150b4be290
Event: 154.920 Thread 0x000001151ee654f0 flushing  nmethod 0x000001150b4eda90
Event: 154.920 Thread 0x000001151ee654f0 flushing  nmethod 0x000001150b50ed10
Event: 154.920 Thread 0x000001151ee654f0 flushing  nmethod 0x000001150b50fd90
Event: 154.920 Thread 0x000001151ee654f0 flushing  nmethod 0x000001150b67d710
Event: 154.920 Thread 0x000001151ee654f0 flushing  nmethod 0x000001150b6d9e10
Event: 154.920 Thread 0x000001151ee654f0 flushing  nmethod 0x000001150b9ef390
Event: 154.920 Thread 0x000001151ee654f0 flushing  nmethod 0x000001150ba19110
Event: 154.920 Thread 0x000001151ee654f0 flushing  nmethod 0x000001150ba43410
Event: 154.920 Thread 0x000001151ee654f0 flushing  nmethod 0x000001150bb32710
Event: 154.920 Thread 0x000001151ee654f0 flushing  nmethod 0x000001150bb33d10
Event: 154.920 Thread 0x000001151ee654f0 flushing  nmethod 0x000001150bcdde90
Event: 154.920 Thread 0x000001151ee654f0 flushing  nmethod 0x000001150be07690
Event: 154.920 Thread 0x000001151ee654f0 flushing  nmethod 0x000001150be78a90
Event: 154.920 Thread 0x000001151ee654f0 flushing  nmethod 0x000001150c046390
Event: 154.920 Thread 0x000001151ee654f0 flushing  nmethod 0x000001150c091c10
Event: 154.920 Thread 0x000001151ee654f0 flushing  nmethod 0x000001150c141190
Event: 154.920 Thread 0x000001151ee654f0 flushing  nmethod 0x000001150c14c190
Event: 154.920 Thread 0x000001151ee654f0 flushing  nmethod 0x000001150c17fd90
Event: 154.920 Thread 0x000001151ee654f0 flushing  nmethod 0x000001150c377690

Events (20 events):
Event: 123.964 Thread 0x00000115292b5f30 Thread exited: 0x00000115292b5f30
Event: 130.427 Thread 0x000001152308d430 Thread added: 0x0000011531aaa730
Event: 130.767 Thread 0x0000011531aaa730 Thread exited: 0x0000011531aaa730
Event: 135.811 Thread 0x000001152308d430 Thread added: 0x0000011528af8400
Event: 136.293 Thread 0x0000011528af8400 Thread exited: 0x0000011528af8400
Event: 136.904 Thread 0x000001152308d430 Thread added: 0x0000011528af9f40
Event: 137.481 Thread 0x0000011528af9f40 Thread exited: 0x0000011528af9f40
Event: 137.602 Thread 0x000001152308d430 Thread added: 0x0000011528af9870
Event: 138.702 Thread 0x0000011528af9870 Thread exited: 0x0000011528af9870
Event: 141.486 Thread 0x000001152308d430 Thread added: 0x0000011528afb3b0
Event: 141.727 Thread 0x0000011528afb3b0 Thread exited: 0x0000011528afb3b0
Event: 150.988 Thread 0x0000011524d4f750 Thread added: 0x000001152929b430
Event: 151.334 Thread 0x000001152308c990 Thread added: 0x0000011528afdc90
Event: 152.243 Thread 0x0000011528afdc90 Thread exited: 0x0000011528afdc90
Event: 152.594 Thread 0x0000011524d4f750 Thread added: 0x000001152929c150
Event: 154.008 Thread 0x000001152308d430 Thread added: 0x0000011531ce5180
Event: 154.343 Thread 0x0000011524d4f750 Thread added: 0x000001152929ce70
Event: 154.933 Thread 0x0000011531ce5180 Thread exited: 0x0000011531ce5180
Event: 158.064 Thread 0x0000011524d4f750 Thread added: 0x00000115422c9370
Event: 162.165 Thread 0x0000011524d4f750 Thread added: 0x00000115422c9a00


Dynamic libraries:
0x00007ff723060000 - 0x00007ff72306a000 	C:\Program Files\Android\Android Studio\jbr\bin\java.exe
0x00007fffca560000 - 0x00007fffca7c7000 	C:\windows\SYSTEM32\ntdll.dll
0x00007fff96f30000 - 0x00007fff96f51000 	C:\Program Files\Avast Software\Avast\aswhook.dll
0x00007fffc9060000 - 0x00007fffc9129000 	C:\windows\System32\KERNEL32.DLL
0x00007fffc7ee0000 - 0x00007fffc82d7000 	C:\windows\System32\KERNELBASE.dll
0x00007fffc7cb0000 - 0x00007fffc7dfb000 	C:\windows\System32\ucrtbase.dll
0x00007fffa5940000 - 0x00007fffa5958000 	C:\Program Files\Android\Android Studio\jbr\bin\jli.dll
0x00007fffbf080000 - 0x00007fffbf09b000 	C:\Program Files\Android\Android Studio\jbr\bin\VCRUNTIME140.dll
0x00007fffc8d30000 - 0x00007fffc8ef6000 	C:\windows\System32\USER32.dll
0x00007fffc7eb0000 - 0x00007fffc7ed7000 	C:\windows\System32\win32u.dll
0x00007fffca0a0000 - 0x00007fffca0cb000 	C:\windows\System32\GDI32.dll
0x00007fffc6f90000 - 0x00007fffc70bc000 	C:\windows\System32\gdi32full.dll
0x00007fffad610000 - 0x00007fffad8a2000 	C:\windows\WinSxS\amd64_microsoft.windows.common-controls_6595b64144ccf1df_6.0.26100.8457_none_3e0b2faee331e92d\COMCTL32.dll
0x00007fffc7b70000 - 0x00007fffc7c13000 	C:\windows\System32\msvcp_win.dll
0x00007fffc83e0000 - 0x00007fffc8489000 	C:\windows\System32\msvcrt.dll
0x00007fffc8cf0000 - 0x00007fffc8d22000 	C:\windows\System32\IMM32.DLL
0x000000005aea0000 - 0x000000005aead000 	C:\Program Files (x86)\360\Total Security\safemon\SafeWrapper.dll
0x00007fffc9430000 - 0x00007fffc94e6000 	C:\windows\System32\ADVAPI32.dll
0x00007fffca0d0000 - 0x00007fffca177000 	C:\windows\System32\sechost.dll
0x00007fffc8bd0000 - 0x00007fffc8ce8000 	C:\windows\System32\RPCRT4.dll
0x00007fffc1c90000 - 0x00007fffc1d95000 	C:\Program Files (x86)\360\Total Security\safemon\libzdtp64.dll
0x00007fffc9920000 - 0x00007fffca08e000 	C:\windows\System32\SHELL32.dll
0x00007fffc8b60000 - 0x00007fffc8bc6000 	C:\windows\System32\SHLWAPI.dll
0x00007fffc7300000 - 0x00007fffc7b6c000 	C:\windows\System32\Windows.Storage.dll
0x00007fffca190000 - 0x00007fffca513000 	C:\windows\System32\combase.dll
0x00007fffc6a70000 - 0x00007fffc6a7b000 	C:\windows\SYSTEM32\VERSION.dll
0x00007fffbf2e0000 - 0x00007fffbf2ec000 	C:\Program Files\Android\Android Studio\jbr\bin\vcruntime140_1.dll
0x00007fff59ed0000 - 0x00007fff59f5d000 	C:\Program Files\Android\Android Studio\jbr\bin\msvcp140.dll
0x00007fff3c360000 - 0x00007fff3cff6000 	C:\Program Files\Android\Android Studio\jbr\bin\server\jvm.dll
0x00007fffc9890000 - 0x00007fffc9910000 	C:\windows\System32\WS2_32.dll
0x00007fffc6df0000 - 0x00007fffc6e4e000 	C:\windows\SYSTEM32\POWRPROF.dll
0x00007fffc3f10000 - 0x00007fffc3f46000 	C:\windows\SYSTEM32\WINMM.dll
0x00007fffc6dd0000 - 0x00007fffc6de4000 	C:\windows\SYSTEM32\UMPDC.dll
0x00007fffc5cb0000 - 0x00007fffc5ccb000 	C:\windows\SYSTEM32\kernel.appcore.dll
0x00007fffbf0c0000 - 0x00007fffbf0ca000 	C:\Program Files\Android\Android Studio\jbr\bin\jimage.dll
0x00007fffc4d50000 - 0x00007fffc4f92000 	C:\windows\SYSTEM32\DBGHELP.DLL
0x00007fffc9720000 - 0x00007fffc97f9000 	C:\windows\System32\OLEAUT32.dll
0x00007fffadb20000 - 0x00007fffadb5b000 	C:\windows\SYSTEM32\dbgcore.DLL
0x00007fffc7e00000 - 0x00007fffc7ea8000 	C:\windows\System32\bcryptPrimitives.dll
0x00007fffbf3b0000 - 0x00007fffbf3be000 	C:\Program Files\Android\Android Studio\jbr\bin\instrument.dll
0x00007fffa5620000 - 0x00007fffa5640000 	C:\Program Files\Android\Android Studio\jbr\bin\java.dll
0x00007fffa55b0000 - 0x00007fffa55c8000 	C:\Program Files\Android\Android Studio\jbr\bin\zip.dll
0x00007fffc82e0000 - 0x00007fffc83d6000 	C:\windows\System32\SHCORE.dll
0x00007fffc6eb0000 - 0x00007fffc6ed9000 	C:\windows\SYSTEM32\profapi.dll
0x00007fffb1a00000 - 0x00007fffb1a10000 	C:\Program Files\Android\Android Studio\jbr\bin\net.dll
0x00007fffb1ea0000 - 0x00007fffb1fc9000 	C:\windows\SYSTEM32\WINHTTP.dll
0x00007fffc6220000 - 0x00007fffc628c000 	C:\windows\system32\mswsock.dll
0x00007fffa1f50000 - 0x00007fffa1f66000 	C:\Program Files\Android\Android Studio\jbr\bin\nio.dll
0x00007fffa5e70000 - 0x00007fffa5e80000 	C:\Program Files\Android\Android Studio\jbr\bin\verify.dll
0x00007fff84c80000 - 0x00007fff84ca7000 	C:\Users\hcxys\.gradle\native\660c5614fbf4a5f2a75b1949f50a0caf5cd603558e7d8a26e50b933a0cfb79d1\windows-amd64\native-platform.dll
0x00007fff59fe0000 - 0x00007fff5a057000 	C:\Users\hcxys\.gradle\native\0.2.8\x86_64-windows-gnu\gradle-fileevents.dll
0x00007fffb0c80000 - 0x00007fffb0c89000 	C:\Program Files\Android\Android Studio\jbr\bin\management.dll
0x00007fffad490000 - 0x00007fffad49b000 	C:\Program Files\Android\Android Studio\jbr\bin\management_ext.dll
0x00007fffc9570000 - 0x00007fffc9578000 	C:\windows\System32\PSAPI.DLL
0x00007fffc57c0000 - 0x00007fffc57f2000 	C:\windows\SYSTEM32\IPHLPAPI.DLL
0x00007fffc8630000 - 0x00007fffc863a000 	C:\windows\System32\NSI.dll
0x00007fffb0ca0000 - 0x00007fffb0ca9000 	C:\Program Files\Android\Android Studio\jbr\bin\extnet.dll
0x00007fffc6500000 - 0x00007fffc651b000 	C:\windows\SYSTEM32\CRYPTSP.dll
0x00007fffc5c10000 - 0x00007fffc5c49000 	C:\windows\system32\rsaenh.dll
0x00007fffc62d0000 - 0x00007fffc6303000 	C:\windows\SYSTEM32\USERENV.dll
0x00007fffc6e80000 - 0x00007fffc6eaa000 	C:\windows\SYSTEM32\bcrypt.dll
0x00007fffc6520000 - 0x00007fffc652c000 	C:\windows\SYSTEM32\CRYPTBASE.dll
0x00007fff920b0000 - 0x00007fff920b8000 	C:\windows\system32\wshunix.dll

JVMTI agents:
C:\Users\hcxys\.gradle\wrapper\dists\gradle-9.4.1-bin\arn2x92ynaizyzdaamcbpbhtj\gradle-9.4.1\lib\agents\gradle-instrumentation-agent-9.4.1.jar path:C:\Program Files\Android\Android Studio\jbr\bin\instrument.dll, loaded, initialized, instrumentlib options:none

dbghelp: loaded successfully - version: 4.0.5 - missing functions: none
symbol engine: initialized successfully - sym options: 0x614 - pdb path: .;C:\Program Files\Android\Android Studio\jbr\bin;C:\windows\SYSTEM32;C:\Program Files\Avast Software\Avast;C:\windows\WinSxS\amd64_microsoft.windows.common-controls_6595b64144ccf1df_6.0.26100.8457_none_3e0b2faee331e92d;C:\Program Files (x86)\360\Total Security\safemon;C:\Program Files\Android\Android Studio\jbr\bin\server;C:\Users\hcxys\.gradle\native\660c5614fbf4a5f2a75b1949f50a0caf5cd603558e7d8a26e50b933a0cfb79d1\windows-amd64;C:\Users\hcxys\.gradle\native\0.2.8\x86_64-windows-gnu

VM Arguments:
jvm_args: --add-opens=java.base/java.lang=ALL-UNNAMED --add-opens=java.base/java.lang.invoke=ALL-UNNAMED --add-opens=java.base/java.util=ALL-UNNAMED --add-opens=java.prefs/java.util.prefs=ALL-UNNAMED --add-exports=jdk.compiler/com.sun.tools.javac.api=ALL-UNNAMED --add-exports=jdk.compiler/com.sun.tools.javac.util=ALL-UNNAMED --add-opens=java.base/java.util=ALL-UNNAMED --add-opens=java.prefs/java.util.prefs=ALL-UNNAMED --add-opens=java.base/java.nio.charset=ALL-UNNAMED --add-opens=java.base/java.net=ALL-UNNAMED --add-opens=java.base/java.util.concurrent=ALL-UNNAMED --add-opens=java.base/java.util.concurrent.atomic=ALL-UNNAMED --add-opens=java.xml/javax.xml.namespace=ALL-UNNAMED --add-opens=java.base/java.time=ALL-UNNAMED -Xmx2048m -Dfile.encoding=UTF-8 -Duser.country=US -Duser.language=en -Duser.variant -javaagent:C:\Users\hcxys\.gradle\wrapper\dists\gradle-9.4.1-bin\arn2x92ynaizyzdaamcbpbhtj\gradle-9.4.1\lib\agents\gradle-instrumentation-agent-9.4.1.jar 
java_command: org.gradle.launcher.daemon.bootstrap.GradleDaemon 9.4.1
java_class_path (initial): C:\Users\hcxys\.gradle\wrapper\dists\gradle-9.4.1-bin\arn2x92ynaizyzdaamcbpbhtj\gradle-9.4.1\lib\gradle-daemon-main-9.4.1.jar
Launcher Type: SUN_STANDARD

[Global flags]
     intx CICompilerCount                          = 3                                         {product} {ergonomic}
     uint ConcGCThreads                            = 1                                         {product} {ergonomic}
     uint G1ConcRefinementThreads                  = 4                                         {product} {ergonomic}
   size_t G1HeapRegionSize                         = 1048576                                   {product} {ergonomic}
    uintx GCDrainStackTargetSize                   = 64                                        {product} {ergonomic}
   size_t InitialHeapSize                          = 62914560                                  {product} {ergonomic}
   size_t MarkStackSize                            = 4194304                                   {product} {ergonomic}
   size_t MaxHeapSize                              = 2147483648                                {product} {command line}
   size_t MaxNewSize                               = 1287651328                                {product} {ergonomic}
   size_t MinHeapDeltaBytes                        = 1048576                                   {product} {ergonomic}
   size_t MinHeapSize                              = 8388608                                   {product} {ergonomic}
    uintx NonNMethodCodeHeapSize                   = 5832780                                {pd product} {ergonomic}
    uintx NonProfiledCodeHeapSize                  = 122912730                              {pd product} {ergonomic}
    uintx ProfiledCodeHeapSize                     = 122912730                              {pd product} {ergonomic}
    uintx ReservedCodeCacheSize                    = 251658240                              {pd product} {ergonomic}
     bool SegmentedCodeCache                       = true                                      {product} {ergonomic}
   size_t SoftMaxHeapSize                          = 2147483648                             {manageable} {ergonomic}
     bool UseCompressedOops                        = true                           {product lp64_product} {ergonomic}
     bool UseG1GC                                  = true                                      {product} {ergonomic}
     bool UseLargePagesIndividualAllocation        = false                                  {pd product} {ergonomic}

Logging:
Log output configuration:
 #0: stdout all=warning uptime,level,tags foldmultilines=false
 #1: stderr all=off uptime,level,tags foldmultilines=false

Release file:
JAVA_VERSION="21.0.10" 
MODULES="java.base java.compiler java.datatransfer java.xml java.prefs java.desktop java.instrument java.logging java.management java.security.sasl java.naming java.rmi java.management.rmi java.net.http java.scripting java.security.jgss java.transaction.xa java.sql java.sql.rowset java.xml.crypto java.se java.smartcardio jdk.accessibility jdk.internal.jvmstat jdk.attach jdk.charsets jdk.internal.opt jdk.zipfs jdk.compiler jdk.crypto.ec jdk.crypto.cryptoki jdk.dynalink jdk.hotspot.agent jdk.httpserver jdk.internal.ed jdk.internal.le jdk.internal.vm.ci jdk.jartool jdk.javadoc jdk.jcmd jdk.jdeps jdk.jdwp.agent jdk.jdi jdk.jfr jdk.jlink jdk.jsobject jdk.localedata jdk.management jdk.management.agent jdk.management.jfr jdk.naming.dns jdk.naming.rmi jdk.net jdk.sctp jdk.security.auth jdk.security.jgss jdk.unsupported jdk.unsupported.desktop jdk.xml.dom" 
IMPLEMENTOR="JetBrains s.r.o." 
JAVA_RUNTIME_VERSION="21.0.10+-14961533-b1163.108" 
LIBC="default" 
OS_ARCH="x86_64" 
OS_NAME="Windows" 
SOURCE=".:git:1351622c2ff2" 

Environment Variables:
PATH=C:\Program Files (x86)\Common Files\Oracle\Java\java8path;C:\windows\system32;C:\windows;C:\windows\System32\Wbem;C:\windows\System32\WindowsPowerShell\v1.0\;C:\windows\System32\OpenSSH\;C:\Program Files\dotnet\;C:\Program Files\nodejs\;C:\Program Files\CMake\bin;C:\Users\hcxys\AppData\Local\Microsoft\WindowsApps;C:\Users\hcxys\AppData\Roaming\npm;C:\Users\hcxys\AppData\Local\Python\bin
USERNAME=hcxys
OS=Windows_NT
PROCESSOR_IDENTIFIER=Intel64 Family 6 Model 190 Stepping 0, GenuineIntel
TMP=C:\Users\hcxys\AppData\Local\Temp
TEMP=C:\Users\hcxys\AppData\Local\Temp




Periodic native trim disabled

JNI global refs:
JNI global refs: 27, weak refs: 6

JNI global refs memory usage: 835, weak refs: 833

Process memory usage:
Resident Set Size: 565256K (14% of 3841796K total physical memory with 280808K free physical memory)

OOME stack traces (most recent first):
Classloader memory used:
Loader org.gradle.internal.classloader.VisitableURLClassLoader                         : 103M
Loader bootstrap                                                                       : 27191K
Loader org.gradle.internal.classloader.VisitableURLClassLoader$InstrumentingVisitableURLClassLoader: 12464K
Loader org.gradle.initialization.MixInLegacyTypesClassLoader                           : 12046K
Loader jdk.internal.jrtfs.JrtFileSystemProvider$JrtFsLoader                            : 341K
Loader jdk.internal.reflect.DelegatingClassLoader                                      : 246K
Loader jdk.internal.loader.ClassLoaders$PlatformClassLoader                            : 203K
Loader jdk.internal.loader.ClassLoaders$AppClassLoader                                 : 189K
Loader org.gradle.groovy.scripts.internal.DefaultScriptCompilationHandler$ScriptClassLoader: 147K
Loader org.gradle.internal.classloader.VisitableURLClassLoader                         : 118K

Classes loaded by more than one classloader:
Class Program                                                                         : loaded 4 times (x 74B)
Class com.google.common.base.Equivalence$Identity                                     : loaded 2 times (x 82B)
Class com.google.common.collect.RegularImmutableMap$KeySet                            : loaded 2 times (x 152B)
Class org.gradle.internal.classloader.FilteringClassLoader                            : loaded 2 times (x 105B)
Class com.google.common.base.CharMatcher$IsEither                                     : loaded 2 times (x 111B)
Class jdk.internal.jimage.BasicImageReader                                            : loaded 2 times (x 95B)
Class org.gradle.internal.classloader.ClassLoaderHierarchy                            : loaded 2 times (x 70B)
Class com.google.common.collect.ImmutableEnumSet                                      : loaded 2 times (x 146B)
Class com.google.common.util.concurrent.ExecutionError                                : loaded 2 times (x 82B)
Class com.google.common.collect.ImmutableList$1                                       : loaded 2 times (x 97B)
Class com.google.common.collect.RegularImmutableMap                                   : loaded 2 times (x 121B)
Class com.google.common.collect.ImmutableMap$MapViewOfValuesAsSingletonSets           : loaded 2 times (x 126B)
Class [Lorg.objectweb.asm.Symbol;                                                     : loaded 2 times (x 69B)
Class org.objectweb.asm.ClassVisitor                                                  : loaded 2 times (x 88B)
Class com.google.common.collect.UnmodifiableListIterator                              : loaded 2 times (x 95B)
Class jdk.internal.jimage.decompressor.StringSharingDecompressorFactory               : loaded 2 times (x 74B)
Class org.objectweb.asm.MethodTooLargeException                                       : loaded 2 times (x 83B)
Class [Lcom.google.common.cache.CacheBuilder$OneWeigher;                              : loaded 2 times (x 69B)
Class com.google.common.base.Suppliers                                                : loaded 2 times (x 71B)
Class org.gradle.internal.classloader.DefaultClassLoaderFactory                       : loaded 2 times (x 82B)
Class [Lcom.google.common.collect.ImmutableMapEntry;                                  : loaded 2 times (x 69B)
Class ijJvmDebugger1_4l6edta82oj001filpcwpuy6i                                        : loaded 2 times (x 171B)
Class com.google.common.collect.ListMultimap                                          : loaded 2 times (x 70B)
Class com.google.common.collect.ImmutableEnumMap                                      : loaded 2 times (x 126B)
Class com.google.common.collect.Sets$1                                                : loaded 2 times (x 139B)
Class org.objectweb.asm.AnnotationVisitor                                             : loaded 2 times (x 78B)
Class org.gradle.api.internal.DefaultClassPathProvider                                : loaded 2 times (x 76B)
Class com.google.common.collect.Sets$2                                                : loaded 2 times (x 139B)
Class [Lorg.gradle.api.internal.ClassPathProvider;                                    : loaded 2 times (x 69B)
Class org.gradle.api.internal.ClassPathProvider                                       : loaded 2 times (x 70B)
Class [Lorg.objectweb.asm.AnnotationVisitor;                                          : loaded 2 times (x 69B)
Class com.google.common.collect.Sets$3                                                : loaded 2 times (x 139B)
Class com.google.common.cache.LocalCache$LocalLoadingCache                            : loaded 2 times (x 134B)
Class org.gradle.internal.service.UnknownServiceException                             : loaded 2 times (x 83B)
Class com.google.common.collect.Sets$4                                                : loaded 2 times (x 139B)
Class org.objectweb.asm.ModuleVisitor                                                 : loaded 2 times (x 81B)
Class com.google.common.cache.LocalCache$Strength$1                                   : loaded 2 times (x 81B)
Class com.google.common.util.concurrent.SettableFuture                                : loaded 2 times (x 114B)
Class com.google.common.cache.LocalCache$Strength$2                                   : loaded 2 times (x 81B)
Class com.google.common.cache.LocalCache$Strength$3                                   : loaded 2 times (x 81B)
Class com.google.common.collect.MapDifference                                         : loaded 2 times (x 70B)
Class ijKotlinCoroutineJvmDebugInit1_afkd3s873emofcg9cgldcbfo0                        : loaded 2 times (x 171B)
Class org.objectweb.asm.FieldWriter                                                   : loaded 2 times (x 78B)
Class com.google.common.cache.CacheBuilder$NullListener                               : loaded 2 times (x 82B)
Class org.gradle.internal.classpath.TransformedClassPath                              : loaded 2 times (x 96B)
Class org.gradle.internal.classloader.InstrumentingClassLoader                        : loaded 2 times (x 70B)
Class com.google.common.cache.CacheLoader$FunctionToCacheLoader                       : loaded 2 times (x 75B)
Class com.google.common.collect.Iterators$ArrayItr                                    : loaded 2 times (x 97B)
Class com.google.common.collect.ImmutableCollection$Builder                           : loaded 2 times (x 76B)
Class com.google.common.base.MoreObjects                                              : loaded 2 times (x 71B)
Class com.google.common.collect.Platform                                              : loaded 2 times (x 71B)
Class [Lorg.objectweb.asm.Type;                                                       : loaded 2 times (x 69B)
Class org.jetbrains.kotlin.build.report.metrics.GradleBuildTime                       : loaded 2 times (x 86B)
Class com.google.common.collect.UnmodifiableIterator                                  : loaded 2 times (x 80B)
Class org.gradle.internal.service.ServiceLocator                                      : loaded 2 times (x 70B)
Class com.google.common.base.Ascii                                                    : loaded 2 times (x 71B)
Class com.google.common.cache.LocalCache$1                                            : loaded 2 times (x 89B)
Class com.google.common.collect.SingletonImmutableBiMap                               : loaded 2 times (x 143B)
Class com.google.common.collect.Iterators$SingletonIterator                           : loaded 2 times (x 81B)
Class com.google.common.collect.AbstractMapEntry                                      : loaded 2 times (x 81B)
Class jdk.internal.jrtfs.JrtFileSystemProvider                                        : loaded 2 times (x 101B)
Class com.google.common.collect.AbstractMultimap                                      : loaded 2 times (x 123B)
Class com.google.common.cache.LocalCache$2                                            : loaded 2 times (x 142B)
Class com.google.common.collect.RegularImmutableAsList                                : loaded 2 times (x 217B)
Class ijKotlinCoroutineJvmDebugInit1_afkd3s873emofcg9cgldcbfo0$_run_closure1$_closure2: loaded 2 times (x 139B)
Class com.google.common.util.concurrent.AbstractFuture$Trusted                        : loaded 2 times (x 70B)
Class com.google.common.collect.Iterators                                             : loaded 2 times (x 71B)
Class com.google.common.collect.Lists$StringAsImmutableList                           : loaded 2 times (x 207B)
Class [Lorg.jetbrains.kotlin.build.report.metrics.BuildTime;                          : loaded 2 times (x 69B)
Class com.google.common.util.concurrent.UncheckedExecutionException                   : loaded 2 times (x 82B)
Class org.gradle.kotlin.dsl.VersionCatalogAccessorsKt                                 : loaded 2 times (x 71B)
Class jdk.internal.jimage.ImageLocation                                               : loaded 2 times (x 90B)
Class org.objectweb.asm.ClassWriter                                                   : loaded 2 times (x 106B)
Class com.google.common.cache.CacheLoader$UnsupportedLoadingOperationException        : loaded 2 times (x 82B)
Class com.google.common.base.CharMatcher$And                                          : loaded 2 times (x 112B)
Class jdk.internal.jimage.ImageBufferCache$1                                          : loaded 2 times (x 83B)
Class org.objectweb.asm.FieldVisitor                                                  : loaded 2 times (x 77B)
Class com.google.common.collect.IndexedImmutableSet                                   : loaded 2 times (x 152B)
Class com.google.common.collect.ImmutableMap$1                                        : loaded 2 times (x 81B)
Class com.google.common.collect.BiMap                                                 : loaded 2 times (x 70B)
Class jdk.internal.jimage.ImageBufferCache$2                                          : loaded 2 times (x 91B)
Class org.gradle.api.internal.classpath.DefaultModuleRegistry$DefaultModule           : loaded 2 times (x 82B)
Class com.google.common.primitives.Ints                                               : loaded 2 times (x 71B)
Class com.google.common.collect.AbstractIterator                                      : loaded 2 times (x 82B)
Class com.google.common.math.MathPreconditions                                        : loaded 2 times (x 71B)
Class com.google.common.collect.Multiset                                              : loaded 2 times (x 70B)
Class com.google.common.collect.ArrayListMultimapGwtSerializationDependencies         : loaded 2 times (x 172B)
Class com.google.common.collect.AbstractIndexedListIterator                           : loaded 2 times (x 96B)
Class com.google.common.collect.ImmutableMapEntrySet                                  : loaded 2 times (x 152B)
Class org.gradle.api.internal.classpath.Module                                        : loaded 2 times (x 70B)
Class com.google.common.cache.Weigher                                                 : loaded 2 times (x 70B)
Class org.gradle.api.internal.classpath.UnknownModuleException                        : loaded 2 times (x 82B)
Class com.google.common.base.Stopwatch                                                : loaded 2 times (x 72B)
Class com.google.common.cache.LocalCache$Strength                                     : loaded 2 times (x 81B)
Class com.google.common.cache.Cache                                                   : loaded 2 times (x 70B)
Class jdk.internal.jimage.ImageHeader                                                 : loaded 2 times (x 71B)
Class com.google.common.util.concurrent.AbstractFuture$Cancellation                   : loaded 2 times (x 72B)
Class com.google.common.collect.ImmutableMap$Builder                                  : loaded 2 times (x 82B)
Class com.google.common.cache.RemovalListener                                         : loaded 2 times (x 70B)
Class org.gradle.api.internal.DefaultClassPathRegistry                                : loaded 2 times (x 76B)
Class com.google.common.primitives.IntsMethodsForWeb                                  : loaded 2 times (x 71B)
Class com.google.common.collect.Multimap                                              : loaded 2 times (x 70B)
Class org.gradle.internal.classpath.DefaultClassPath$ImmutableUniqueList              : loaded 2 times (x 199B)
Class org.gradle.api.internal.ClassPathRegistry                                       : loaded 2 times (x 70B)
Class jdk.internal.jimage.decompressor.ResourceDecompressor                           : loaded 2 times (x 70B)
Class com.google.common.cache.CacheBuilder                                            : loaded 2 times (x 72B)
Class com.google.common.collect.SingletonImmutableList                                : loaded 2 times (x 207B)
Class com.google.common.base.PairwiseEquivalence                                      : loaded 2 times (x 83B)
Class Settings_gradle$1                                                               : loaded 2 times (x 74B)
Class org.gradle.internal.classpath.ClassPath                                         : loaded 2 times (x 70B)
Class com.google.common.collect.ImmutableList$ReverseImmutableList                    : loaded 2 times (x 209B)
Class org.objectweb.asm.SymbolTable$Entry                                             : loaded 2 times (x 74B)
Class org.gradle.api.internal.classpath.DefaultModuleRegistry$DefaultModuleAlias      : loaded 2 times (x 80B)
Class org.objectweb.asm.Edge                                                          : loaded 2 times (x 72B)
Class com.google.common.base.Suppliers$SupplierOfInstance                             : loaded 2 times (x 79B)
Class com.google.common.collect.Iterators$1                                           : loaded 2 times (x 81B)
Class jdk.internal.jimage.ImageStringsReader                                          : loaded 2 times (x 80B)
Class com.google.common.cache.LocalCache$ComputingValueReference                      : loaded 2 times (x 96B)
Class com.google.common.collect.SingletonImmutableSet                                 : loaded 2 times (x 146B)
Class com.google.common.collect.ImmutableMap$IteratorBasedImmutableMap                : loaded 2 times (x 126B)
Class com.google.common.cache.LocalCache$Segment                                      : loaded 2 times (x 154B)
Class jdk.internal.jimage.ImageReader                                                 : loaded 2 times (x 75B)
Class com.google.common.collect.AbstractListMultimap                                  : loaded 2 times (x 172B)
Class [Lorg.objectweb.asm.SymbolTable$Entry;                                          : loaded 2 times (x 69B)
Class com.google.common.cache.CacheLoader                                             : loaded 2 times (x 74B)
Class com.google.common.collect.Iterators$4                                           : loaded 2 times (x 82B)
Class com.google.common.collect.ImmutableBiMap                                        : loaded 2 times (x 143B)
Class jdk.internal.jimage.ImageReader$SharedImageReader                               : loaded 2 times (x 95B)
Class org.gradle.api.internal.classpath.ModuleRegistry                                : loaded 2 times (x 70B)
Class org.gradle.internal.installation.GradleInstallation$1                           : loaded 2 times (x 75B)
Class com.google.common.collect.ImmutableSet$JdkBackedSetBuilderImpl                  : loaded 2 times (x 76B)
Class com.google.common.util.concurrent.internal.InternalFutureFailureAccess          : loaded 2 times (x 72B)
Class com.google.common.collect.Iterators$5                                           : loaded 2 times (x 82B)
Class jdk.internal.jimage.decompressor.ResourceDecompressorFactory                    : loaded 2 times (x 74B)
Class com.google.common.cache.LocalCache$LocalManualCache$1                           : loaded 2 times (x 75B)
Class com.google.common.base.CharMatcher$ForPredicate                                 : loaded 2 times (x 112B)
Class com.google.common.base.CharMatcher$AnyOf                                        : loaded 2 times (x 112B)
Class com.google.common.collect.ImmutableCollection                                   : loaded 2 times (x 125B)
Class jdk.internal.jimage.ImageReader$Node                                            : loaded 2 times (x 84B)
Class org.gradle.api.internal.classpath.DefaultModuleRegistry                         : loaded 2 times (x 84B)
Class com.google.common.collect.Lists                                                 : loaded 2 times (x 71B)
Class com.google.common.util.concurrent.ListenableFuture                              : loaded 2 times (x 70B)
Class org.jetbrains.kotlin.build.report.metrics.GradleBuildTime$Companion             : loaded 2 times (x 71B)
Class com.google.common.cache.ReferenceEntry                                          : loaded 2 times (x 70B)
Class com.google.common.base.Converter                                                : loaded 2 times (x 90B)
Class com.google.common.collect.ImmutableSet$CachingAsList                            : loaded 2 times (x 148B)
Class jdk.internal.jimage.BasicImageReader$1                                          : loaded 2 times (x 77B)
Class com.google.common.collect.AbstractMapBasedMultimap                              : loaded 2 times (x 139B)
Class com.google.common.util.concurrent.AbstractFuture                                : loaded 2 times (x 106B)
Class com.google.common.base.FunctionalEquivalence                                    : loaded 2 times (x 83B)
Class com.google.common.collect.Iterators$9                                           : loaded 2 times (x 81B)
Class com.google.common.collect.ImmutableAsList                                       : loaded 2 times (x 209B)
Class org.objectweb.asm.RecordComponentVisitor                                        : loaded 2 times (x 77B)
Class com.google.common.cache.CacheLoader$SupplierToCacheLoader                       : loaded 2 times (x 75B)
Class jdk.internal.jimage.decompressor.Decompressor                                   : loaded 2 times (x 72B)
Class org.gradle.internal.service.ServiceLookupException                              : loaded 2 times (x 82B)
Class [Lcom.google.common.cache.LocalCache$EntryFactory;                              : loaded 2 times (x 69B)
Class org.gradle.internal.classloader.ClassLoaderFactory                              : loaded 2 times (x 70B)
Class com.google.common.cache.LocalCache$LocalManualCache                             : loaded 2 times (x 99B)
Class com.google.common.base.CharMatcher$IsNot                                        : loaded 2 times (x 111B)
Class org.gradle.internal.service.CachingServiceLocator                               : loaded 2 times (x 82B)
Class com.google.common.math.IntMath                                                  : loaded 2 times (x 71B)
Class org.jetbrains.kotlin.build.report.metrics.BuildTime                             : loaded 2 times (x 70B)
Class com.google.common.collect.ImmutableMapEntry                                     : loaded 2 times (x 85B)
Class com.google.common.base.Equivalence                                              : loaded 2 times (x 82B)
Class com.google.common.base.Function                                                 : loaded 2 times (x 70B)
Class com.google.common.collect.ImmutableMapEntry$NonTerminalImmutableMapEntry        : loaded 2 times (x 85B)
Class com.google.common.cache.CacheBuilder$OneWeigher                                 : loaded 2 times (x 82B)
Class com.google.common.collect.RegularImmutableList                                  : loaded 2 times (x 213B)
Class jdk.internal.jimage.ImageBufferCache                                            : loaded 2 times (x 71B)
Class jdk.internal.jrtfs.JrtPath                                                      : loaded 2 times (x 118B)
Class org.gradle.internal.classloader.ClasspathUtil                                   : loaded 2 times (x 71B)
Class com.google.common.util.concurrent.Uninterruptibles                              : loaded 2 times (x 71B)
Class com.google.common.util.concurrent.LazyLogger                                    : loaded 2 times (x 72B)
Class com.google.common.collect.Maps                                                  : loaded 2 times (x 71B)
Class org.gradle.api.specs.Spec                                                       : loaded 2 times (x 70B)
Class [Lcom.google.common.collect.ImmutableEntry;                                     : loaded 2 times (x 69B)
Class com.google.common.cache.LocalCache$LoadingValueReference                        : loaded 2 times (x 96B)
Class ijJvmDebugger1_4l6edta82oj001filpcwpuy6i$_run_closure1                          : loaded 2 times (x 139B)
Class jdk.internal.jimage.decompressor.ResourceDecompressorRepository                 : loaded 2 times (x 71B)
Class [Lorg.objectweb.asm.AnnotationWriter;                                           : loaded 2 times (x 69B)
Class com.google.common.collect.Maps$8                                                : loaded 2 times (x 82B)
Class jdk.internal.jimage.ImageReader$Directory                                       : loaded 2 times (x 84B)
Class com.google.common.collect.Sets$SetView                                          : loaded 2 times (x 138B)
Class com.google.common.cache.LocalCache$StrongValueReference                         : loaded 2 times (x 90B)
Class org.objectweb.asm.Type                                                          : loaded 2 times (x 72B)
Class org.gradle.internal.classloader.VisitableURLClassLoader$InstrumentingVisitableURLClassLoader: loaded 2 times (x 123B)
Class com.google.common.math.IntMath$1                                                : loaded 2 times (x 71B)
Class org.objectweb.asm.ByteVector                                                    : loaded 2 times (x 79B)
Class [Lcom.google.common.cache.CacheBuilder$NullListener;                            : loaded 2 times (x 69B)
Class org.gradle.internal.classloader.VisitableURLClassLoader$Spec                    : loaded 2 times (x 74B)
Class org.gradle.internal.classpath.DefaultClassPath                                  : loaded 2 times (x 90B)
Class org.objectweb.asm.Symbol                                                        : loaded 2 times (x 73B)
Class [Lorg.jetbrains.kotlin.build.report.metrics.GradleBuildTime;                    : loaded 2 times (x 69B)
Class jdk.internal.jimage.decompressor.ZipDecompressorFactory                         : loaded 2 times (x 74B)
Class com.google.common.base.CharMatcher$BitSetMatcher                                : loaded 2 times (x 112B)
Class com.google.common.collect.RegularImmutableMap$Values                            : loaded 2 times (x 207B)
Class com.google.common.collect.ImmutableSet                                          : loaded 2 times (x 145B)
Class org.gradle.internal.classloader.ClassLoaderSpec                                 : loaded 2 times (x 71B)
Class org.objectweb.asm.AnnotationWriter                                              : loaded 2 times (x 79B)
Class com.google.common.cache.CacheStats                                              : loaded 2 times (x 71B)
Class org.objectweb.asm.RecordComponentWriter                                         : loaded 2 times (x 78B)
Class com.google.common.util.concurrent.AbstractFuture$Listener                       : loaded 2 times (x 72B)
Class com.google.common.base.CharMatcher$Or                                           : loaded 2 times (x 112B)
Class Settings_gradle$1$1                                                             : loaded 2 times (x 74B)
Class org.gradle.api.internal.classpath.Module$ModuleAlias                            : loaded 2 times (x 70B)
Class org.objectweb.asm.Attribute                                                     : loaded 2 times (x 77B)
Class com.google.common.base.Supplier                                                 : loaded 2 times (x 70B)
Class org.gradle.internal.classloader.VisitableURLClassLoader                         : loaded 2 times (x 117B)
Class Settings_gradle                                                                 : loaded 2 times (x 124B)
Class org.gradle.internal.Cast                                                        : loaded 2 times (x 71B)
Class org.gradle.api.Action                                                           : loaded 2 times (x 70B)
Class com.google.common.collect.Sets                                                  : loaded 2 times (x 71B)
Class org.objectweb.asm.Handler                                                       : loaded 2 times (x 72B)
Class com.google.common.base.Ticker                                                   : loaded 2 times (x 72B)
Class com.google.common.base.CharMatcher$FastMatcher                                  : loaded 2 times (x 111B)
Class jdk.internal.jimage.decompressor.ZipDecompressor                                : loaded 2 times (x 75B)
Class [Lcom.google.common.cache.LocalCache$Segment;                                   : loaded 2 times (x 69B)
Class [Lcom.google.common.cache.LocalCache$Strength;                                  : loaded 2 times (x 69B)
Class com.google.common.cache.CacheBuilder$1                                          : loaded 2 times (x 85B)
Class com.google.common.base.Predicate                                                : loaded 2 times (x 70B)
Class com.google.common.collect.ImmutableMap                                          : loaded 2 times (x 120B)
Class org.gradle.internal.classpath.DefaultClassPath$ImmutableUniqueList$Builder      : loaded 2 times (x 75B)
Class com.google.common.cache.LocalCache                                              : loaded 2 times (x 187B)
Class com.google.common.cache.CacheBuilder$2                                          : loaded 2 times (x 79B)
Class com.google.common.base.CharMatcher$NegatedFastMatcher                           : loaded 2 times (x 113B)
Class com.google.common.collect.ArrayListMultimap                                     : loaded 2 times (x 172B)
Class com.google.common.cache.CacheBuilder$3                                          : loaded 2 times (x 72B)
Class [Lcom.google.common.collect.AbstractMapEntry;                                   : loaded 2 times (x 69B)
Class com.google.common.collect.ImmutableEntry                                        : loaded 2 times (x 82B)
Class org.gradle.api.GradleException                                                  : loaded 2 times (x 82B)
Class com.google.common.collect.CollectPreconditions                                  : loaded 2 times (x 71B)
Class jdk.internal.jimage.ImageStrings                                                : loaded 2 times (x 70B)
Class com.google.common.collect.SortedMapDifference                                   : loaded 2 times (x 70B)
Class com.google.common.cache.LocalCache$EntryFactory                                 : loaded 2 times (x 83B)
Class com.google.common.cache.LocalCache$AbstractReferenceEntry                       : loaded 2 times (x 107B)
Class org.gradle.internal.IoActions                                                   : loaded 2 times (x 71B)
Class org.objectweb.asm.SymbolTable                                                   : loaded 2 times (x 72B)
Class com.google.common.cache.CacheLoader$InvalidCacheLoadException                   : loaded 2 times (x 82B)
Class com.google.common.collect.ImmutableSet$RegularSetBuilderImpl                    : loaded 2 times (x 77B)
Class com.google.common.cache.LocalCache$StrongEntry                                  : loaded 2 times (x 108B)
Class com.google.common.util.concurrent.AbstractFuture$TrustedFuture                  : loaded 2 times (x 114B)
Class com.google.common.cache.LoadingCache                                            : loaded 2 times (x 70B)
Class org.objectweb.asm.MethodWriter                                                  : loaded 2 times (x 106B)
Class [Lcom.google.common.cache.Weigher;                                              : loaded 2 times (x 69B)
Class com.google.common.collect.RegularImmutableMap$BucketOverflowException           : loaded 2 times (x 82B)
Class jdk.internal.jrtfs.JrtFileSystem                                                : loaded 2 times (x 102B)
Class jdk.internal.jimage.decompressor.CompressedResourceHeader                       : loaded 2 times (x 71B)
Class com.google.common.cache.LocalCache$ValueReference                               : loaded 2 times (x 70B)
Class com.google.common.base.CharMatcher$Negated                                      : loaded 2 times (x 113B)
Class com.google.common.base.CharMatcher$Is                                           : loaded 2 times (x 111B)
Class com.google.common.collect.RegularImmutableBiMap                                 : loaded 2 times (x 149B)
Class com.google.common.util.concurrent.AbstractFuture$Failure                        : loaded 2 times (x 72B)
Class com.google.common.base.Equivalence$Equals                                       : loaded 2 times (x 82B)
Class com.google.common.collect.Hashing                                               : loaded 2 times (x 71B)
Class com.google.common.base.Preconditions                                            : loaded 2 times (x 71B)
Class org.objectweb.asm.Label                                                         : loaded 2 times (x 73B)
Class org.objectweb.asm.CurrentFrame                                                  : loaded 2 times (x 73B)
Class org.objectweb.asm.ClassTooLargeException                                        : loaded 2 times (x 83B)
Class com.google.common.base.CharMatcher                                              : loaded 2 times (x 111B)
Class com.google.common.collect.PeekingIterator                                       : loaded 2 times (x 70B)
Class ijJvmDebugger1_4l6edta82oj001filpcwpuy6i$_run_closure1$_closure2                : loaded 2 times (x 140B)
Class org.objectweb.asm.Frame                                                         : loaded 2 times (x 73B)
Class org.objectweb.asm.MethodVisitor                                                 : loaded 2 times (x 105B)
Class com.google.common.cache.LocalCache$EntryFactory$1                               : loaded 2 times (x 83B)
Class [Lcom.google.common.cache.RemovalListener;                                      : loaded 2 times (x 69B)
Class com.google.common.base.CharMatcher$1                                            : loaded 2 times (x 113B)
Class com.google.common.base.CharMatcher$NamedFastMatcher                             : loaded 2 times (x 112B)
Class com.google.common.cache.LocalCache$EntryFactory$2                               : loaded 2 times (x 83B)
Class org.objectweb.asm.ModuleWriter                                                  : loaded 2 times (x 82B)
Class com.google.common.cache.LocalCache$EntryFactory$3                               : loaded 2 times (x 83B)
Class com.google.common.base.Ticker$1                                                 : loaded 2 times (x 72B)
Class com.google.common.collect.Maps$BiMapConverter                                   : loaded 2 times (x 90B)
Class com.google.common.collect.ImmutableMapEntrySet$RegularEntrySet                  : loaded 2 times (x 152B)
Class com.google.common.collect.ImmutableSet$Builder                                  : loaded 2 times (x 85B)
Class com.google.common.cache.LocalCache$EntryFactory$4                               : loaded 2 times (x 83B)
Class com.google.common.base.CharMatcher$InRange                                      : loaded 2 times (x 111B)
Class com.google.common.cache.LocalCache$EntryFactory$5                               : loaded 2 times (x 83B)
Class com.google.common.cache.LocalCache$EntryFactory$6                               : loaded 2 times (x 83B)
Class Build_gradle                                                                    : loaded 2 times (x 72B)
Class org.gradle.internal.installation.CurrentGradleInstallationLocator               : loaded 2 times (x 71B)
Class com.google.common.collect.ImmutableSet$EmptySetBuilderImpl                      : loaded 2 times (x 76B)
Class com.google.common.cache.LocalCache$EntryFactory$7                               : loaded 2 times (x 83B)
Class com.google.common.collect.ImmutableList                                         : loaded 2 times (x 206B)
Class org.gradle.internal.service.DefaultServiceLocator                               : loaded 2 times (x 83B)
Class com.google.common.cache.LocalCache$EntryFactory$8                               : loaded 2 times (x 83B)
Class com.google.common.collect.ImmutableSet$SetBuilderImpl                           : loaded 2 times (x 76B)
Class org.gradle.internal.installation.CurrentGradleInstallation                      : loaded 2 times (x 73B)
Class com.google.common.cache.CacheLoader$1                                           : loaded 2 times (x 75B)
Class com.google.common.collect.ImmutableList$SubList                                 : loaded 2 times (x 209B)
Class org.gradle.util.internal.GUtil                                                  : loaded 2 times (x 71B)
Class com.google.common.cache.AbstractCache$StatsCounter                              : loaded 2 times (x 70B)
Class com.google.common.collect.Iterators$MergingIterator                             : loaded 2 times (x 81B)
Class com.google.common.collect.RegularImmutableSet                                   : loaded 2 times (x 149B)
Class org.gradle.internal.installation.GradleInstallation                             : loaded 2 times (x 75B)
Class jdk.internal.jimage.decompressor.ResourceDecompressor$StringsProvider           : loaded 2 times (x 70B)
Class ijKotlinCoroutineJvmDebugInit1_afkd3s873emofcg9cgldcbfo0$_run_closure1          : loaded 2 times (x 139B)

---------------  S Y S T E M  ---------------

OS:
 Windows 11 , 64 bit Build 26100 (10.0.26100.8328)
OS uptime: 0 days 3:10 hours
Hyper-V role detected

CPU: total 4 (initial active 4) (4 cores per cpu, 1 threads per core) family 6 model 190 stepping 0 microcode 0x1a, cx8, cmov, fxsr, mmx, 3dnowpref, sse, sse2, sse3, ssse3, sse4.1, sse4.2, popcnt, lzcnt, tsc, tscinvbit, avx, avx2, aes, erms, clmul, bmi1, bmi2, adx, sha, fma, vzeroupper, clflush, clflushopt, clwb, hv, serialize, rdtscp, rdpid, fsrm, f16c, cet_ibt, cet_ss
Processor Information for the first 4 processors :
  Max Mhz: 800, Current Mhz: 800, Mhz Limit: 800

Memory: 4k page, system-wide physical 3751M (271M free)
TotalPageFile size 10498M (AvailPageFile size 4M)
current process WorkingSet (physical memory assigned to process): 554M, peak: 554M
current process commit charge ("private bytes"): 659M, peak: 661M

vm_info: OpenJDK 64-Bit Server VM (21.0.10+-14961533-b1163.108) for windows-amd64 JRE (21.0.10+-14961533-b1163.108), built on 2026-03-02T19:58:50Z by "builder" with MS VC++ 16.10 / 16.11 (VS2019)

END.
