#
# There is insufficient memory for the Java Runtime Environment to continue.
# Native memory allocation (malloc) failed to allocate 1076336 bytes. Error detail: Chunk::new
# Possible reasons:
#   The system is out of physical RAM or swap space
#   This process is running with CompressedOops enabled, and the Java Heap may be blocking the growth of the native heap
# Possible solutions:
#   Reduce memory load on the system
#   Increase physical memory or swap space
#   Check if swap backing store is full
#   Decrease Java heap size (-Xmx/-Xms)
#   Decrease number of Java threads
#   Decrease Java thread stack sizes (-Xss)
#   Set larger code cache with -XX:ReservedCodeCacheSize=
#   JVM is running with Unscaled Compressed Oops mode in which the Java heap is
#     placed in the first 4GB address space. The Java Heap base address is the
#     maximum limit for the native heap growth. Please use -XX:HeapBaseMinAddress
#     to set the Java Heap base and to place the Java Heap above 4GB virtual address.
# This output file may be truncated or incomplete.
#
#  Out of Memory Error (arena.cpp:168), pid=16720, tid=6812
#
# JRE version: OpenJDK Runtime Environment (21.0.10) (build 21.0.10+-14961533-b1163.108)
# Java VM: OpenJDK 64-Bit Server VM (21.0.10+-14961533-b1163.108, mixed mode, tiered, compressed oops, compressed class ptrs, g1 gc, windows-amd64)
# No core dump will be written. Minidumps are not enabled by default on client versions of Windows
#

---------------  S U M M A R Y ------------

Command Line: --add-opens=java.base/java.lang=ALL-UNNAMED --add-opens=java.base/java.lang.invoke=ALL-UNNAMED --add-opens=java.base/java.util=ALL-UNNAMED --add-opens=java.prefs/java.util.prefs=ALL-UNNAMED --add-exports=jdk.compiler/com.sun.tools.javac.api=ALL-UNNAMED --add-exports=jdk.compiler/com.sun.tools.javac.util=ALL-UNNAMED --add-opens=java.base/java.util=ALL-UNNAMED --add-opens=java.prefs/java.util.prefs=ALL-UNNAMED --add-opens=java.base/java.nio.charset=ALL-UNNAMED --add-opens=java.base/java.net=ALL-UNNAMED --add-opens=java.base/java.util.concurrent=ALL-UNNAMED --add-opens=java.base/java.util.concurrent.atomic=ALL-UNNAMED --add-opens=java.xml/javax.xml.namespace=ALL-UNNAMED --add-opens=java.base/java.time=ALL-UNNAMED -Xmx2048m -Dfile.encoding=UTF-8 -Duser.country=US -Duser.language=en -Duser.variant -javaagent:C:\Users\hcxys\.gradle\wrapper\dists\gradle-9.4.1-bin\arn2x92ynaizyzdaamcbpbhtj\gradle-9.4.1\lib\agents\gradle-instrumentation-agent-9.4.1.jar org.gradle.launcher.daemon.bootstrap.GradleDaemon 9.4.1

Host: Intel(R) N150, 4 cores, 3G,  Windows 11 , 64 bit Build 26100 (10.0.26100.8328)
Time: Sun May 31 20:04:40 2026 Eastern Daylight Time elapsed time: 70.934121 seconds (0d 0h 1m 10s)

---------------  T H R E A D  ---------------

Current thread (0x00000180776b3c40):  JavaThread "C2 CompilerThread0" daemon [_thread_in_native, id=6812, stack(0x00000068efd00000,0x00000068efe00000) (1024K)]


Current CompileTask:
C2:70938 12479       4       org.jetbrains.kotlin.cli.jvm.index.JvmDependenciesIndexImpl::searchClasses (520 bytes)

Stack: [0x00000068efd00000,0x00000068efe00000]
Native frames: (J=compiled Java code, j=interpreted, Vv=VM code, C=native code)
V  [jvm.dll+0x6d78a9]
V  [jvm.dll+0x8665b3]
V  [jvm.dll+0x868bde]
V  [jvm.dll+0x8692c3]
V  [jvm.dll+0x280ee6]
V  [jvm.dll+0xc07cd]
V  [jvm.dll+0xc0d03]
V  [jvm.dll+0x2f6170]
V  [jvm.dll+0x6003e9]
V  [jvm.dll+0x252ce2]
V  [jvm.dll+0x24b4dd]
V  [jvm.dll+0x24909e]
V  [jvm.dll+0x1c76e4]
V  [jvm.dll+0x25891e]
V  [jvm.dll+0x256e66]
V  [jvm.dll+0x3f513e]
V  [jvm.dll+0x80fd28]
V  [jvm.dll+0x6d60fd]
C  [ucrtbase.dll+0x37b0]
C  [KERNEL32.DLL+0x2e957]
C  [ntdll.dll+0x427c]


---------------  P R O C E S S  ---------------

Threads class SMR info:
_java_thread_list=0x000001800fed7770, length=43, elements={
0x000001806f68e6d0, 0x000001807765dfa0, 0x0000018077669990, 0x000001807767b8a0,
0x00000180776ae370, 0x00000180776af2b0, 0x00000180776b0880, 0x000001807767f9f0,
0x00000180776b3c40, 0x00000180776bade0, 0x00000180778f3c00, 0x000001807d2793b0,
0x000001807ca0fb60, 0x000001807787d160, 0x000001807e5e9110, 0x000001807e5e9fc0,
0x000001807d5bd6a0, 0x000001807d950c00, 0x00000180779cd8b0, 0x000001807d511c10,
0x000001807d50f4b0, 0x000001807d510860, 0x000001807d50fb40, 0x000001807d5101d0,
0x000001807d511580, 0x000001807e1de9c0, 0x000001807e1dfd70, 0x000001807e1e0400,
0x000001807e1de330, 0x000001807e1ddca0, 0x000001807e1e0a90, 0x000001807e1dd610,
0x000001807e1df6e0, 0x000001807e1e1120, 0x000001807e1e17b0, 0x000001807e1df050,
0x000001807e1e1e40, 0x000001807e1e45a0, 0x000001807e1e24d0, 0x000001807e1e4c30,
0x00000180108486e0, 0x0000018010849a90, 0x000001801084ae40
}

Java Threads: ( => current thread )
  0x000001806f68e6d0 JavaThread "main"                              [_thread_blocked, id=7984, stack(0x00000068eee00000,0x00000068eef00000) (1024K)]
  0x000001807765dfa0 JavaThread "Common-Cleaner"             daemon [_thread_blocked, id=3744, stack(0x00000068ef600000,0x00000068ef700000) (1024K)]
  0x0000018077669990 JavaThread "Reference Handler"          daemon [_thread_blocked, id=14264, stack(0x00000068ef700000,0x00000068ef800000) (1024K)]
  0x000001807767b8a0 JavaThread "Finalizer"                  daemon [_thread_blocked, id=3628, stack(0x00000068ef800000,0x00000068ef900000) (1024K)]
  0x00000180776ae370 JavaThread "Signal Dispatcher"          daemon [_thread_blocked, id=4124, stack(0x00000068ef900000,0x00000068efa00000) (1024K)]
  0x00000180776af2b0 JavaThread "Attach Listener"            daemon [_thread_blocked, id=16592, stack(0x00000068efa00000,0x00000068efb00000) (1024K)]
  0x00000180776b0880 JavaThread "Service Thread"             daemon [_thread_in_vm, id=14700, stack(0x00000068efb00000,0x00000068efc00000) (1024K)]
  0x000001807767f9f0 JavaThread "Monitor Deflation Thread"   daemon [_thread_blocked, id=12400, stack(0x00000068efc00000,0x00000068efd00000) (1024K)]
=>0x00000180776b3c40 JavaThread "C2 CompilerThread0"         daemon [_thread_in_native, id=6812, stack(0x00000068efd00000,0x00000068efe00000) (1024K)]
  0x00000180776bade0 JavaThread "C1 CompilerThread0"         daemon [_thread_blocked, id=1068, stack(0x00000068efe00000,0x00000068eff00000) (1024K)]
  0x00000180778f3c00 JavaThread "Notification Thread"        daemon [_thread_blocked, id=2396, stack(0x00000068eff00000,0x00000068f0000000) (1024K)]
  0x000001807d2793b0 JavaThread "Daemon health stats"               [_thread_blocked, id=15176, stack(0x00000068f0300000,0x00000068f0400000) (1024K)]
  0x000001807ca0fb60 JavaThread "Incoming local TCP Connector on port 62352"        [_thread_in_native, id=12588, stack(0x00000068f0400000,0x00000068f0500000) (1024K)]
  0x000001807787d160 JavaThread "Daemon periodic checks"            [_thread_blocked, id=10676, stack(0x00000068f0500000,0x00000068f0600000) (1024K)]
  0x000001807e5e9110 JavaThread "Daemon"                            [_thread_blocked, id=12564, stack(0x00000068f0600000,0x00000068f0700000) (1024K)]
  0x000001807e5e9fc0 JavaThread "Handler for socket connection from /127.0.0.1:62352 to /127.0.0.1:62357"        [_thread_in_native, id=14040, stack(0x00000068f0700000,0x00000068f0800000) (1024K)]
  0x000001807d5bd6a0 JavaThread "Cancel handler"                    [_thread_blocked, id=7316, stack(0x00000068f0800000,0x00000068f0900000) (1024K)]
  0x000001807d950c00 JavaThread "Daemon worker"                     [_thread_in_Java, id=6944, stack(0x00000068f0900000,0x00000068f0a00000) (1024K)]
  0x00000180779cd8b0 JavaThread "Asynchronous log dispatcher for DefaultDaemonConnection: socket connection from /127.0.0.1:62352 to /127.0.0.1:62357"        [_thread_blocked, id=6276, stack(0x00000068f0a00000,0x00000068f0b00000) (1024K)]
  0x000001807d511c10 JavaThread "Stdin handler"                     [_thread_blocked, id=10908, stack(0x00000068f0b00000,0x00000068f0c00000) (1024K)]
  0x000001807d50f4b0 JavaThread "Daemon client event forwarder"        [_thread_blocked, id=4576, stack(0x00000068f0c00000,0x00000068f0d00000) (1024K)]
  0x000001807d510860 JavaThread "Cache worker for journal cache (C:\Users\hcxys\.gradle\caches\journal-1)"        [_thread_blocked, id=1552, stack(0x00000068f0d00000,0x00000068f0e00000) (1024K)]
  0x000001807d50fb40 JavaThread "File lock request listener"        [_thread_in_native, id=3548, stack(0x00000068f0e00000,0x00000068f0f00000) (1024K)]
  0x000001807d5101d0 JavaThread "Cache worker for file hash cache (C:\Users\hcxys\.gradle\caches\9.4.1\fileHashes)"        [_thread_blocked, id=14136, stack(0x00000068f0f00000,0x00000068f1000000) (1024K)]
  0x000001807d511580 JavaThread "Cache worker for file hash cache (C:\Users\hcxys\AndroidStudioProjects\MyApplication\.gradle\9.4.1\fileHashes)"        [_thread_blocked, id=11568, stack(0x00000068f1000000,0x00000068f1100000) (1024K)]
  0x000001807e1de9c0 JavaThread "Cache worker for Build Output Cleanup Cache (C:\Users\hcxys\AndroidStudioProjects\MyApplication\.gradle\buildOutputCleanup)"        [_thread_blocked, id=14164, stack(0x00000068f1100000,0x00000068f1200000) (1024K)]
  0x000001807e1dfd70 JavaThread "File watcher server"        daemon [_thread_in_native, id=16832, stack(0x00000068f1200000,0x00000068f1300000) (1024K)]
  0x000001807e1e0400 JavaThread "File watcher consumer"      daemon [_thread_blocked, id=9292, stack(0x00000068f1300000,0x00000068f1400000) (1024K)]
  0x000001807e1de330 JavaThread "Cache worker for file content cache (C:\Users\hcxys\.gradle\caches\9.4.1\fileContent)"        [_thread_blocked, id=13848, stack(0x00000068f1400000,0x00000068f1500000) (1024K)]
  0x000001807e1ddca0 JavaThread "Cache worker for checksums cache (C:\Users\hcxys\AndroidStudioProjects\MyApplication\.gradle\9.4.1\checksums)"        [_thread_blocked, id=15188, stack(0x00000068f1500000,0x00000068f1600000) (1024K)]
  0x000001807e1e0a90 JavaThread "Cache worker for cache directory md-supplier (C:\Users\hcxys\.gradle\caches\9.4.1\md-supplier)"        [_thread_blocked, id=2076, stack(0x00000068f1600000,0x00000068f1700000) (1024K)]
  0x000001807e1dd610 JavaThread "Cache worker for cache directory md-rule (C:\Users\hcxys\.gradle\caches\9.4.1\md-rule)"        [_thread_blocked, id=6108, stack(0x00000068f1700000,0x00000068f1800000) (1024K)]
  0x000001807e1df6e0 JavaThread "jar transforms"                    [_thread_blocked, id=2312, stack(0x00000068f1800000,0x00000068f1900000) (1024K)]
  0x000001807e1e1120 JavaThread "jar transforms Thread 2"           [_thread_blocked, id=13284, stack(0x00000068f1900000,0x00000068f1a00000) (1024K)]
  0x000001807e1e17b0 JavaThread "jar transforms Thread 3"           [_thread_blocked, id=15472, stack(0x00000068f1a00000,0x00000068f1b00000) (1024K)]
  0x000001807e1df050 JavaThread "jar transforms Thread 4"           [_thread_blocked, id=2824, stack(0x00000068f1b00000,0x00000068f1c00000) (1024K)]
  0x000001807e1e1e40 JavaThread "Build operations"                  [_thread_blocked, id=16156, stack(0x00000068f1c00000,0x00000068f1d00000) (1024K)]
  0x000001807e1e45a0 JavaThread "Build operations Thread 2"         [_thread_blocked, id=2016, stack(0x00000068f1d00000,0x00000068f1e00000) (1024K)]
  0x000001807e1e24d0 JavaThread "Build operations Thread 3"         [_thread_blocked, id=12556, stack(0x00000068f1e00000,0x00000068f1f00000) (1024K)]
  0x000001807e1e4c30 JavaThread "Build operations Thread 4"         [_thread_blocked, id=17120, stack(0x00000068f1f00000,0x00000068f2000000) (1024K)]
  0x00000180108486e0 JavaThread "build event listener"              [_thread_blocked, id=13820, stack(0x00000068f2000000,0x00000068f2100000) (1024K)]
  0x0000018010849a90 JavaThread "Memory manager"                    [_thread_blocked, id=11520, stack(0x00000068f2100000,0x00000068f2200000) (1024K)]
  0x000001801084ae40 JavaThread "build event listener"              [_thread_blocked, id=7600, stack(0x00000068f2200000,0x00000068f2300000) (1024K)]
Total: 43

Other Threads:
  0x00000180774ee720 VMThread "VM Thread"                           [id=16276, stack(0x00000068ef500000,0x00000068ef600000) (1024K)]
  0x0000018077451b50 WatcherThread "VM Periodic Task Thread"        [id=9444, stack(0x00000068ef400000,0x00000068ef500000) (1024K)]
  0x000001806f6e5a80 WorkerThread "GC Thread#0"                     [id=17208, stack(0x00000068eef00000,0x00000068ef000000) (1024K)]
  0x000001807c0fa650 WorkerThread "GC Thread#1"                     [id=7860, stack(0x00000068f0000000,0x00000068f0100000) (1024K)]
  0x000001807c15b400 WorkerThread "GC Thread#2"                     [id=16784, stack(0x00000068f0100000,0x00000068f0200000) (1024K)]
  0x000001807cd0b3e0 WorkerThread "GC Thread#3"                     [id=3608, stack(0x00000068f0200000,0x00000068f0300000) (1024K)]
  0x000001806d31bfa0 ConcurrentGCThread "G1 Main Marker"            [id=4036, stack(0x00000068ef000000,0x00000068ef100000) (1024K)]
  0x000001806d31e740 WorkerThread "G1 Conc#0"                       [id=5276, stack(0x00000068ef100000,0x00000068ef200000) (1024K)]
  0x0000018077323500 ConcurrentGCThread "G1 Refine#0"               [id=12800, stack(0x00000068ef200000,0x00000068ef300000) (1024K)]
  0x0000018077323f90 ConcurrentGCThread "G1 Service"                [id=15660, stack(0x00000068ef300000,0x00000068ef400000) (1024K)]
Total: 10

Threads with active compile tasks:
C2 CompilerThread0  71243 12479       4       org.jetbrains.kotlin.cli.jvm.index.JvmDependenciesIndexImpl::searchClasses (520 bytes)
Total: 1

VM state: not at safepoint (normal execution)

VM Mutex/Monitor currently owned by a thread: None

Heap address: 0x0000000080000000, size: 2048 MB, Compressed Oops mode: 32-bit

CDS archive(s) not mapped
Compressed class space mapped at: 0x0000000100000000-0x0000000140000000, reserved size: 1073741824
Narrow klass base: 0x0000000000000000, Narrow klass shift: 3, Narrow klass range: 0x140000000

GC Precious Log:
 CardTable entry size: 512
 Card Set container configuration: InlinePtr #cards 5 size 8 Array Of Cards #cards 12 size 40 Howl #buckets 4 coarsen threshold 1843 Howl Bitmap #cards 512 size 80 coarsen threshold 460 Card regions per heap region 1 cards per card region 2048
 CPUs: 4 total, 4 available
 Memory: 3751M
 Large Page Support: Disabled
 NUMA Support: Disabled
 Compressed Oops: Enabled (32-bit)
 Heap Region Size: 1M
 Heap Min Capacity: 8M
 Heap Initial Capacity: 60M
 Heap Max Capacity: 2G
 Pre-touch: Disabled
 Parallel Workers: 4
 Concurrent Workers: 1
 Concurrent Refinement Workers: 4
 Periodic GC: Disabled

Heap:
 garbage-first heap   total 237568K, used 182980K [0x0000000080000000, 0x0000000100000000)
  region size 1024K, 40 young (40960K), 8 survivors (8192K)
 Metaspace       used 135902K, committed 138112K, reserved 1179648K
  class space    used 18383K, committed 19456K, reserved 1048576K

Heap Regions: E=young(eden), S=young(survivor), O=old, HS=humongous(starts), HC=humongous(continues), CS=collection set, F=free, TAMS=top-at-mark-start, PB=parsable bottom
|   0|0x0000000080000000, 0x0000000080100000, 0x0000000080100000|100%|HS|  |TAMS 0x0000000080000000| PB 0x0000000080000000| Complete 
|   1|0x0000000080100000, 0x0000000080200000, 0x0000000080200000|100%|HC|  |TAMS 0x0000000080100000| PB 0x0000000080100000| Complete 
|   2|0x0000000080200000, 0x0000000080300000, 0x0000000080300000|100%|HC|  |TAMS 0x0000000080200000| PB 0x0000000080200000| Complete 
|   3|0x0000000080300000, 0x0000000080400000, 0x0000000080400000|100%|HC|  |TAMS 0x0000000080300000| PB 0x0000000080300000| Complete 
|   4|0x0000000080400000, 0x0000000080500000, 0x0000000080500000|100%| O|  |TAMS 0x0000000080400000| PB 0x0000000080400000| Untracked 
|   5|0x0000000080500000, 0x0000000080600000, 0x0000000080600000|100%| O|  |TAMS 0x0000000080500000| PB 0x0000000080500000| Untracked 
|   6|0x0000000080600000, 0x0000000080700000, 0x0000000080700000|100%| O|  |TAMS 0x0000000080600000| PB 0x0000000080600000| Untracked 
|   7|0x0000000080700000, 0x0000000080800000, 0x0000000080800000|100%| O|  |TAMS 0x0000000080700000| PB 0x0000000080700000| Untracked 
|   8|0x0000000080800000, 0x0000000080900000, 0x0000000080900000|100%|HS|  |TAMS 0x0000000080800000| PB 0x0000000080800000| Complete 
|   9|0x0000000080900000, 0x0000000080a00000, 0x0000000080a00000|100%| O|  |TAMS 0x0000000080900000| PB 0x0000000080900000| Untracked 
|  10|0x0000000080a00000, 0x0000000080b00000, 0x0000000080b00000|100%| O|  |TAMS 0x0000000080a00000| PB 0x0000000080a00000| Untracked 
|  11|0x0000000080b00000, 0x0000000080c00000, 0x0000000080c00000|100%| O|  |TAMS 0x0000000080b00000| PB 0x0000000080b00000| Untracked 
|  12|0x0000000080c00000, 0x0000000080d00000, 0x0000000080d00000|100%| O|  |TAMS 0x0000000080c00000| PB 0x0000000080c00000| Untracked 
|  13|0x0000000080d00000, 0x0000000080e00000, 0x0000000080e00000|100%| O|  |TAMS 0x0000000080d00000| PB 0x0000000080d00000| Untracked 
|  14|0x0000000080e00000, 0x0000000080f00000, 0x0000000080f00000|100%| O|  |TAMS 0x0000000080e00000| PB 0x0000000080e00000| Untracked 
|  15|0x0000000080f00000, 0x0000000081000000, 0x0000000081000000|100%| O|  |TAMS 0x0000000080f00000| PB 0x0000000080f00000| Untracked 
|  16|0x0000000081000000, 0x0000000081100000, 0x0000000081100000|100%| O|  |TAMS 0x0000000081000000| PB 0x0000000081000000| Untracked 
|  17|0x0000000081100000, 0x0000000081200000, 0x0000000081200000|100%| O|  |TAMS 0x0000000081100000| PB 0x0000000081100000| Untracked 
|  18|0x0000000081200000, 0x0000000081300000, 0x0000000081300000|100%| O|  |TAMS 0x0000000081200000| PB 0x0000000081200000| Untracked 
|  19|0x0000000081300000, 0x0000000081400000, 0x0000000081400000|100%| O|  |TAMS 0x0000000081300000| PB 0x0000000081300000| Untracked 
|  20|0x0000000081400000, 0x0000000081500000, 0x0000000081500000|100%| O|  |TAMS 0x0000000081400000| PB 0x0000000081400000| Untracked 
|  21|0x0000000081500000, 0x0000000081600000, 0x0000000081600000|100%| O|  |TAMS 0x0000000081500000| PB 0x0000000081500000| Untracked 
|  22|0x0000000081600000, 0x0000000081700000, 0x0000000081700000|100%| O|  |TAMS 0x0000000081600000| PB 0x0000000081600000| Untracked 
|  23|0x0000000081700000, 0x0000000081800000, 0x0000000081800000|100%| O|  |TAMS 0x0000000081700000| PB 0x0000000081700000| Untracked 
|  24|0x0000000081800000, 0x0000000081900000, 0x0000000081900000|100%| O|  |TAMS 0x0000000081800000| PB 0x0000000081800000| Untracked 
|  25|0x0000000081900000, 0x0000000081a00000, 0x0000000081a00000|100%| O|  |TAMS 0x0000000081900000| PB 0x0000000081900000| Untracked 
|  26|0x0000000081a00000, 0x0000000081b00000, 0x0000000081b00000|100%| O|  |TAMS 0x0000000081a00000| PB 0x0000000081a00000| Untracked 
|  27|0x0000000081b00000, 0x0000000081c00000, 0x0000000081c00000|100%| O|  |TAMS 0x0000000081b00000| PB 0x0000000081b00000| Untracked 
|  28|0x0000000081c00000, 0x0000000081d00000, 0x0000000081d00000|100%| O|  |TAMS 0x0000000081c00000| PB 0x0000000081c00000| Untracked 
|  29|0x0000000081d00000, 0x0000000081e00000, 0x0000000081e00000|100%| O|  |TAMS 0x0000000081d00000| PB 0x0000000081d00000| Untracked 
|  30|0x0000000081e00000, 0x0000000081f00000, 0x0000000081f00000|100%| O|  |TAMS 0x0000000081e00000| PB 0x0000000081e00000| Untracked 
|  31|0x0000000081f00000, 0x0000000082000000, 0x0000000082000000|100%| O|  |TAMS 0x0000000081f00000| PB 0x0000000081f00000| Untracked 
|  32|0x0000000082000000, 0x0000000082100000, 0x0000000082100000|100%| O|  |TAMS 0x0000000082000000| PB 0x0000000082000000| Untracked 
|  33|0x0000000082100000, 0x0000000082200000, 0x0000000082200000|100%| O|  |TAMS 0x0000000082100000| PB 0x0000000082100000| Untracked 
|  34|0x0000000082200000, 0x0000000082300000, 0x0000000082300000|100%| O|  |TAMS 0x0000000082200000| PB 0x0000000082200000| Untracked 
|  35|0x0000000082300000, 0x0000000082400000, 0x0000000082400000|100%|HS|  |TAMS 0x0000000082300000| PB 0x0000000082300000| Complete 
|  36|0x0000000082400000, 0x0000000082500000, 0x0000000082500000|100%|HC|  |TAMS 0x0000000082400000| PB 0x0000000082400000| Complete 
|  37|0x0000000082500000, 0x0000000082600000, 0x0000000082600000|100%| O|  |TAMS 0x0000000082500000| PB 0x0000000082500000| Untracked 
|  38|0x0000000082600000, 0x0000000082700000, 0x0000000082700000|100%| O|  |TAMS 0x0000000082600000| PB 0x0000000082600000| Untracked 
|  39|0x0000000082700000, 0x0000000082800000, 0x0000000082800000|100%| O|  |TAMS 0x0000000082700000| PB 0x0000000082700000| Untracked 
|  40|0x0000000082800000, 0x0000000082900000, 0x0000000082900000|100%| O|  |TAMS 0x0000000082800000| PB 0x0000000082800000| Untracked 
|  41|0x0000000082900000, 0x0000000082a00000, 0x0000000082a00000|100%| O|  |TAMS 0x0000000082900000| PB 0x0000000082900000| Untracked 
|  42|0x0000000082a00000, 0x0000000082b00000, 0x0000000082b00000|100%| O|  |TAMS 0x0000000082a00000| PB 0x0000000082a00000| Untracked 
|  43|0x0000000082b00000, 0x0000000082c00000, 0x0000000082c00000|100%| O|  |TAMS 0x0000000082b00000| PB 0x0000000082b00000| Untracked 
|  44|0x0000000082c00000, 0x0000000082d00000, 0x0000000082d00000|100%| O|  |TAMS 0x0000000082c00000| PB 0x0000000082c00000| Untracked 
|  45|0x0000000082d00000, 0x0000000082e00000, 0x0000000082e00000|100%| O|  |TAMS 0x0000000082d00000| PB 0x0000000082d00000| Untracked 
|  46|0x0000000082e00000, 0x0000000082f00000, 0x0000000082f00000|100%| O|  |TAMS 0x0000000082e00000| PB 0x0000000082e00000| Untracked 
|  47|0x0000000082f00000, 0x0000000083000000, 0x0000000083000000|100%| O|  |TAMS 0x0000000082f00000| PB 0x0000000082f00000| Untracked 
|  48|0x0000000083000000, 0x0000000083100000, 0x0000000083100000|100%|HS|  |TAMS 0x0000000083000000| PB 0x0000000083000000| Complete 
|  49|0x0000000083100000, 0x0000000083200000, 0x0000000083200000|100%|HS|  |TAMS 0x0000000083100000| PB 0x0000000083100000| Complete 
|  50|0x0000000083200000, 0x0000000083300000, 0x0000000083300000|100%|HS|  |TAMS 0x0000000083200000| PB 0x0000000083200000| Complete 
|  51|0x0000000083300000, 0x0000000083400000, 0x0000000083400000|100%|HS|  |TAMS 0x0000000083300000| PB 0x0000000083300000| Complete 
|  52|0x0000000083400000, 0x0000000083500000, 0x0000000083500000|100%|HC|  |TAMS 0x0000000083400000| PB 0x0000000083400000| Complete 
|  53|0x0000000083500000, 0x0000000083600000, 0x0000000083600000|100%| O|  |TAMS 0x0000000083500000| PB 0x0000000083500000| Untracked 
|  54|0x0000000083600000, 0x0000000083700000, 0x0000000083700000|100%|HS|  |TAMS 0x0000000083600000| PB 0x0000000083600000| Complete 
|  55|0x0000000083700000, 0x0000000083800000, 0x0000000083800000|100%|HS|  |TAMS 0x0000000083700000| PB 0x0000000083700000| Complete 
|  56|0x0000000083800000, 0x0000000083900000, 0x0000000083900000|100%| O|  |TAMS 0x0000000083800000| PB 0x0000000083800000| Untracked 
|  57|0x0000000083900000, 0x0000000083a00000, 0x0000000083a00000|100%|HS|  |TAMS 0x0000000083900000| PB 0x0000000083900000| Complete 
|  58|0x0000000083a00000, 0x0000000083b00000, 0x0000000083b00000|100%|HC|  |TAMS 0x0000000083a00000| PB 0x0000000083a00000| Complete 
|  59|0x0000000083b00000, 0x0000000083c00000, 0x0000000083c00000|100%| O|  |TAMS 0x0000000083b00000| PB 0x0000000083b00000| Untracked 
|  60|0x0000000083c00000, 0x0000000083d00000, 0x0000000083d00000|100%| O|  |TAMS 0x0000000083c00000| PB 0x0000000083c00000| Untracked 
|  61|0x0000000083d00000, 0x0000000083e00000, 0x0000000083e00000|100%|HS|  |TAMS 0x0000000083d00000| PB 0x0000000083d00000| Complete 
|  62|0x0000000083e00000, 0x0000000083f00000, 0x0000000083f00000|100%| O|  |TAMS 0x0000000083e00000| PB 0x0000000083e00000| Untracked 
|  63|0x0000000083f00000, 0x0000000084000000, 0x0000000084000000|100%| O|  |TAMS 0x0000000083f00000| PB 0x0000000083f00000| Untracked 
|  64|0x0000000084000000, 0x0000000084100000, 0x0000000084100000|100%| O|  |TAMS 0x0000000084000000| PB 0x0000000084000000| Untracked 
|  65|0x0000000084100000, 0x0000000084200000, 0x0000000084200000|100%| O|  |TAMS 0x0000000084100000| PB 0x0000000084100000| Untracked 
|  66|0x0000000084200000, 0x0000000084300000, 0x0000000084300000|100%| O|  |TAMS 0x0000000084200000| PB 0x0000000084200000| Untracked 
|  67|0x0000000084300000, 0x0000000084400000, 0x0000000084400000|100%| O|  |TAMS 0x0000000084300000| PB 0x0000000084300000| Untracked 
|  68|0x0000000084400000, 0x0000000084500000, 0x0000000084500000|100%| O|  |TAMS 0x0000000084400000| PB 0x0000000084400000| Untracked 
|  69|0x0000000084500000, 0x0000000084600000, 0x0000000084600000|100%|HS|  |TAMS 0x0000000084500000| PB 0x0000000084500000| Complete 
|  70|0x0000000084600000, 0x0000000084700000, 0x0000000084700000|100%| O|  |TAMS 0x0000000084600000| PB 0x0000000084600000| Untracked 
|  71|0x0000000084700000, 0x0000000084800000, 0x0000000084800000|100%| O|  |TAMS 0x0000000084700000| PB 0x0000000084700000| Untracked 
|  72|0x0000000084800000, 0x0000000084900000, 0x0000000084900000|100%| O|  |TAMS 0x0000000084800000| PB 0x0000000084800000| Untracked 
|  73|0x0000000084900000, 0x0000000084a00000, 0x0000000084a00000|100%| O|  |TAMS 0x0000000084900000| PB 0x0000000084900000| Untracked 
|  74|0x0000000084a00000, 0x0000000084b00000, 0x0000000084b00000|100%| O|  |TAMS 0x0000000084a00000| PB 0x0000000084a00000| Untracked 
|  75|0x0000000084b00000, 0x0000000084c00000, 0x0000000084c00000|100%| O|  |TAMS 0x0000000084b00000| PB 0x0000000084b00000| Untracked 
|  76|0x0000000084c00000, 0x0000000084d00000, 0x0000000084d00000|100%| O|  |TAMS 0x0000000084c00000| PB 0x0000000084c00000| Untracked 
|  77|0x0000000084d00000, 0x0000000084e00000, 0x0000000084e00000|100%| O|  |TAMS 0x0000000084d00000| PB 0x0000000084d00000| Untracked 
|  78|0x0000000084e00000, 0x0000000084f00000, 0x0000000084f00000|100%| O|  |TAMS 0x0000000084e00000| PB 0x0000000084e00000| Untracked 
|  79|0x0000000084f00000, 0x0000000085000000, 0x0000000085000000|100%| O|  |TAMS 0x0000000084f00000| PB 0x0000000084f00000| Untracked 
|  80|0x0000000085000000, 0x0000000085100000, 0x0000000085100000|100%| O|  |TAMS 0x0000000085000000| PB 0x0000000085000000| Untracked 
|  81|0x0000000085100000, 0x0000000085200000, 0x0000000085200000|100%| O|  |TAMS 0x0000000085100000| PB 0x0000000085100000| Untracked 
|  82|0x0000000085200000, 0x0000000085300000, 0x0000000085300000|100%|HS|  |TAMS 0x0000000085200000| PB 0x0000000085200000| Complete 
|  83|0x0000000085300000, 0x0000000085400000, 0x0000000085400000|100%| O|  |TAMS 0x0000000085300000| PB 0x0000000085300000| Untracked 
|  84|0x0000000085400000, 0x0000000085500000, 0x0000000085500000|100%| O|  |TAMS 0x0000000085400000| PB 0x0000000085400000| Untracked 
|  85|0x0000000085500000, 0x0000000085600000, 0x0000000085600000|100%| O|  |TAMS 0x0000000085500000| PB 0x0000000085500000| Untracked 
|  86|0x0000000085600000, 0x0000000085700000, 0x0000000085700000|100%| O|  |TAMS 0x0000000085600000| PB 0x0000000085600000| Untracked 
|  87|0x0000000085700000, 0x0000000085800000, 0x0000000085800000|100%| O|  |TAMS 0x0000000085700000| PB 0x0000000085700000| Untracked 
|  88|0x0000000085800000, 0x0000000085900000, 0x0000000085900000|100%| O|  |TAMS 0x0000000085800000| PB 0x0000000085800000| Untracked 
|  89|0x0000000085900000, 0x0000000085a00000, 0x0000000085a00000|100%| O|  |TAMS 0x0000000085900000| PB 0x0000000085900000| Untracked 
|  90|0x0000000085a00000, 0x0000000085b00000, 0x0000000085b00000|100%| O|  |TAMS 0x0000000085a00000| PB 0x0000000085a00000| Untracked 
|  91|0x0000000085b00000, 0x0000000085c00000, 0x0000000085c00000|100%| O|  |TAMS 0x0000000085b00000| PB 0x0000000085b00000| Untracked 
|  92|0x0000000085c00000, 0x0000000085d00000, 0x0000000085d00000|100%| O|  |TAMS 0x0000000085c00000| PB 0x0000000085c00000| Untracked 
|  93|0x0000000085d00000, 0x0000000085e00000, 0x0000000085e00000|100%| O|  |TAMS 0x0000000085d00000| PB 0x0000000085d00000| Untracked 
|  94|0x0000000085e00000, 0x0000000085f00000, 0x0000000085f00000|100%| O|  |TAMS 0x0000000085e00000| PB 0x0000000085e00000| Untracked 
|  95|0x0000000085f00000, 0x0000000086000000, 0x0000000086000000|100%| O|  |TAMS 0x0000000085f00000| PB 0x0000000085f00000| Untracked 
|  96|0x0000000086000000, 0x0000000086100000, 0x0000000086100000|100%| O|  |TAMS 0x0000000086000000| PB 0x0000000086000000| Untracked 
|  97|0x0000000086100000, 0x0000000086200000, 0x0000000086200000|100%| O|Cm|TAMS 0x0000000086100000| PB 0x0000000086100000| Complete 
|  98|0x0000000086200000, 0x0000000086300000, 0x0000000086300000|100%| O|  |TAMS 0x0000000086200000| PB 0x0000000086200000| Untracked 
|  99|0x0000000086300000, 0x0000000086400000, 0x0000000086400000|100%| O|  |TAMS 0x0000000086300000| PB 0x0000000086300000| Untracked 
| 100|0x0000000086400000, 0x0000000086500000, 0x0000000086500000|100%| O|  |TAMS 0x0000000086400000| PB 0x0000000086400000| Untracked 
| 101|0x0000000086500000, 0x0000000086600000, 0x0000000086600000|100%| O|  |TAMS 0x0000000086500000| PB 0x0000000086500000| Untracked 
| 102|0x0000000086600000, 0x0000000086700000, 0x0000000086700000|100%| O|  |TAMS 0x0000000086600000| PB 0x0000000086600000| Untracked 
| 103|0x0000000086700000, 0x0000000086800000, 0x0000000086800000|100%| O|  |TAMS 0x0000000086700000| PB 0x0000000086700000| Untracked 
| 104|0x0000000086800000, 0x0000000086900000, 0x0000000086900000|100%| O|Cm|TAMS 0x0000000086800000| PB 0x0000000086800000| Complete 
| 105|0x0000000086900000, 0x0000000086a00000, 0x0000000086a00000|100%| O|  |TAMS 0x0000000086900000| PB 0x0000000086900000| Untracked 
| 106|0x0000000086a00000, 0x0000000086b00000, 0x0000000086b00000|100%| O|  |TAMS 0x0000000086a00000| PB 0x0000000086a00000| Untracked 
| 107|0x0000000086b00000, 0x0000000086c00000, 0x0000000086c00000|100%| O|Cm|TAMS 0x0000000086b00000| PB 0x0000000086b00000| Complete 
| 108|0x0000000086c00000, 0x0000000086d00000, 0x0000000086d00000|100%| O|  |TAMS 0x0000000086c00000| PB 0x0000000086c00000| Untracked 
| 109|0x0000000086d00000, 0x0000000086e00000, 0x0000000086e00000|100%| O|  |TAMS 0x0000000086d00000| PB 0x0000000086d00000| Untracked 
| 110|0x0000000086e00000, 0x0000000086f00000, 0x0000000086f00000|100%| O|  |TAMS 0x0000000086e00000| PB 0x0000000086e00000| Untracked 
| 111|0x0000000086f00000, 0x0000000087000000, 0x0000000087000000|100%| O|  |TAMS 0x0000000086f00000| PB 0x0000000086f00000| Untracked 
| 112|0x0000000087000000, 0x0000000087100000, 0x0000000087100000|100%| O|  |TAMS 0x0000000087000000| PB 0x0000000087000000| Untracked 
| 113|0x0000000087100000, 0x0000000087200000, 0x0000000087200000|100%| O|  |TAMS 0x0000000087100000| PB 0x0000000087100000| Untracked 
| 114|0x0000000087200000, 0x0000000087300000, 0x0000000087300000|100%|HS|  |TAMS 0x0000000087200000| PB 0x0000000087200000| Complete 
| 115|0x0000000087300000, 0x0000000087400000, 0x0000000087400000|100%| O|  |TAMS 0x0000000087300000| PB 0x0000000087300000| Untracked 
| 116|0x0000000087400000, 0x0000000087500000, 0x0000000087500000|100%| O|  |TAMS 0x0000000087400000| PB 0x0000000087400000| Untracked 
| 117|0x0000000087500000, 0x0000000087600000, 0x0000000087600000|100%| O|  |TAMS 0x0000000087500000| PB 0x0000000087500000| Untracked 
| 118|0x0000000087600000, 0x0000000087700000, 0x0000000087700000|100%| O|  |TAMS 0x0000000087600000| PB 0x0000000087600000| Untracked 
| 119|0x0000000087700000, 0x0000000087800000, 0x0000000087800000|100%| O|  |TAMS 0x0000000087700000| PB 0x0000000087700000| Untracked 
| 120|0x0000000087800000, 0x0000000087900000, 0x0000000087900000|100%| O|  |TAMS 0x0000000087800000| PB 0x0000000087800000| Untracked 
| 121|0x0000000087900000, 0x0000000087a00000, 0x0000000087a00000|100%| O|  |TAMS 0x0000000087900000| PB 0x0000000087900000| Untracked 
| 122|0x0000000087a00000, 0x0000000087ab1390, 0x0000000087b00000| 69%| O|  |TAMS 0x0000000087a00000| PB 0x0000000087a00000| Untracked 
| 123|0x0000000087b00000, 0x0000000087b00000, 0x0000000087c00000|  0%| F|  |TAMS 0x0000000087b00000| PB 0x0000000087b00000| Untracked 
| 124|0x0000000087c00000, 0x0000000087c00000, 0x0000000087d00000|  0%| F|  |TAMS 0x0000000087c00000| PB 0x0000000087c00000| Untracked 
| 125|0x0000000087d00000, 0x0000000087d00000, 0x0000000087e00000|  0%| F|  |TAMS 0x0000000087d00000| PB 0x0000000087d00000| Untracked 
| 126|0x0000000087e00000, 0x0000000087e00000, 0x0000000087f00000|  0%| F|  |TAMS 0x0000000087e00000| PB 0x0000000087e00000| Untracked 
| 127|0x0000000087f00000, 0x0000000087f00000, 0x0000000088000000|  0%| F|  |TAMS 0x0000000087f00000| PB 0x0000000087f00000| Untracked 
| 128|0x0000000088000000, 0x0000000088000000, 0x0000000088100000|  0%| F|  |TAMS 0x0000000088000000| PB 0x0000000088000000| Untracked 
| 129|0x0000000088100000, 0x0000000088100000, 0x0000000088200000|  0%| F|  |TAMS 0x0000000088100000| PB 0x0000000088100000| Untracked 
| 130|0x0000000088200000, 0x0000000088200000, 0x0000000088300000|  0%| F|  |TAMS 0x0000000088200000| PB 0x0000000088200000| Untracked 
| 131|0x0000000088300000, 0x0000000088300000, 0x0000000088400000|  0%| F|  |TAMS 0x0000000088300000| PB 0x0000000088300000| Untracked 
| 132|0x0000000088400000, 0x0000000088400000, 0x0000000088500000|  0%| F|  |TAMS 0x0000000088400000| PB 0x0000000088400000| Untracked 
| 133|0x0000000088500000, 0x0000000088500000, 0x0000000088600000|  0%| F|  |TAMS 0x0000000088500000| PB 0x0000000088500000| Untracked 
| 134|0x0000000088600000, 0x0000000088600000, 0x0000000088700000|  0%| F|  |TAMS 0x0000000088600000| PB 0x0000000088600000| Untracked 
| 135|0x0000000088700000, 0x0000000088700000, 0x0000000088800000|  0%| F|  |TAMS 0x0000000088700000| PB 0x0000000088700000| Untracked 
| 136|0x0000000088800000, 0x0000000088800000, 0x0000000088900000|  0%| F|  |TAMS 0x0000000088800000| PB 0x0000000088800000| Untracked 
| 137|0x0000000088900000, 0x0000000088900000, 0x0000000088a00000|  0%| F|  |TAMS 0x0000000088900000| PB 0x0000000088900000| Untracked 
| 138|0x0000000088a00000, 0x0000000088a00000, 0x0000000088b00000|  0%| F|  |TAMS 0x0000000088a00000| PB 0x0000000088a00000| Untracked 
| 139|0x0000000088b00000, 0x0000000088b00000, 0x0000000088c00000|  0%| F|  |TAMS 0x0000000088b00000| PB 0x0000000088b00000| Untracked 
| 140|0x0000000088c00000, 0x0000000088c00000, 0x0000000088d00000|  0%| F|  |TAMS 0x0000000088c00000| PB 0x0000000088c00000| Untracked 
| 141|0x0000000088d00000, 0x0000000088d00000, 0x0000000088e00000|  0%| F|  |TAMS 0x0000000088d00000| PB 0x0000000088d00000| Untracked 
| 142|0x0000000088e00000, 0x0000000088e00000, 0x0000000088f00000|  0%| F|  |TAMS 0x0000000088e00000| PB 0x0000000088e00000| Untracked 
| 143|0x0000000088f00000, 0x0000000088f00000, 0x0000000089000000|  0%| F|  |TAMS 0x0000000088f00000| PB 0x0000000088f00000| Untracked 
| 144|0x0000000089000000, 0x0000000089000000, 0x0000000089100000|  0%| F|  |TAMS 0x0000000089000000| PB 0x0000000089000000| Untracked 
| 145|0x0000000089100000, 0x0000000089100000, 0x0000000089200000|  0%| F|  |TAMS 0x0000000089100000| PB 0x0000000089100000| Untracked 
| 146|0x0000000089200000, 0x0000000089200000, 0x0000000089300000|  0%| F|  |TAMS 0x0000000089200000| PB 0x0000000089200000| Untracked 
| 147|0x0000000089300000, 0x0000000089300000, 0x0000000089400000|  0%| F|  |TAMS 0x0000000089300000| PB 0x0000000089300000| Untracked 
| 148|0x0000000089400000, 0x0000000089400000, 0x0000000089500000|  0%| F|  |TAMS 0x0000000089400000| PB 0x0000000089400000| Untracked 
| 149|0x0000000089500000, 0x0000000089500000, 0x0000000089600000|  0%| F|  |TAMS 0x0000000089500000| PB 0x0000000089500000| Untracked 
| 150|0x0000000089600000, 0x0000000089600000, 0x0000000089700000|  0%| F|  |TAMS 0x0000000089600000| PB 0x0000000089600000| Untracked 
| 151|0x0000000089700000, 0x0000000089700000, 0x0000000089800000|  0%| F|  |TAMS 0x0000000089700000| PB 0x0000000089700000| Untracked 
| 152|0x0000000089800000, 0x0000000089800000, 0x0000000089900000|  0%| F|  |TAMS 0x0000000089800000| PB 0x0000000089800000| Untracked 
| 153|0x0000000089900000, 0x0000000089900000, 0x0000000089a00000|  0%| F|  |TAMS 0x0000000089900000| PB 0x0000000089900000| Untracked 
| 154|0x0000000089a00000, 0x0000000089a00000, 0x0000000089b00000|  0%| F|  |TAMS 0x0000000089a00000| PB 0x0000000089a00000| Untracked 
| 155|0x0000000089b00000, 0x0000000089b00000, 0x0000000089c00000|  0%| F|  |TAMS 0x0000000089b00000| PB 0x0000000089b00000| Untracked 
| 156|0x0000000089c00000, 0x0000000089d00000, 0x0000000089d00000|100%| S|CS|TAMS 0x0000000089c00000| PB 0x0000000089c00000| Complete 
| 157|0x0000000089d00000, 0x0000000089e00000, 0x0000000089e00000|100%| S|CS|TAMS 0x0000000089d00000| PB 0x0000000089d00000| Complete 
| 158|0x0000000089e00000, 0x0000000089f00000, 0x0000000089f00000|100%| S|CS|TAMS 0x0000000089e00000| PB 0x0000000089e00000| Complete 
| 159|0x0000000089f00000, 0x000000008a000000, 0x000000008a000000|100%| S|CS|TAMS 0x0000000089f00000| PB 0x0000000089f00000| Complete 
| 160|0x000000008a000000, 0x000000008a100000, 0x000000008a100000|100%| S|CS|TAMS 0x000000008a000000| PB 0x000000008a000000| Complete 
| 161|0x000000008a100000, 0x000000008a200000, 0x000000008a200000|100%| S|CS|TAMS 0x000000008a100000| PB 0x000000008a100000| Complete 
| 162|0x000000008a200000, 0x000000008a300000, 0x000000008a300000|100%| S|CS|TAMS 0x000000008a200000| PB 0x000000008a200000| Complete 
| 163|0x000000008a300000, 0x000000008a400000, 0x000000008a400000|100%| S|CS|TAMS 0x000000008a300000| PB 0x000000008a300000| Complete 
| 164|0x000000008a400000, 0x000000008a400000, 0x000000008a500000|  0%| F|  |TAMS 0x000000008a400000| PB 0x000000008a400000| Untracked 
| 165|0x000000008a500000, 0x000000008a500000, 0x000000008a600000|  0%| F|  |TAMS 0x000000008a500000| PB 0x000000008a500000| Untracked 
| 166|0x000000008a600000, 0x000000008a600000, 0x000000008a700000|  0%| F|  |TAMS 0x000000008a600000| PB 0x000000008a600000| Untracked 
| 167|0x000000008a700000, 0x000000008a700000, 0x000000008a800000|  0%| F|  |TAMS 0x000000008a700000| PB 0x000000008a700000| Untracked 
| 168|0x000000008a800000, 0x000000008a800000, 0x000000008a900000|  0%| F|  |TAMS 0x000000008a800000| PB 0x000000008a800000| Untracked 
| 169|0x000000008a900000, 0x000000008a900000, 0x000000008aa00000|  0%| F|  |TAMS 0x000000008a900000| PB 0x000000008a900000| Untracked 
| 170|0x000000008aa00000, 0x000000008aa00000, 0x000000008ab00000|  0%| F|  |TAMS 0x000000008aa00000| PB 0x000000008aa00000| Untracked 
| 171|0x000000008ab00000, 0x000000008ab00000, 0x000000008ac00000|  0%| F|  |TAMS 0x000000008ab00000| PB 0x000000008ab00000| Untracked 
| 172|0x000000008ac00000, 0x000000008ac00000, 0x000000008ad00000|  0%| F|  |TAMS 0x000000008ac00000| PB 0x000000008ac00000| Untracked 
| 173|0x000000008ad00000, 0x000000008ad00000, 0x000000008ae00000|  0%| F|  |TAMS 0x000000008ad00000| PB 0x000000008ad00000| Untracked 
| 174|0x000000008ae00000, 0x000000008ae00000, 0x000000008af00000|  0%| F|  |TAMS 0x000000008ae00000| PB 0x000000008ae00000| Untracked 
| 175|0x000000008af00000, 0x000000008af00000, 0x000000008b000000|  0%| F|  |TAMS 0x000000008af00000| PB 0x000000008af00000| Untracked 
| 176|0x000000008b000000, 0x000000008b000000, 0x000000008b100000|  0%| F|  |TAMS 0x000000008b000000| PB 0x000000008b000000| Untracked 
| 177|0x000000008b100000, 0x000000008b100000, 0x000000008b200000|  0%| F|  |TAMS 0x000000008b100000| PB 0x000000008b100000| Untracked 
| 178|0x000000008b200000, 0x000000008b200000, 0x000000008b300000|  0%| F|  |TAMS 0x000000008b200000| PB 0x000000008b200000| Untracked 
| 179|0x000000008b300000, 0x000000008b300000, 0x000000008b400000|  0%| F|  |TAMS 0x000000008b300000| PB 0x000000008b300000| Untracked 
| 180|0x000000008b400000, 0x000000008b500000, 0x000000008b500000|100%| E|  |TAMS 0x000000008b400000| PB 0x000000008b400000| Complete 
| 181|0x000000008b500000, 0x000000008b600000, 0x000000008b600000|100%| E|CS|TAMS 0x000000008b500000| PB 0x000000008b500000| Complete 
| 182|0x000000008b600000, 0x000000008b700000, 0x000000008b700000|100%| E|CS|TAMS 0x000000008b600000| PB 0x000000008b600000| Complete 
| 183|0x000000008b700000, 0x000000008b800000, 0x000000008b800000|100%| E|CS|TAMS 0x000000008b700000| PB 0x000000008b700000| Complete 
| 184|0x000000008b800000, 0x000000008b900000, 0x000000008b900000|100%| E|CS|TAMS 0x000000008b800000| PB 0x000000008b800000| Complete 
| 185|0x000000008b900000, 0x000000008ba00000, 0x000000008ba00000|100%| E|CS|TAMS 0x000000008b900000| PB 0x000000008b900000| Complete 
| 186|0x000000008ba00000, 0x000000008bb00000, 0x000000008bb00000|100%| E|CS|TAMS 0x000000008ba00000| PB 0x000000008ba00000| Complete 
| 187|0x000000008bb00000, 0x000000008bc00000, 0x000000008bc00000|100%| E|CS|TAMS 0x000000008bb00000| PB 0x000000008bb00000| Complete 
| 188|0x000000008bc00000, 0x000000008bd00000, 0x000000008bd00000|100%| E|CS|TAMS 0x000000008bc00000| PB 0x000000008bc00000| Complete 
| 189|0x000000008bd00000, 0x000000008be00000, 0x000000008be00000|100%| E|CS|TAMS 0x000000008bd00000| PB 0x000000008bd00000| Complete 
| 190|0x000000008be00000, 0x000000008bf00000, 0x000000008bf00000|100%| E|CS|TAMS 0x000000008be00000| PB 0x000000008be00000| Complete 
| 191|0x000000008bf00000, 0x000000008c000000, 0x000000008c000000|100%| E|CS|TAMS 0x000000008bf00000| PB 0x000000008bf00000| Complete 
| 192|0x000000008c000000, 0x000000008c100000, 0x000000008c100000|100%| E|CS|TAMS 0x000000008c000000| PB 0x000000008c000000| Complete 
| 193|0x000000008c100000, 0x000000008c200000, 0x000000008c200000|100%| E|CS|TAMS 0x000000008c100000| PB 0x000000008c100000| Complete 
| 194|0x000000008c200000, 0x000000008c300000, 0x000000008c300000|100%| E|CS|TAMS 0x000000008c200000| PB 0x000000008c200000| Complete 
| 195|0x000000008c300000, 0x000000008c400000, 0x000000008c400000|100%| E|CS|TAMS 0x000000008c300000| PB 0x000000008c300000| Complete 
| 196|0x000000008c400000, 0x000000008c500000, 0x000000008c500000|100%| E|CS|TAMS 0x000000008c400000| PB 0x000000008c400000| Complete 
| 197|0x000000008c500000, 0x000000008c600000, 0x000000008c600000|100%| E|CS|TAMS 0x000000008c500000| PB 0x000000008c500000| Complete 
| 198|0x000000008c600000, 0x000000008c700000, 0x000000008c700000|100%| E|CS|TAMS 0x000000008c600000| PB 0x000000008c600000| Complete 
| 199|0x000000008c700000, 0x000000008c800000, 0x000000008c800000|100%| E|CS|TAMS 0x000000008c700000| PB 0x000000008c700000| Complete 
| 200|0x000000008c800000, 0x000000008c900000, 0x000000008c900000|100%| E|CS|TAMS 0x000000008c800000| PB 0x000000008c800000| Complete 
| 201|0x000000008c900000, 0x000000008ca00000, 0x000000008ca00000|100%| E|CS|TAMS 0x000000008c900000| PB 0x000000008c900000| Complete 
| 202|0x000000008ca00000, 0x000000008cb00000, 0x000000008cb00000|100%| E|CS|TAMS 0x000000008ca00000| PB 0x000000008ca00000| Complete 
| 203|0x000000008cb00000, 0x000000008cc00000, 0x000000008cc00000|100%| E|CS|TAMS 0x000000008cb00000| PB 0x000000008cb00000| Complete 
| 204|0x000000008cc00000, 0x000000008cd00000, 0x000000008cd00000|100%| E|CS|TAMS 0x000000008cc00000| PB 0x000000008cc00000| Complete 
| 205|0x000000008cd00000, 0x000000008ce00000, 0x000000008ce00000|100%| E|CS|TAMS 0x000000008cd00000| PB 0x000000008cd00000| Complete 
| 206|0x000000008ce00000, 0x000000008cf00000, 0x000000008cf00000|100%| E|CS|TAMS 0x000000008ce00000| PB 0x000000008ce00000| Complete 
| 207|0x000000008cf00000, 0x000000008d000000, 0x000000008d000000|100%| E|CS|TAMS 0x000000008cf00000| PB 0x000000008cf00000| Complete 
| 208|0x000000008d000000, 0x000000008d100000, 0x000000008d100000|100%| E|CS|TAMS 0x000000008d000000| PB 0x000000008d000000| Complete 
|2025|0x00000000fe900000, 0x00000000fea00000, 0x00000000fea00000|100%| E|CS|TAMS 0x00000000fe900000| PB 0x00000000fe900000| Complete 
|2026|0x00000000fea00000, 0x00000000feb00000, 0x00000000feb00000|100%| O|  |TAMS 0x00000000fea00000| PB 0x00000000fea00000| Untracked 
|2027|0x00000000feb00000, 0x00000000fec00000, 0x00000000fec00000|100%| O|  |TAMS 0x00000000feb00000| PB 0x00000000feb00000| Untracked 
|2028|0x00000000fec00000, 0x00000000fed00000, 0x00000000fed00000|100%| O|  |TAMS 0x00000000fec00000| PB 0x00000000fec00000| Untracked 
|2029|0x00000000fed00000, 0x00000000fee00000, 0x00000000fee00000|100%| O|  |TAMS 0x00000000fed00000| PB 0x00000000fed00000| Untracked 
|2030|0x00000000fee00000, 0x00000000fef00000, 0x00000000fef00000|100%| O|  |TAMS 0x00000000fee00000| PB 0x00000000fee00000| Untracked 
|2031|0x00000000fef00000, 0x00000000ff000000, 0x00000000ff000000|100%| O|  |TAMS 0x00000000fef00000| PB 0x00000000fef00000| Untracked 
|2032|0x00000000ff000000, 0x00000000ff100000, 0x00000000ff100000|100%| O|  |TAMS 0x00000000ff000000| PB 0x00000000ff000000| Untracked 
|2033|0x00000000ff100000, 0x00000000ff200000, 0x00000000ff200000|100%| O|  |TAMS 0x00000000ff100000| PB 0x00000000ff100000| Untracked 
|2034|0x00000000ff200000, 0x00000000ff300000, 0x00000000ff300000|100%| O|  |TAMS 0x00000000ff200000| PB 0x00000000ff200000| Untracked 
|2035|0x00000000ff300000, 0x00000000ff400000, 0x00000000ff400000|100%| O|  |TAMS 0x00000000ff300000| PB 0x00000000ff300000| Untracked 
|2036|0x00000000ff400000, 0x00000000ff500000, 0x00000000ff500000|100%| O|  |TAMS 0x00000000ff400000| PB 0x00000000ff400000| Untracked 
|2037|0x00000000ff500000, 0x00000000ff600000, 0x00000000ff600000|100%| O|  |TAMS 0x00000000ff500000| PB 0x00000000ff500000| Untracked 
|2038|0x00000000ff600000, 0x00000000ff700000, 0x00000000ff700000|100%| O|  |TAMS 0x00000000ff600000| PB 0x00000000ff600000| Untracked 
|2039|0x00000000ff700000, 0x00000000ff800000, 0x00000000ff800000|100%| E|CS|TAMS 0x00000000ff700000| PB 0x00000000ff700000| Complete 
|2040|0x00000000ff800000, 0x00000000ff900000, 0x00000000ff900000|100%| E|CS|TAMS 0x00000000ff800000| PB 0x00000000ff800000| Complete 
|2041|0x00000000ff900000, 0x00000000ffa00000, 0x00000000ffa00000|100%| O|  |TAMS 0x00000000ff900000| PB 0x00000000ff900000| Untracked 
|2042|0x00000000ffa00000, 0x00000000ffb00000, 0x00000000ffb00000|100%| E|CS|TAMS 0x00000000ffa00000| PB 0x00000000ffa00000| Complete 
|2043|0x00000000ffb00000, 0x00000000ffc00000, 0x00000000ffc00000|100%| O|  |TAMS 0x00000000ffb00000| PB 0x00000000ffb00000| Untracked 
|2044|0x00000000ffc00000, 0x00000000ffd00000, 0x00000000ffd00000|100%| O|  |TAMS 0x00000000ffc00000| PB 0x00000000ffc00000| Untracked 
|2045|0x00000000ffd00000, 0x00000000ffe00000, 0x00000000ffe00000|100%| E|CS|TAMS 0x00000000ffd00000| PB 0x00000000ffd00000| Complete 
|2046|0x00000000ffe00000, 0x00000000fff00000, 0x00000000fff00000|100%| E|CS|TAMS 0x00000000ffe00000| PB 0x00000000ffe00000| Complete 
|2047|0x00000000fff00000, 0x0000000100000000, 0x0000000100000000|100%| O|  |TAMS 0x00000000fff00000| PB 0x00000000fff00000| Untracked 

Card table byte_map: [0x0000018072bc0000,0x0000018072fc0000] _byte_map_base: 0x00000180727c0000

Marking Bits: (CMBitMap*) 0x000001806f6e60a0
 Bits: [0x0000018072fc0000, 0x0000018074fc0000)

Polling page: 0x000001806d680000

Metaspace:

Usage:
  Non-class:    114.95 MB used.
      Class:     17.97 MB used.
       Both:    132.92 MB used.

Virtual space:
  Non-class space:      128.00 MB reserved,     116.06 MB ( 91%) committed,  2 nodes.
      Class space:        1.00 GB reserved,      19.06 MB (  2%) committed,  1 nodes.
             Both:        1.12 GB reserved,     135.12 MB ( 12%) committed. 

Chunk freelists:
   Non-Class:  11.47 MB
       Class:  12.98 MB
        Both:  24.45 MB

MaxMetaspaceSize: unlimited
CompressedClassSpaceSize: 1.00 GB
Initial GC threshold: 21.00 MB
Current GC threshold: 213.44 MB
CDS: off
 - commit_granule_bytes: 65536.
 - commit_granule_words: 8192.
 - virtual_space_node_default_size: 8388608.
 - enlarge_chunks_in_place: 1.
 - use_allocation_guard: 0.


Internal statistics:

num_allocs_failed_limit: 6.
num_arena_births: 4180.
num_arena_deaths: 0.
num_vsnodes_births: 3.
num_vsnodes_deaths: 0.
num_space_committed: 2161.
num_space_uncommitted: 0.
num_chunks_returned_to_freelist: 6.
num_chunks_taken_from_freelist: 9676.
num_chunk_merges: 3.
num_chunk_splits: 6618.
num_chunks_enlarged: 4503.
num_inconsistent_stats: 0.

CodeHeap 'non-profiled nmethods': size=120000Kb used=6150Kb max_used=6150Kb free=113849Kb
 bounds [0x0000018007ad0000, 0x00000180080e0000, 0x000001800f000000]
CodeHeap 'profiled nmethods': size=120000Kb used=21187Kb max_used=21187Kb free=98812Kb
 bounds [0x0000018000000000, 0x00000180014c0000, 0x0000018007530000]
CodeHeap 'non-nmethods': size=5760Kb used=2094Kb max_used=2137Kb free=3665Kb
 bounds [0x0000018007530000, 0x00000180077a0000, 0x0000018007ad0000]
CodeCache: size=245760Kb, used=29431Kb, max_used=29474Kb, free=216326Kb
 total_blobs=11867, nmethods=10898, adapters=873, full_count=0
Compilation: enabled, stopped_count=0, restarted_count=0

Compilation events (20 events):
Event: 70.654 Thread 0x00000180776bade0 12562       1       org.jetbrains.kotlin.utils.SmartList$EmptyIterator::hasNext (2 bytes)
Event: 70.654 Thread 0x00000180776bade0 nmethod 12562 0x00000180080b8490 code [0x00000180080b8620, 0x00000180080b86e8]
Event: 70.655 Thread 0x00000180776bade0 12563       1       org.jetbrains.kotlin.config.MavenComparableVersion$ListItem::getType (2 bytes)
Event: 70.656 Thread 0x00000180776bade0 nmethod 12563 0x00000180080b8790 code [0x00000180080b8920, 0x00000180080b89e8]
Event: 70.656 Thread 0x00000180776bade0 12564       1       org.jetbrains.kotlin.config.MavenComparableVersion$IntegerItem::getType (2 bytes)
Event: 70.656 Thread 0x00000180776bade0 nmethod 12564 0x00000180080b8a90 code [0x00000180080b8c20, 0x00000180080b8ce8]
Event: 70.657 Thread 0x00000180776bade0 12565       3       org.jetbrains.kotlin.types.model.TypeSystemContextContextualKt::typeConstructor (25 bytes)
Event: 70.658 Thread 0x00000180776bade0 nmethod 12565 0x00000180013a3c10 code [0x00000180013a3ec0, 0x00000180013a4930]
Event: 70.662 Thread 0x00000180776bade0 12566       1       org.jetbrains.kotlin.fir.declarations.FirTowerDataElement::getScope (5 bytes)
Event: 70.662 Thread 0x00000180776bade0 nmethod 12566 0x00000180080b8d90 code [0x00000180080b8f20, 0x00000180080b8fe8]
Event: 70.662 Thread 0x00000180776bade0 12567       1       org.jetbrains.kotlin.fir.declarations.FirTowerDataElement::isLocal (5 bytes)
Event: 70.662 Thread 0x00000180776bade0 nmethod 12567 0x00000180080b9090 code [0x00000180080b9220, 0x00000180080b92f0]
Event: 70.722 Thread 0x00000180776bade0 12568       1       org.jetbrains.kotlin.fir.declarations.impl.FirDeclarationStatusImpl::getVisibility (5 bytes)
Event: 70.722 Thread 0x00000180776bade0 nmethod 12568 0x00000180080b9390 code [0x00000180080b9520, 0x00000180080b95e8]
Event: 70.725 Thread 0x00000180776bade0 12569       1       org.jetbrains.kotlin.fir.resolve.calls.ResolutionDiagnostic::getApplicability (5 bytes)
Event: 70.725 Thread 0x00000180776bade0 nmethod 12569 0x00000180080b9690 code [0x00000180080b9820, 0x00000180080b98e8]
Event: 70.725 Thread 0x00000180776bade0 12570       3       org.jetbrains.kotlin.kotlinx.collections.immutable.implementations.immutableList.AbstractListIterator::hasPrevious (13 bytes)
Event: 70.725 Thread 0x00000180776bade0 nmethod 12570 0x00000180013a4d10 code [0x00000180013a4ea0, 0x00000180013a5000]
Event: 70.726 Thread 0x00000180776bade0 12571       3       java.util.AbstractList$SubList::size (9 bytes)
Event: 70.727 Thread 0x00000180776bade0 nmethod 12571 0x00000180013a5090 code [0x00000180013a5260, 0x00000180013a54e0]

GC Heap History (20 events):
Event: 47.279 GC heap before
{Heap before GC invocations=46 (full 0):
 garbage-first heap   total 143360K, used 123369K [0x0000000080000000, 0x0000000100000000)
  region size 1024K, 41 young (41984K), 4 survivors (4096K)
 Metaspace       used 102342K, committed 104512K, reserved 1179648K
  class space    used 14672K, committed 15744K, reserved 1048576K
}
Event: 47.288 GC heap after
{Heap after GC invocations=47 (full 0):
 garbage-first heap   total 143360K, used 86302K [0x0000000080000000, 0x0000000100000000)
  region size 1024K, 3 young (3072K), 3 survivors (3072K)
 Metaspace       used 102342K, committed 104512K, reserved 1179648K
  class space    used 14672K, committed 15744K, reserved 1048576K
}
Event: 49.545 GC heap before
{Heap before GC invocations=47 (full 0):
 garbage-first heap   total 143360K, used 130334K [0x0000000080000000, 0x0000000100000000)
  region size 1024K, 46 young (47104K), 3 survivors (3072K)
 Metaspace       used 107679K, committed 109824K, reserved 1179648K
  class space    used 15341K, committed 16384K, reserved 1048576K
}
Event: 49.558 GC heap after
{Heap after GC invocations=48 (full 0):
 garbage-first heap   total 143360K, used 89536K [0x0000000080000000, 0x0000000100000000)
  region size 1024K, 6 young (6144K), 6 survivors (6144K)
 Metaspace       used 107679K, committed 109824K, reserved 1179648K
  class space    used 15341K, committed 16384K, reserved 1048576K
}
Event: 49.980 GC heap before
{Heap before GC invocations=48 (full 0):
 garbage-first heap   total 143360K, used 133568K [0x0000000080000000, 0x0000000100000000)
  region size 1024K, 49 young (50176K), 6 survivors (6144K)
 Metaspace       used 107716K, committed 109888K, reserved 1179648K
  class space    used 15345K, committed 16384K, reserved 1048576K
}
Event: 50.011 GC heap after
{Heap after GC invocations=49 (full 0):
 garbage-first heap   total 157696K, used 107520K [0x0000000080000000, 0x0000000100000000)
  region size 1024K, 7 young (7168K), 7 survivors (7168K)
 Metaspace       used 107716K, committed 109888K, reserved 1179648K
  class space    used 15345K, committed 16384K, reserved 1048576K
}
Event: 50.471 GC heap before
{Heap before GC invocations=50 (full 0):
 garbage-first heap   total 179200K, used 141312K [0x0000000080000000, 0x0000000100000000)
  region size 1024K, 39 young (39936K), 7 survivors (7168K)
 Metaspace       used 107718K, committed 109888K, reserved 1179648K
  class space    used 15345K, committed 16384K, reserved 1048576K
}
Event: 50.500 GC heap after
{Heap after GC invocations=51 (full 0):
 garbage-first heap   total 179200K, used 124416K [0x0000000080000000, 0x0000000100000000)
  region size 1024K, 5 young (5120K), 5 survivors (5120K)
 Metaspace       used 107718K, committed 109888K, reserved 1179648K
  class space    used 15345K, committed 16384K, reserved 1048576K
}
Event: 54.169 GC heap before
{Heap before GC invocations=51 (full 0):
 garbage-first heap   total 179200K, used 155136K [0x0000000080000000, 0x0000000100000000)
  region size 1024K, 35 young (35840K), 5 survivors (5120K)
 Metaspace       used 110673K, committed 112832K, reserved 1179648K
  class space    used 15638K, committed 16704K, reserved 1048576K
}
Event: 54.187 GC heap after
{Heap after GC invocations=52 (full 0):
 garbage-first heap   total 179200K, used 128512K [0x0000000080000000, 0x0000000100000000)
  region size 1024K, 4 young (4096K), 4 survivors (4096K)
 Metaspace       used 110673K, committed 112832K, reserved 1179648K
  class space    used 15638K, committed 16704K, reserved 1048576K
}
Event: 56.488 GC heap before
{Heap before GC invocations=52 (full 0):
 garbage-first heap   total 179200K, used 158208K [0x0000000080000000, 0x0000000100000000)
  region size 1024K, 33 young (33792K), 4 survivors (4096K)
 Metaspace       used 114776K, committed 116928K, reserved 1179648K
  class space    used 16096K, committed 17152K, reserved 1048576K
}
Event: 56.501 GC heap after
{Heap after GC invocations=53 (full 0):
 garbage-first heap   total 179200K, used 129886K [0x0000000080000000, 0x0000000100000000)
  region size 1024K, 1 young (1024K), 1 survivors (1024K)
 Metaspace       used 114776K, committed 116928K, reserved 1179648K
  class space    used 16096K, committed 17152K, reserved 1048576K
}
Event: 59.072 GC heap before
{Heap before GC invocations=54 (full 0):
 garbage-first heap   total 217088K, used 161630K [0x0000000080000000, 0x0000000100000000)
  region size 1024K, 32 young (32768K), 1 survivors (1024K)
 Metaspace       used 117593K, committed 119808K, reserved 1179648K
  class space    used 16379K, committed 17408K, reserved 1048576K
}
Event: 59.088 GC heap after
{Heap after GC invocations=55 (full 0):
 garbage-first heap   total 217088K, used 133367K [0x0000000080000000, 0x0000000100000000)
  region size 1024K, 4 young (4096K), 4 survivors (4096K)
 Metaspace       used 117593K, committed 119808K, reserved 1179648K
  class space    used 16379K, committed 17408K, reserved 1048576K
}
Event: 61.947 GC heap before
{Heap before GC invocations=55 (full 0):
 garbage-first heap   total 217088K, used 183543K [0x0000000080000000, 0x0000000100000000)
  region size 1024K, 54 young (55296K), 4 survivors (4096K)
 Metaspace       used 125069K, committed 127296K, reserved 1179648K
  class space    used 17113K, committed 18176K, reserved 1048576K
}
Event: 61.965 GC heap after
{Heap after GC invocations=56 (full 0):
 garbage-first heap   total 217088K, used 133847K [0x0000000080000000, 0x0000000100000000)
  region size 1024K, 6 young (6144K), 6 survivors (6144K)
 Metaspace       used 125069K, committed 127296K, reserved 1179648K
  class space    used 17113K, committed 18176K, reserved 1048576K
}
Event: 65.331 GC heap before
{Heap before GC invocations=56 (full 0):
 garbage-first heap   total 217088K, used 192215K [0x0000000080000000, 0x0000000100000000)
  region size 1024K, 64 young (65536K), 6 survivors (6144K)
 Metaspace       used 128798K, committed 130880K, reserved 1179648K
  class space    used 17487K, committed 18496K, reserved 1048576K
}
Event: 65.362 GC heap after
{Heap after GC invocations=57 (full 0):
 garbage-first heap   total 217088K, used 141585K [0x0000000080000000, 0x0000000100000000)
  region size 1024K, 8 young (8192K), 8 survivors (8192K)
 Metaspace       used 128798K, committed 130880K, reserved 1179648K
  class space    used 17487K, committed 18496K, reserved 1048576K
}
Event: 68.503 GC heap before
{Heap before GC invocations=58 (full 0):
 garbage-first heap   total 237568K, used 194833K [0x0000000080000000, 0x0000000100000000)
  region size 1024K, 59 young (60416K), 8 survivors (8192K)
 Metaspace       used 134071K, committed 136320K, reserved 1179648K
  class space    used 18177K, committed 19264K, reserved 1048576K
}
Event: 68.542 GC heap after
{Heap after GC invocations=59 (full 0):
 garbage-first heap   total 237568K, used 151236K [0x0000000080000000, 0x0000000100000000)
  region size 1024K, 8 young (8192K), 8 survivors (8192K)
 Metaspace       used 134071K, committed 136320K, reserved 1179648K
  class space    used 18177K, committed 19264K, reserved 1048576K
}

Dll operation events (3 events):
Event: 0.027 Loaded shared library C:\Program Files\Android\Android Studio\jbr\bin\java.dll
Event: 0.035 Loaded shared library C:\Program Files\Android\Android Studio\jbr\bin\zip.dll
Event: 2.775 Loaded shared library C:\Program Files\Android\Android Studio\jbr\bin\verify.dll

Deoptimization events (20 events):
Event: 68.551 Thread 0x000001807d950c00 DEOPT PACKING pc=0x00000180012b86bc sp=0x00000068f09f0a00
Event: 68.551 Thread 0x000001807d950c00 DEOPT UNPACKING pc=0x0000018007584b42 sp=0x00000068f09efe68 mode 0
Event: 68.563 Thread 0x000001807d950c00 DEOPT PACKING pc=0x00000180012b86bc sp=0x00000068f09f0a00
Event: 68.563 Thread 0x000001807d950c00 DEOPT UNPACKING pc=0x0000018007584b42 sp=0x00000068f09efe68 mode 0
Event: 68.614 Thread 0x000001807d950c00 DEOPT PACKING pc=0x00000180012b86bc sp=0x00000068f09f0a00
Event: 68.614 Thread 0x000001807d950c00 DEOPT UNPACKING pc=0x0000018007584b42 sp=0x00000068f09efe68 mode 0
Event: 68.622 Thread 0x000001807d950c00 DEOPT PACKING pc=0x00000180012b86bc sp=0x00000068f09f0a00
Event: 68.622 Thread 0x000001807d950c00 DEOPT UNPACKING pc=0x0000018007584b42 sp=0x00000068f09efe68 mode 0
Event: 68.647 Thread 0x000001807d950c00 DEOPT PACKING pc=0x00000180012b86bc sp=0x00000068f09f0a00
Event: 68.647 Thread 0x000001807d950c00 DEOPT UNPACKING pc=0x0000018007584b42 sp=0x00000068f09efe68 mode 0
Event: 68.654 Thread 0x000001807d950c00 DEOPT PACKING pc=0x00000180012b86bc sp=0x00000068f09f0a00
Event: 68.654 Thread 0x000001807d950c00 DEOPT UNPACKING pc=0x0000018007584b42 sp=0x00000068f09efe68 mode 0
Event: 68.697 Thread 0x000001807d950c00 DEOPT PACKING pc=0x00000180012b86bc sp=0x00000068f09f09a0
Event: 68.697 Thread 0x000001807d950c00 DEOPT UNPACKING pc=0x0000018007584b42 sp=0x00000068f09efe08 mode 0
Event: 69.416 Thread 0x000001807d950c00 Uncommon trap: trap_request=0xffffff45 fr.pc=0x000001800807ef74 relative=0x0000000000001774
Event: 69.416 Thread 0x000001807d950c00 Uncommon trap: reason=unstable_if action=reinterpret pc=0x000001800807ef74 method=org.jetbrains.org.objectweb.asm.ClassReader.readElementValue(Lorg/jetbrains/org/objectweb/asm/AnnotationVisitor;ILjava/lang/String;[C)I @ 18 c2
Event: 69.416 Thread 0x000001807d950c00 DEOPT PACKING pc=0x000001800807ef74 sp=0x00000068f09f03a0
Event: 69.416 Thread 0x000001807d950c00 DEOPT UNPACKING pc=0x00000180075843a2 sp=0x00000068f09f0340 mode 2
Event: 69.476 Thread 0x000001807d950c00 DEOPT PACKING pc=0x00000180012b86bc sp=0x00000068f09f0360
Event: 69.476 Thread 0x000001807d950c00 DEOPT UNPACKING pc=0x0000018007584b42 sp=0x00000068f09ef7c8 mode 0

Classes loaded (20 events):
Event: 61.412 Loading class java/text/StringCharacterIterator
Event: 61.419 Loading class java/text/CharacterIterator
Event: 61.424 Loading class java/text/CharacterIterator done
Event: 61.424 Loading class java/text/StringCharacterIterator done
Event: 62.185 Loading class java/util/PriorityQueue
Event: 62.195 Loading class java/util/PriorityQueue done
Event: 67.426 Loading class java/util/AbstractList$SubList
Event: 67.433 Loading class java/util/AbstractList$SubList done
Event: 67.434 Loading class java/util/AbstractList$SubList$1
Event: 67.438 Loading class java/util/AbstractList$SubList$1 done
Event: 67.612 Loading class java/util/EnumMap$EntrySet
Event: 67.614 Loading class java/util/EnumMap$EntrySet done
Event: 67.614 Loading class java/util/EnumMap$EntryIterator
Event: 67.616 Loading class java/util/EnumMap$EnumMapIterator
Event: 67.616 Loading class java/util/EnumMap$EnumMapIterator done
Event: 67.616 Loading class java/util/EnumMap$EntryIterator done
Event: 67.616 Loading class java/util/EnumMap$EntryIterator$Entry
Event: 67.618 Loading class java/util/EnumMap$EntryIterator$Entry done
Event: 68.375 Loading class java/util/AbstractList$RandomAccessSubList
Event: 68.381 Loading class java/util/AbstractList$RandomAccessSubList done

Classes unloaded (0 events):
No events

Classes redefined (0 events):
No events

Internal exceptions (20 events):
Event: 44.668 Thread 0x000001807d950c00 Exception <a 'java/lang/NoSuchMethodError'{0x00000000ffed3360}: 'int java.lang.invoke.DelegatingMethodHandle$Holder.reinvoke_L(java.lang.Object, java.lang.Object, java.lang.Object, long, int, int)'> (0x00000000ffed3360) 
thrown [s\src\hotspot\share\interpreter\linkResolver.cpp, line 784]
Event: 44.672 Thread 0x000001807d950c00 Exception <a 'java/lang/NoSuchMethodError'{0x00000000ffee2680}: 'int java.lang.invoke.DelegatingMethodHandle$Holder.reinvoke_L(java.lang.Object, java.lang.Object, java.lang.Object, long, long, long)'> (0x00000000ffee2680) 
thrown [s\src\hotspot\share\interpreter\linkResolver.cpp, line 784]
Event: 44.674 Thread 0x000001807d950c00 Exception <a 'java/lang/NoSuchMethodError'{0x00000000ffef1648}: 'int java.lang.invoke.DelegatingMethodHandle$Holder.reinvoke_L(java.lang.Object, java.lang.Object, java.lang.Object, long, int)'> (0x00000000ffef1648) 
thrown [s\src\hotspot\share\interpreter\linkResolver.cpp, line 784]
Event: 44.677 Thread 0x000001807d950c00 Exception <a 'java/lang/NoSuchMethodError'{0x00000000ffd048b0}: 'void java.lang.invoke.DelegatingMethodHandle$Holder.reinvoke_L(java.lang.Object, java.lang.Object, java.lang.Object, long, java.lang.Object, long, long)'> (0x00000000ffd048b0) 
thrown [s\src\hotspot\share\interpreter\linkResolver.cpp, line 784]
Event: 47.059 Thread 0x000001807787d160 Exception <a 'sun/nio/fs/WindowsException'{0x0000000086685a10}> (0x0000000086685a10) 
thrown [s\src\hotspot\share\prims\jni.cpp, line 537]
Event: 47.919 Thread 0x000001807d950c00 Exception <a 'java/lang/NoSuchMethodError'{0x0000000087a26a88}: 'java.lang.Object java.lang.invoke.DirectMethodHandle$Holder.invokeStatic(java.lang.Object, java.lang.Object, java.lang.Object, java.lang.Object, int, java.lang.Object)'> (0x0000000087a26a88) 
thrown [s\src\hotspot\share\interpreter\linkResolver.cpp, line 784]
Event: 48.232 Thread 0x000001807d950c00 Exception <a 'java/lang/NoSuchMethodError'{0x0000000087994138}: 'long java.lang.invoke.DirectMethodHandle$Holder.invokeStatic(java.lang.Object, java.lang.Object, int)'> (0x0000000087994138) 
thrown [s\src\hotspot\share\interpreter\linkResolver.cpp, line 784]
Event: 48.239 Thread 0x000001807d950c00 Exception <a 'java/lang/NoSuchMethodError'{0x00000000879a0550}: 'java.lang.Object java.lang.invoke.DelegatingMethodHandle$Holder.reinvoke_L(java.lang.Object, int, long, java.lang.Object, java.lang.Object, int, java.lang.Object)'> (0x00000000879a0550) 
thrown [s\src\hotspot\share\interpreter\linkResolver.cpp, line 784]
Event: 49.209 Thread 0x000001807d950c00 Exception <a 'java/lang/NoSuchMethodError'{0x00000000867db240}: 'java.lang.Object java.lang.invoke.Invokers$Holder.invokeExact_MT(java.lang.Object, java.lang.Object, long, java.lang.Object)'> (0x00000000867db240) 
thrown [s\src\hotspot\share\interpreter\linkResolver.cpp, line 784]
Event: 49.443 Thread 0x000001807d950c00 Exception <a 'java/lang/NoSuchMethodError'{0x0000000085b82750}: 'java.lang.Object java.lang.invoke.DirectMethodHandle$Holder.invokeStatic(java.lang.Object, java.lang.Object, long, long)'> (0x0000000085b82750) 
thrown [s\src\hotspot\share\interpreter\linkResolver.cpp, line 784]
Event: 49.464 Thread 0x000001807d950c00 Exception <a 'java/lang/NoSuchMethodError'{0x0000000085bce3e0}: 'java.lang.Object java.lang.invoke.DirectMethodHandle$Holder.invokeStatic(java.lang.Object, java.lang.Object, java.lang.Object, long, java.lang.Object)'> (0x0000000085bce3e0) 
thrown [s\src\hotspot\share\interpreter\linkResolver.cpp, line 784]
Event: 49.465 Thread 0x000001807d950c00 Exception <a 'java/lang/NoSuchMethodError'{0x0000000085bd6700}: 'java.lang.Object java.lang.invoke.DirectMethodHandle$Holder.newInvokeSpecial(java.lang.Object, java.lang.Object, java.lang.Object, long)'> (0x0000000085bd6700) 
thrown [s\src\hotspot\share\interpreter\linkResolver.cpp, line 784]
Event: 49.467 Thread 0x000001807d950c00 Exception <a 'java/lang/NoSuchMethodError'{0x0000000085bdb6f8}: 'java.lang.Object java.lang.invoke.Invokers$Holder.linkToTargetMethod(java.lang.Object, java.lang.Object, long, java.lang.Object)'> (0x0000000085bdb6f8) 
thrown [s\src\hotspot\share\interpreter\linkResolver.cpp, line 784]
Event: 49.793 Thread 0x000001807d950c00 Implicit null exception at 0x0000018007faf5e7 to 0x0000018007faf9f0
Event: 57.101 Thread 0x000001807787d160 Exception <a 'sun/nio/fs/WindowsException'{0x00000000ff8867a0}> (0x00000000ff8867a0) 
thrown [s\src\hotspot\share\prims\jni.cpp, line 537]
Event: 67.085 Thread 0x000001807787d160 Exception <a 'sun/nio/fs/WindowsException'{0x000000008c805980}> (0x000000008c805980) 
thrown [s\src\hotspot\share\prims\jni.cpp, line 537]
Event: 68.761 Thread 0x000001807d950c00 Exception <a 'java/lang/NoSuchMethodError'{0x000000008c838060}: 'java.lang.Object java.lang.invoke.DirectMethodHandle$Holder.newInvokeSpecial(java.lang.Object, int, java.lang.Object, java.lang.Object)'> (0x000000008c838060) 
thrown [s\src\hotspot\share\interpreter\linkResolver.cpp, line 784]
Event: 70.234 Thread 0x000001807d950c00 Exception <a 'java/lang/NoSuchMethodError'{0x000000008bece6c8}: 'java.lang.Object java.lang.invoke.DirectMethodHandle$Holder.invokeStatic(java.lang.Object, java.lang.Object, java.lang.Object, java.lang.Object, int, java.lang.Object, java.lang.Object)'> (0x000000008bece6c8) 
thrown [s\src\hotspot\share\interpreter\linkResolver.cpp, line 784]
Event: 70.236 Thread 0x000001807d950c00 Exception <a 'java/lang/NoSuchMethodError'{0x000000008bed9170}: 'java.lang.Object java.lang.invoke.DirectMethodHandle$Holder.newInvokeSpecial(java.lang.Object, java.lang.Object, java.lang.Object, java.lang.Object, int, java.lang.Object, java.lang.Object)'> (0x000000008bed9170) 
thrown [s\src\hotspot\share\interpreter\linkResolver.cpp, line 784]
Event: 70.237 Thread 0x000001807d950c00 Exception <a 'java/lang/NoSuchMethodError'{0x000000008bedf2f0}: 'java.lang.Object java.lang.invoke.DirectMethodHandle$Holder.invokeSpecial(java.lang.Object, java.lang.Object, java.lang.Object, java.lang.Object, java.lang.Object, int, java.lang.Object, java.lang.Object)'> (0x000000008bedf2f0) 
thrown [s\src\hotspot\share\interpreter\linkResolver.cpp, line 784]

ZGC Phase Switch (0 events):
No events

VM Operations (20 events):
Event: 66.176 Executing safepoint VM operation: G1PauseCleanup
Event: 66.176 Executing safepoint VM operation: G1PauseCleanup done
Event: 66.409 Executing non-safepoint VM operation: HandshakeAllThreads (Deoptimize)
Event: 66.410 Executing non-safepoint VM operation: HandshakeAllThreads (Deoptimize) done
Event: 67.309 Executing non-safepoint VM operation: HandshakeAllThreads (Deoptimize)
Event: 67.309 Executing non-safepoint VM operation: HandshakeAllThreads (Deoptimize) done
Event: 67.309 Executing safepoint VM operation: Cleanup
Event: 67.309 Executing safepoint VM operation: Cleanup done
Event: 67.349 Executing non-safepoint VM operation: HandshakeAllThreads (Deoptimize)
Event: 67.349 Executing non-safepoint VM operation: HandshakeAllThreads (Deoptimize) done
Event: 67.570 Executing non-safepoint VM operation: HandshakeAllThreads (Deoptimize)
Event: 67.571 Executing non-safepoint VM operation: HandshakeAllThreads (Deoptimize) done
Event: 68.389 Executing non-safepoint VM operation: HandshakeAllThreads (Deoptimize)
Event: 68.389 Executing non-safepoint VM operation: HandshakeAllThreads (Deoptimize) done
Event: 68.389 Executing safepoint VM operation: Cleanup
Event: 68.389 Executing safepoint VM operation: Cleanup done
Event: 68.502 Executing safepoint VM operation: G1CollectForAllocation (G1 Evacuation Pause)
Event: 68.542 Executing safepoint VM operation: G1CollectForAllocation (G1 Evacuation Pause) done
Event: 70.544 Executing safepoint VM operation: Cleanup
Event: 70.554 Executing safepoint VM operation: Cleanup done

Memory protections (0 events):
No events

Nmethod flushes (20 events):
Event: 65.866 Thread 0x00000180774ee720 flushing  nmethod 0x0000018007fb9b90
Event: 65.866 Thread 0x00000180774ee720 flushing  nmethod 0x000001800006f890
Event: 65.866 Thread 0x00000180774ee720 flushing  nmethod 0x0000018000076a10
Event: 65.866 Thread 0x00000180774ee720 flushing  nmethod 0x00000180000b4290
Event: 65.866 Thread 0x00000180774ee720 flushing  nmethod 0x0000018000334210
Event: 65.866 Thread 0x00000180774ee720 flushing  nmethod 0x0000018000421d10
Event: 65.866 Thread 0x00000180774ee720 flushing  nmethod 0x00000180007e7010
Event: 65.866 Thread 0x00000180774ee720 flushing  nmethod 0x00000180008fce90
Event: 65.866 Thread 0x00000180774ee720 flushing  nmethod 0x0000018000901b10
Event: 65.866 Thread 0x00000180774ee720 flushing  nmethod 0x000001800099db10
Event: 65.866 Thread 0x00000180774ee720 flushing  nmethod 0x0000018000b00390
Event: 65.866 Thread 0x00000180774ee720 flushing  nmethod 0x0000018000e92610
Event: 65.866 Thread 0x00000180774ee720 flushing  nmethod 0x0000018000eb8410
Event: 65.866 Thread 0x00000180774ee720 flushing  nmethod 0x0000018000fd6e10
Event: 65.866 Thread 0x00000180774ee720 flushing  nmethod 0x0000018000fd8010
Event: 65.866 Thread 0x00000180774ee720 flushing  nmethod 0x0000018000fdb310
Event: 65.866 Thread 0x00000180774ee720 flushing  nmethod 0x0000018000fdba90
Event: 65.866 Thread 0x00000180774ee720 flushing  nmethod 0x000001800102e790
Event: 65.866 Thread 0x00000180774ee720 flushing  nmethod 0x0000018001030510
Event: 65.866 Thread 0x00000180774ee720 flushing  nmethod 0x0000018000de8790

Events (20 events):
Event: 8.742 Thread 0x000001807d950c00 Thread added: 0x000001807d5101d0
Event: 11.424 Thread 0x000001807d950c00 Thread added: 0x000001807d511580
Event: 11.470 Thread 0x000001807d950c00 Thread added: 0x000001807e1de9c0
Event: 12.180 Thread 0x000001807d950c00 Thread added: 0x000001807e1dfd70
Event: 12.201 Thread 0x000001807d950c00 Thread added: 0x000001807e1e0400
Event: 12.578 Thread 0x000001807d950c00 Thread added: 0x000001807e1de330
Event: 12.828 Thread 0x000001807d950c00 Thread added: 0x000001807e1ddca0
Event: 13.447 Thread 0x000001807d950c00 Thread added: 0x000001807e1e0a90
Event: 13.590 Thread 0x000001807d950c00 Thread added: 0x000001807e1dd610
Event: 14.199 Thread 0x000001807d950c00 Thread added: 0x000001807e1df6e0
Event: 14.305 Thread 0x000001807d950c00 Thread added: 0x000001807e1e1120
Event: 15.828 Thread 0x000001807d950c00 Thread added: 0x000001807e1e17b0
Event: 15.924 Thread 0x000001807d950c00 Thread added: 0x000001807e1df050
Event: 18.030 Thread 0x000001807d950c00 Thread added: 0x000001807e1e1e40
Event: 18.040 Thread 0x000001807d950c00 Thread added: 0x000001807e1e45a0
Event: 18.046 Thread 0x000001807d950c00 Thread added: 0x000001807e1e24d0
Event: 18.257 Thread 0x000001807d950c00 Thread added: 0x000001807e1e4c30
Event: 34.428 Thread 0x000001807d950c00 Thread added: 0x00000180108486e0
Event: 35.660 Thread 0x000001807d950c00 Thread added: 0x0000018010849a90
Event: 37.603 Thread 0x000001807d950c00 Thread added: 0x000001801084ae40


Dynamic libraries:
0x00007ff6f5c30000 - 0x00007ff6f5c3a000 	C:\Program Files\Android\Android Studio\jbr\bin\java.exe
0x00007fffca560000 - 0x00007fffca7c7000 	C:\windows\SYSTEM32\ntdll.dll
0x00007fff96f30000 - 0x00007fff96f51000 	C:\Program Files\Avast Software\Avast\aswhook.dll
0x00007fffc9060000 - 0x00007fffc9129000 	C:\windows\System32\KERNEL32.DLL
0x00007fffc7ee0000 - 0x00007fffc82d7000 	C:\windows\System32\KERNELBASE.dll
0x00007fffc7cb0000 - 0x00007fffc7dfb000 	C:\windows\System32\ucrtbase.dll
0x00007fffa5940000 - 0x00007fffa5958000 	C:\Program Files\Android\Android Studio\jbr\bin\jli.dll
0x00007fffc8d30000 - 0x00007fffc8ef6000 	C:\windows\System32\USER32.dll
0x00007fffc7eb0000 - 0x00007fffc7ed7000 	C:\windows\System32\win32u.dll
0x00007fffca0a0000 - 0x00007fffca0cb000 	C:\windows\System32\GDI32.dll
0x00007fffc6f90000 - 0x00007fffc70bc000 	C:\windows\System32\gdi32full.dll
0x00007fffc7b70000 - 0x00007fffc7c13000 	C:\windows\System32\msvcp_win.dll
0x00007fffad610000 - 0x00007fffad8a2000 	C:\windows\WinSxS\amd64_microsoft.windows.common-controls_6595b64144ccf1df_6.0.26100.8457_none_3e0b2faee331e92d\COMCTL32.dll
0x00007fffc83e0000 - 0x00007fffc8489000 	C:\windows\System32\msvcrt.dll
0x00007fffbf080000 - 0x00007fffbf09b000 	C:\Program Files\Android\Android Studio\jbr\bin\VCRUNTIME140.dll
0x00007fffc8cf0000 - 0x00007fffc8d22000 	C:\windows\System32\IMM32.DLL
0x000000005aea0000 - 0x000000005aead000 	C:\Program Files (x86)\360\Total Security\safemon\SafeWrapper.dll
0x00007fffc9430000 - 0x00007fffc94e6000 	C:\windows\System32\ADVAPI32.dll
0x00007fffca0d0000 - 0x00007fffca177000 	C:\windows\System32\sechost.dll
0x00007fffc8bd0000 - 0x00007fffc8ce8000 	C:\windows\System32\RPCRT4.dll
0x00007fffc1c90000 - 0x00007fffc1d95000 	C:\Program Files (x86)\360\Total Security\safemon\libzdtp64.dll
0x00007fffc9920000 - 0x00007fffca08e000 	C:\windows\System32\SHELL32.dll
0x00007fffc8b60000 - 0x00007fffc8bc6000 	C:\windows\System32\SHLWAPI.dll
0x00007fffc7300000 - 0x00007fffc7b6c000 	C:\windows\System32\Windows.Storage.dll
0x00007fffca190000 - 0x00007fffca513000 	C:\windows\System32\combase.dll
0x00007fffc6a70000 - 0x00007fffc6a7b000 	C:\windows\SYSTEM32\VERSION.dll
0x00007fffbf2e0000 - 0x00007fffbf2ec000 	C:\Program Files\Android\Android Studio\jbr\bin\vcruntime140_1.dll
0x00007fff59ed0000 - 0x00007fff59f5d000 	C:\Program Files\Android\Android Studio\jbr\bin\msvcp140.dll
0x00007fff3c360000 - 0x00007fff3cff6000 	C:\Program Files\Android\Android Studio\jbr\bin\server\jvm.dll
0x00007fffc9890000 - 0x00007fffc9910000 	C:\windows\System32\WS2_32.dll
0x00007fffc6df0000 - 0x00007fffc6e4e000 	C:\windows\SYSTEM32\POWRPROF.dll
0x00007fffc3f10000 - 0x00007fffc3f46000 	C:\windows\SYSTEM32\WINMM.dll
0x00007fffc6dd0000 - 0x00007fffc6de4000 	C:\windows\SYSTEM32\UMPDC.dll
0x00007fffc5cb0000 - 0x00007fffc5ccb000 	C:\windows\SYSTEM32\kernel.appcore.dll
0x00007fffbf0c0000 - 0x00007fffbf0ca000 	C:\Program Files\Android\Android Studio\jbr\bin\jimage.dll
0x00007fffc4d50000 - 0x00007fffc4f92000 	C:\windows\SYSTEM32\DBGHELP.DLL
0x00007fffc9720000 - 0x00007fffc97f9000 	C:\windows\System32\OLEAUT32.dll
0x00007fffadb20000 - 0x00007fffadb5b000 	C:\windows\SYSTEM32\dbgcore.DLL
0x00007fffc7e00000 - 0x00007fffc7ea8000 	C:\windows\System32\bcryptPrimitives.dll
0x00007fffbf3b0000 - 0x00007fffbf3be000 	C:\Program Files\Android\Android Studio\jbr\bin\instrument.dll
0x00007fffa5620000 - 0x00007fffa5640000 	C:\Program Files\Android\Android Studio\jbr\bin\java.dll
0x00007fffa55b0000 - 0x00007fffa55c8000 	C:\Program Files\Android\Android Studio\jbr\bin\zip.dll
0x00007fffc82e0000 - 0x00007fffc83d6000 	C:\windows\System32\SHCORE.dll
0x00007fffc6eb0000 - 0x00007fffc6ed9000 	C:\windows\SYSTEM32\profapi.dll
0x00007fffb1a00000 - 0x00007fffb1a10000 	C:\Program Files\Android\Android Studio\jbr\bin\net.dll
0x00007fffb1ea0000 - 0x00007fffb1fc9000 	C:\windows\SYSTEM32\WINHTTP.dll
0x00007fffc6220000 - 0x00007fffc628c000 	C:\windows\system32\mswsock.dll
0x00007fffa1f50000 - 0x00007fffa1f66000 	C:\Program Files\Android\Android Studio\jbr\bin\nio.dll
0x00007fffa5e70000 - 0x00007fffa5e80000 	C:\Program Files\Android\Android Studio\jbr\bin\verify.dll
0x00007fff84c80000 - 0x00007fff84ca7000 	C:\Users\hcxys\.gradle\native\660c5614fbf4a5f2a75b1949f50a0caf5cd603558e7d8a26e50b933a0cfb79d1\windows-amd64\native-platform.dll
0x00007fff59fe0000 - 0x00007fff5a057000 	C:\Users\hcxys\.gradle\native\0.2.8\x86_64-windows-gnu\gradle-fileevents.dll
0x00007fffb0c80000 - 0x00007fffb0c89000 	C:\Program Files\Android\Android Studio\jbr\bin\management.dll
0x00007fffad490000 - 0x00007fffad49b000 	C:\Program Files\Android\Android Studio\jbr\bin\management_ext.dll
0x00007fffc9570000 - 0x00007fffc9578000 	C:\windows\System32\PSAPI.DLL
0x00007fffc57c0000 - 0x00007fffc57f2000 	C:\windows\SYSTEM32\IPHLPAPI.DLL
0x00007fffc8630000 - 0x00007fffc863a000 	C:\windows\System32\NSI.dll
0x00007fffb0ca0000 - 0x00007fffb0ca9000 	C:\Program Files\Android\Android Studio\jbr\bin\extnet.dll
0x00007fffc6500000 - 0x00007fffc651b000 	C:\windows\SYSTEM32\CRYPTSP.dll
0x00007fffc5c10000 - 0x00007fffc5c49000 	C:\windows\system32\rsaenh.dll
0x00007fffc62d0000 - 0x00007fffc6303000 	C:\windows\SYSTEM32\USERENV.dll
0x00007fffc6e80000 - 0x00007fffc6eaa000 	C:\windows\SYSTEM32\bcrypt.dll
0x00007fffc6520000 - 0x00007fffc652c000 	C:\windows\SYSTEM32\CRYPTBASE.dll
0x00007fff920b0000 - 0x00007fff920b8000 	C:\windows\system32\wshunix.dll

JVMTI agents:
C:\Users\hcxys\.gradle\wrapper\dists\gradle-9.4.1-bin\arn2x92ynaizyzdaamcbpbhtj\gradle-9.4.1\lib\agents\gradle-instrumentation-agent-9.4.1.jar path:C:\Program Files\Android\Android Studio\jbr\bin\instrument.dll, loaded, initialized, instrumentlib options:none

dbghelp: loaded successfully - version: 4.0.5 - missing functions: none
symbol engine: initialized successfully - sym options: 0x614 - pdb path: .;C:\Program Files\Android\Android Studio\jbr\bin;C:\windows\SYSTEM32;C:\Program Files\Avast Software\Avast;C:\windows\WinSxS\amd64_microsoft.windows.common-controls_6595b64144ccf1df_6.0.26100.8457_none_3e0b2faee331e92d;C:\Program Files (x86)\360\Total Security\safemon;C:\Program Files\Android\Android Studio\jbr\bin\server;C:\Users\hcxys\.gradle\native\660c5614fbf4a5f2a75b1949f50a0caf5cd603558e7d8a26e50b933a0cfb79d1\windows-amd64;C:\Users\hcxys\.gradle\native\0.2.8\x86_64-windows-gnu

VM Arguments:
jvm_args: --add-opens=java.base/java.lang=ALL-UNNAMED --add-opens=java.base/java.lang.invoke=ALL-UNNAMED --add-opens=java.base/java.util=ALL-UNNAMED --add-opens=java.prefs/java.util.prefs=ALL-UNNAMED --add-exports=jdk.compiler/com.sun.tools.javac.api=ALL-UNNAMED --add-exports=jdk.compiler/com.sun.tools.javac.util=ALL-UNNAMED --add-opens=java.base/java.util=ALL-UNNAMED --add-opens=java.prefs/java.util.prefs=ALL-UNNAMED --add-opens=java.base/java.nio.charset=ALL-UNNAMED --add-opens=java.base/java.net=ALL-UNNAMED --add-opens=java.base/java.util.concurrent=ALL-UNNAMED --add-opens=java.base/java.util.concurrent.atomic=ALL-UNNAMED --add-opens=java.xml/javax.xml.namespace=ALL-UNNAMED --add-opens=java.base/java.time=ALL-UNNAMED -Xmx2048m -Dfile.encoding=UTF-8 -Duser.country=US -Duser.language=en -Duser.variant -javaagent:C:\Users\hcxys\.gradle\wrapper\dists\gradle-9.4.1-bin\arn2x92ynaizyzdaamcbpbhtj\gradle-9.4.1\lib\agents\gradle-instrumentation-agent-9.4.1.jar 
java_command: org.gradle.launcher.daemon.bootstrap.GradleDaemon 9.4.1
java_class_path (initial): C:\Users\hcxys\.gradle\wrapper\dists\gradle-9.4.1-bin\arn2x92ynaizyzdaamcbpbhtj\gradle-9.4.1\lib\gradle-daemon-main-9.4.1.jar
Launcher Type: SUN_STANDARD

[Global flags]
     intx CICompilerCount                          = 3                                         {product} {ergonomic}
     uint ConcGCThreads                            = 1                                         {product} {ergonomic}
     uint G1ConcRefinementThreads                  = 4                                         {product} {ergonomic}
   size_t G1HeapRegionSize                         = 1048576                                   {product} {ergonomic}
    uintx GCDrainStackTargetSize                   = 64                                        {product} {ergonomic}
   size_t InitialHeapSize                          = 62914560                                  {product} {ergonomic}
   size_t MarkStackSize                            = 4194304                                   {product} {ergonomic}
   size_t MaxHeapSize                              = 2147483648                                {product} {command line}
   size_t MaxNewSize                               = 1287651328                                {product} {ergonomic}
   size_t MinHeapDeltaBytes                        = 1048576                                   {product} {ergonomic}
   size_t MinHeapSize                              = 8388608                                   {product} {ergonomic}
    uintx NonNMethodCodeHeapSize                   = 5832780                                {pd product} {ergonomic}
    uintx NonProfiledCodeHeapSize                  = 122912730                              {pd product} {ergonomic}
    uintx ProfiledCodeHeapSize                     = 122912730                              {pd product} {ergonomic}
    uintx ReservedCodeCacheSize                    = 251658240                              {pd product} {ergonomic}
     bool SegmentedCodeCache                       = true                                      {product} {ergonomic}
   size_t SoftMaxHeapSize                          = 2147483648                             {manageable} {ergonomic}
     bool UseCompressedOops                        = true                           {product lp64_product} {ergonomic}
     bool UseG1GC                                  = true                                      {product} {ergonomic}
     bool UseLargePagesIndividualAllocation        = false                                  {pd product} {ergonomic}

Logging:
Log output configuration:
 #0: stdout all=warning uptime,level,tags foldmultilines=false
 #1: stderr all=off uptime,level,tags foldmultilines=false

Release file:
JAVA_VERSION="21.0.10" 
MODULES="java.base java.compiler java.datatransfer java.xml java.prefs java.desktop java.instrument java.logging java.management java.security.sasl java.naming java.rmi java.management.rmi java.net.http java.scripting java.security.jgss java.transaction.xa java.sql java.sql.rowset java.xml.crypto java.se java.smartcardio jdk.accessibility jdk.internal.jvmstat jdk.attach jdk.charsets jdk.internal.opt jdk.zipfs jdk.compiler jdk.crypto.ec jdk.crypto.cryptoki jdk.dynalink jdk.hotspot.agent jdk.httpserver jdk.internal.ed jdk.internal.le jdk.internal.vm.ci jdk.jartool jdk.javadoc jdk.jcmd jdk.jdeps jdk.jdwp.agent jdk.jdi jdk.jfr jdk.jlink jdk.jsobject jdk.localedata jdk.management jdk.management.agent jdk.management.jfr jdk.naming.dns jdk.naming.rmi jdk.net jdk.sctp jdk.security.auth jdk.security.jgss jdk.unsupported jdk.unsupported.desktop jdk.xml.dom" 
IMPLEMENTOR="JetBrains s.r.o." 
JAVA_RUNTIME_VERSION="21.0.10+-14961533-b1163.108" 
LIBC="default" 
OS_ARCH="x86_64" 
OS_NAME="Windows" 
SOURCE=".:git:1351622c2ff2" 

Environment Variables:
PATH=C:\Program Files (x86)\Common Files\Oracle\Java\java8path;C:\windows\system32;C:\windows;C:\windows\System32\Wbem;C:\windows\System32\WindowsPowerShell\v1.0\;C:\windows\System32\OpenSSH\;C:\Program Files\dotnet\;C:\Program Files\nodejs\;C:\Program Files\CMake\bin;C:\Users\hcxys\AppData\Local\Microsoft\WindowsApps;C:\Users\hcxys\AppData\Roaming\npm;C:\Users\hcxys\AppData\Local\Python\bin
USERNAME=hcxys
OS=Windows_NT
PROCESSOR_IDENTIFIER=Intel64 Family 6 Model 190 Stepping 0, GenuineIntel
TMP=C:\Users\hcxys\AppData\Local\Temp
TEMP=C:\Users\hcxys\AppData\Local\Temp




Periodic native trim disabled

JNI global refs:
JNI global refs: 27, weak refs: 5

JNI global refs memory usage: 835, weak refs: 833

Process memory usage:
Resident Set Size: 198216K (5% of 3841796K total physical memory with 29348K free physical memory)

OOME stack traces (most recent first):
Classloader memory used:
Loader org.gradle.internal.classloader.VisitableURLClassLoader                         : 83619K
Loader bootstrap                                                                       : 26855K
Loader org.gradle.internal.classloader.VisitableURLClassLoader$InstrumentingVisitableURLClassLoader: 12460K
Loader org.gradle.initialization.MixInLegacyTypesClassLoader                           : 11983K
Loader jdk.internal.jrtfs.JrtFileSystemProvider$JrtFsLoader                            : 337K
Loader jdk.internal.reflect.DelegatingClassLoader                                      : 246K
Loader jdk.internal.loader.ClassLoaders$PlatformClassLoader                            : 202K
Loader jdk.internal.loader.ClassLoaders$AppClassLoader                                 : 189K
Loader org.gradle.groovy.scripts.internal.DefaultScriptCompilationHandler$ScriptClassLoader: 148K
Loader org.gradle.internal.classloader.VisitableURLClassLoader                         : 119K

Classes loaded by more than one classloader:
Class Program                                                                         : loaded 4 times (x 74B)
Class com.google.common.base.Equivalence$Identity                                     : loaded 2 times (x 82B)
Class com.google.common.collect.RegularImmutableMap$KeySet                            : loaded 2 times (x 152B)
Class org.gradle.internal.classloader.FilteringClassLoader                            : loaded 2 times (x 105B)
Class jdk.internal.jimage.BasicImageReader                                            : loaded 2 times (x 95B)
Class com.google.common.base.CharMatcher$IsEither                                     : loaded 2 times (x 111B)
Class org.gradle.internal.classloader.ClassLoaderHierarchy                            : loaded 2 times (x 70B)
Class com.google.common.collect.ImmutableEnumSet                                      : loaded 2 times (x 146B)
Class com.google.common.util.concurrent.ExecutionError                                : loaded 2 times (x 82B)
Class com.google.common.collect.ImmutableList$1                                       : loaded 2 times (x 97B)
Class com.google.common.collect.RegularImmutableMap                                   : loaded 2 times (x 121B)
Class com.google.common.collect.ImmutableMap$MapViewOfValuesAsSingletonSets           : loaded 2 times (x 126B)
Class jdk.internal.jimage.decompressor.StringSharingDecompressorFactory               : loaded 2 times (x 74B)
Class [Lorg.objectweb.asm.Symbol;                                                     : loaded 2 times (x 69B)
Class org.objectweb.asm.ClassVisitor                                                  : loaded 2 times (x 88B)
Class com.google.common.collect.UnmodifiableListIterator                              : loaded 2 times (x 95B)
Class org.objectweb.asm.MethodTooLargeException                                       : loaded 2 times (x 83B)
Class [Lcom.google.common.cache.CacheBuilder$OneWeigher;                              : loaded 2 times (x 69B)
Class com.google.common.base.Suppliers                                                : loaded 2 times (x 71B)
Class org.gradle.internal.classloader.DefaultClassLoaderFactory                       : loaded 2 times (x 82B)
Class [Lcom.google.common.collect.ImmutableMapEntry;                                  : loaded 2 times (x 69B)
Class ijJvmDebugger1_4l6edta82oj001filpcwpuy6i                                        : loaded 2 times (x 171B)
Class com.google.common.collect.ListMultimap                                          : loaded 2 times (x 70B)
Class com.google.common.collect.ImmutableEnumMap                                      : loaded 2 times (x 126B)
Class com.google.common.collect.Sets$1                                                : loaded 2 times (x 139B)
Class org.objectweb.asm.AnnotationVisitor                                             : loaded 2 times (x 78B)
Class org.gradle.api.internal.DefaultClassPathProvider                                : loaded 2 times (x 76B)
Class com.google.common.collect.Sets$2                                                : loaded 2 times (x 139B)
Class [Lorg.gradle.api.internal.ClassPathProvider;                                    : loaded 2 times (x 69B)
Class org.gradle.api.internal.ClassPathProvider                                       : loaded 2 times (x 70B)
Class [Lorg.objectweb.asm.AnnotationVisitor;                                          : loaded 2 times (x 69B)
Class com.google.common.collect.Sets$3                                                : loaded 2 times (x 139B)
Class com.google.common.cache.LocalCache$LocalLoadingCache                            : loaded 2 times (x 134B)
Class org.gradle.internal.service.UnknownServiceException                             : loaded 2 times (x 83B)
Class com.google.common.collect.Sets$4                                                : loaded 2 times (x 139B)
Class org.objectweb.asm.ModuleVisitor                                                 : loaded 2 times (x 81B)
Class com.google.common.cache.LocalCache$Strength$1                                   : loaded 2 times (x 81B)
Class com.google.common.util.concurrent.SettableFuture                                : loaded 2 times (x 114B)
Class com.google.common.cache.LocalCache$Strength$2                                   : loaded 2 times (x 81B)
Class com.google.common.cache.LocalCache$Strength$3                                   : loaded 2 times (x 81B)
Class com.google.common.collect.MapDifference                                         : loaded 2 times (x 70B)
Class ijKotlinCoroutineJvmDebugInit1_afkd3s873emofcg9cgldcbfo0                        : loaded 2 times (x 171B)
Class org.objectweb.asm.FieldWriter                                                   : loaded 2 times (x 78B)
Class com.google.common.cache.CacheBuilder$NullListener                               : loaded 2 times (x 82B)
Class org.gradle.internal.classpath.TransformedClassPath                              : loaded 2 times (x 96B)
Class org.gradle.internal.classloader.InstrumentingClassLoader                        : loaded 2 times (x 70B)
Class com.google.common.cache.CacheLoader$FunctionToCacheLoader                       : loaded 2 times (x 75B)
Class com.google.common.collect.Iterators$ArrayItr                                    : loaded 2 times (x 97B)
Class com.google.common.collect.ImmutableCollection$Builder                           : loaded 2 times (x 76B)
Class com.google.common.base.MoreObjects                                              : loaded 2 times (x 71B)
Class com.google.common.collect.Platform                                              : loaded 2 times (x 71B)
Class [Lorg.objectweb.asm.Type;                                                       : loaded 2 times (x 69B)
Class com.google.common.collect.UnmodifiableIterator                                  : loaded 2 times (x 80B)
Class org.gradle.internal.service.ServiceLocator                                      : loaded 2 times (x 70B)
Class jdk.internal.jrtfs.JrtFileSystemProvider                                        : loaded 2 times (x 101B)
Class com.google.common.base.Ascii                                                    : loaded 2 times (x 71B)
Class com.google.common.cache.LocalCache$1                                            : loaded 2 times (x 89B)
Class com.google.common.collect.SingletonImmutableBiMap                               : loaded 2 times (x 143B)
Class com.google.common.collect.Iterators$SingletonIterator                           : loaded 2 times (x 81B)
Class com.google.common.collect.AbstractMapEntry                                      : loaded 2 times (x 81B)
Class com.google.common.collect.AbstractMultimap                                      : loaded 2 times (x 123B)
Class com.google.common.cache.LocalCache$2                                            : loaded 2 times (x 142B)
Class com.google.common.collect.RegularImmutableAsList                                : loaded 2 times (x 217B)
Class ijKotlinCoroutineJvmDebugInit1_afkd3s873emofcg9cgldcbfo0$_run_closure1$_closure2: loaded 2 times (x 139B)
Class com.google.common.util.concurrent.AbstractFuture$Trusted                        : loaded 2 times (x 70B)
Class com.google.common.collect.Iterators                                             : loaded 2 times (x 71B)
Class jdk.internal.jimage.ImageLocation                                               : loaded 2 times (x 90B)
Class com.google.common.collect.Lists$StringAsImmutableList                           : loaded 2 times (x 207B)
Class com.google.common.util.concurrent.UncheckedExecutionException                   : loaded 2 times (x 82B)
Class org.gradle.kotlin.dsl.VersionCatalogAccessorsKt                                 : loaded 2 times (x 71B)
Class jdk.internal.jimage.ImageBufferCache$1                                          : loaded 2 times (x 83B)
Class org.objectweb.asm.ClassWriter                                                   : loaded 2 times (x 106B)
Class com.google.common.cache.CacheLoader$UnsupportedLoadingOperationException        : loaded 2 times (x 82B)
Class com.google.common.base.CharMatcher$And                                          : loaded 2 times (x 112B)
Class jdk.internal.jimage.ImageBufferCache$2                                          : loaded 2 times (x 91B)
Class org.objectweb.asm.FieldVisitor                                                  : loaded 2 times (x 77B)
Class com.google.common.collect.IndexedImmutableSet                                   : loaded 2 times (x 152B)
Class com.google.common.collect.ImmutableMap$1                                        : loaded 2 times (x 81B)
Class com.google.common.collect.BiMap                                                 : loaded 2 times (x 70B)
Class org.gradle.api.internal.classpath.DefaultModuleRegistry$DefaultModule           : loaded 2 times (x 82B)
Class com.google.common.primitives.Ints                                               : loaded 2 times (x 71B)
Class com.google.common.collect.AbstractIterator                                      : loaded 2 times (x 82B)
Class com.google.common.math.MathPreconditions                                        : loaded 2 times (x 71B)
Class com.google.common.collect.Multiset                                              : loaded 2 times (x 70B)
Class com.google.common.collect.ArrayListMultimapGwtSerializationDependencies         : loaded 2 times (x 172B)
Class com.google.common.collect.AbstractIndexedListIterator                           : loaded 2 times (x 96B)
Class com.google.common.collect.ImmutableMapEntrySet                                  : loaded 2 times (x 152B)
Class org.gradle.api.internal.classpath.Module                                        : loaded 2 times (x 70B)
Class com.google.common.cache.Weigher                                                 : loaded 2 times (x 70B)
Class org.gradle.api.internal.classpath.UnknownModuleException                        : loaded 2 times (x 82B)
Class jdk.internal.jimage.ImageHeader                                                 : loaded 2 times (x 71B)
Class com.google.common.base.Stopwatch                                                : loaded 2 times (x 72B)
Class com.google.common.cache.LocalCache$Strength                                     : loaded 2 times (x 81B)
Class com.google.common.cache.Cache                                                   : loaded 2 times (x 70B)
Class com.google.common.util.concurrent.AbstractFuture$Cancellation                   : loaded 2 times (x 72B)
Class com.google.common.collect.ImmutableMap$Builder                                  : loaded 2 times (x 82B)
Class com.google.common.cache.RemovalListener                                         : loaded 2 times (x 70B)
Class org.gradle.api.internal.DefaultClassPathRegistry                                : loaded 2 times (x 76B)
Class com.google.common.primitives.IntsMethodsForWeb                                  : loaded 2 times (x 71B)
Class com.google.common.collect.Multimap                                              : loaded 2 times (x 70B)
Class org.gradle.internal.classpath.DefaultClassPath$ImmutableUniqueList              : loaded 2 times (x 199B)
Class org.gradle.api.internal.ClassPathRegistry                                       : loaded 2 times (x 70B)
Class jdk.internal.jimage.decompressor.ResourceDecompressor                           : loaded 2 times (x 70B)
Class com.google.common.cache.CacheBuilder                                            : loaded 2 times (x 72B)
Class com.google.common.collect.SingletonImmutableList                                : loaded 2 times (x 207B)
Class com.google.common.base.PairwiseEquivalence                                      : loaded 2 times (x 83B)
Class Settings_gradle$1                                                               : loaded 2 times (x 74B)
Class org.gradle.internal.classpath.ClassPath                                         : loaded 2 times (x 70B)
Class com.google.common.collect.ImmutableList$ReverseImmutableList                    : loaded 2 times (x 209B)
Class org.objectweb.asm.SymbolTable$Entry                                             : loaded 2 times (x 74B)
Class org.gradle.api.internal.classpath.DefaultModuleRegistry$DefaultModuleAlias      : loaded 2 times (x 80B)
Class jdk.internal.jimage.ImageStringsReader                                          : loaded 2 times (x 80B)
Class org.objectweb.asm.Edge                                                          : loaded 2 times (x 72B)
Class com.google.common.base.Suppliers$SupplierOfInstance                             : loaded 2 times (x 79B)
Class com.google.common.collect.Iterators$1                                           : loaded 2 times (x 81B)
Class com.google.common.cache.LocalCache$ComputingValueReference                      : loaded 2 times (x 96B)
Class com.google.common.collect.SingletonImmutableSet                                 : loaded 2 times (x 146B)
Class com.google.common.collect.ImmutableMap$IteratorBasedImmutableMap                : loaded 2 times (x 126B)
Class jdk.internal.jimage.ImageReader                                                 : loaded 2 times (x 75B)
Class com.google.common.cache.LocalCache$Segment                                      : loaded 2 times (x 154B)
Class jdk.internal.jimage.ImageReader$SharedImageReader                               : loaded 2 times (x 95B)
Class com.google.common.collect.AbstractListMultimap                                  : loaded 2 times (x 172B)
Class [Lorg.objectweb.asm.SymbolTable$Entry;                                          : loaded 2 times (x 69B)
Class com.google.common.cache.CacheLoader                                             : loaded 2 times (x 74B)
Class com.google.common.collect.Iterators$4                                           : loaded 2 times (x 82B)
Class com.google.common.collect.ImmutableBiMap                                        : loaded 2 times (x 143B)
Class org.gradle.api.internal.classpath.ModuleRegistry                                : loaded 2 times (x 70B)
Class org.gradle.internal.installation.GradleInstallation$1                           : loaded 2 times (x 75B)
Class jdk.internal.jimage.decompressor.ResourceDecompressorFactory                    : loaded 2 times (x 74B)
Class com.google.common.collect.ImmutableSet$JdkBackedSetBuilderImpl                  : loaded 2 times (x 76B)
Class com.google.common.util.concurrent.internal.InternalFutureFailureAccess          : loaded 2 times (x 72B)
Class com.google.common.collect.Iterators$5                                           : loaded 2 times (x 82B)
Class com.google.common.cache.LocalCache$LocalManualCache$1                           : loaded 2 times (x 75B)
Class com.google.common.base.CharMatcher$ForPredicate                                 : loaded 2 times (x 112B)
Class jdk.internal.jimage.ImageReader$Node                                            : loaded 2 times (x 84B)
Class com.google.common.base.CharMatcher$AnyOf                                        : loaded 2 times (x 112B)
Class com.google.common.collect.ImmutableCollection                                   : loaded 2 times (x 125B)
Class org.gradle.api.internal.classpath.DefaultModuleRegistry                         : loaded 2 times (x 84B)
Class jdk.internal.jimage.BasicImageReader$1                                          : loaded 2 times (x 77B)
Class com.google.common.collect.Lists                                                 : loaded 2 times (x 71B)
Class com.google.common.util.concurrent.ListenableFuture                              : loaded 2 times (x 70B)
Class com.google.common.cache.ReferenceEntry                                          : loaded 2 times (x 70B)
Class com.google.common.base.Converter                                                : loaded 2 times (x 90B)
Class com.google.common.collect.ImmutableSet$CachingAsList                            : loaded 2 times (x 148B)
Class com.google.common.collect.AbstractMapBasedMultimap                              : loaded 2 times (x 139B)
Class com.google.common.util.concurrent.AbstractFuture                                : loaded 2 times (x 106B)
Class com.google.common.base.FunctionalEquivalence                                    : loaded 2 times (x 83B)
Class com.google.common.collect.Iterators$9                                           : loaded 2 times (x 81B)
Class com.google.common.collect.ImmutableAsList                                       : loaded 2 times (x 209B)
Class org.objectweb.asm.RecordComponentVisitor                                        : loaded 2 times (x 77B)
Class com.google.common.cache.CacheLoader$SupplierToCacheLoader                       : loaded 2 times (x 75B)
Class jdk.internal.jimage.decompressor.Decompressor                                   : loaded 2 times (x 72B)
Class org.gradle.internal.service.ServiceLookupException                              : loaded 2 times (x 82B)
Class [Lcom.google.common.cache.LocalCache$EntryFactory;                              : loaded 2 times (x 69B)
Class org.gradle.internal.classloader.ClassLoaderFactory                              : loaded 2 times (x 70B)
Class com.google.common.cache.LocalCache$LocalManualCache                             : loaded 2 times (x 99B)
Class com.google.common.base.CharMatcher$IsNot                                        : loaded 2 times (x 111B)
Class org.gradle.internal.service.CachingServiceLocator                               : loaded 2 times (x 82B)
Class com.google.common.math.IntMath                                                  : loaded 2 times (x 71B)
Class com.google.common.collect.ImmutableMapEntry                                     : loaded 2 times (x 85B)
Class com.google.common.base.Equivalence                                              : loaded 2 times (x 82B)
Class com.google.common.base.Function                                                 : loaded 2 times (x 70B)
Class com.google.common.collect.ImmutableMapEntry$NonTerminalImmutableMapEntry        : loaded 2 times (x 85B)
Class com.google.common.cache.CacheBuilder$OneWeigher                                 : loaded 2 times (x 82B)
Class com.google.common.collect.RegularImmutableList                                  : loaded 2 times (x 213B)
Class jdk.internal.jimage.ImageBufferCache                                            : loaded 2 times (x 71B)
Class jdk.internal.jrtfs.JrtPath                                                      : loaded 2 times (x 118B)
Class org.gradle.internal.classloader.ClasspathUtil                                   : loaded 2 times (x 71B)
Class com.google.common.util.concurrent.Uninterruptibles                              : loaded 2 times (x 71B)
Class com.google.common.util.concurrent.LazyLogger                                    : loaded 2 times (x 72B)
Class com.google.common.collect.Maps                                                  : loaded 2 times (x 71B)
Class org.gradle.api.specs.Spec                                                       : loaded 2 times (x 70B)
Class [Lcom.google.common.collect.ImmutableEntry;                                     : loaded 2 times (x 69B)
Class com.google.common.cache.LocalCache$LoadingValueReference                        : loaded 2 times (x 96B)
Class ijJvmDebugger1_4l6edta82oj001filpcwpuy6i$_run_closure1                          : loaded 2 times (x 139B)
Class jdk.internal.jimage.decompressor.ResourceDecompressorRepository                 : loaded 2 times (x 71B)
Class jdk.internal.jimage.ImageReader$Directory                                       : loaded 2 times (x 84B)
Class [Lorg.objectweb.asm.AnnotationWriter;                                           : loaded 2 times (x 69B)
Class com.google.common.collect.Maps$8                                                : loaded 2 times (x 82B)
Class com.google.common.collect.Sets$SetView                                          : loaded 2 times (x 138B)
Class com.google.common.cache.LocalCache$StrongValueReference                         : loaded 2 times (x 90B)
Class org.objectweb.asm.Type                                                          : loaded 2 times (x 72B)
Class org.gradle.internal.classloader.VisitableURLClassLoader$InstrumentingVisitableURLClassLoader: loaded 2 times (x 123B)
Class com.google.common.math.IntMath$1                                                : loaded 2 times (x 71B)
Class org.objectweb.asm.ByteVector                                                    : loaded 2 times (x 79B)
Class [Lcom.google.common.cache.CacheBuilder$NullListener;                            : loaded 2 times (x 69B)
Class org.gradle.internal.classloader.VisitableURLClassLoader$Spec                    : loaded 2 times (x 74B)
Class org.gradle.internal.classpath.DefaultClassPath                                  : loaded 2 times (x 90B)
Class jdk.internal.jimage.decompressor.ZipDecompressorFactory                         : loaded 2 times (x 74B)
Class org.objectweb.asm.Symbol                                                        : loaded 2 times (x 73B)
Class com.google.common.base.CharMatcher$BitSetMatcher                                : loaded 2 times (x 112B)
Class com.google.common.collect.RegularImmutableMap$Values                            : loaded 2 times (x 207B)
Class com.google.common.collect.ImmutableSet                                          : loaded 2 times (x 145B)
Class org.gradle.internal.classloader.ClassLoaderSpec                                 : loaded 2 times (x 71B)
Class org.objectweb.asm.AnnotationWriter                                              : loaded 2 times (x 79B)
Class com.google.common.cache.CacheStats                                              : loaded 2 times (x 71B)
Class org.objectweb.asm.RecordComponentWriter                                         : loaded 2 times (x 78B)
Class com.google.common.util.concurrent.AbstractFuture$Listener                       : loaded 2 times (x 72B)
Class com.google.common.base.CharMatcher$Or                                           : loaded 2 times (x 112B)
Class Settings_gradle$1$1                                                             : loaded 2 times (x 74B)
Class org.gradle.api.internal.classpath.Module$ModuleAlias                            : loaded 2 times (x 70B)
Class org.objectweb.asm.Attribute                                                     : loaded 2 times (x 77B)
Class com.google.common.base.Supplier                                                 : loaded 2 times (x 70B)
Class org.gradle.internal.classloader.VisitableURLClassLoader                         : loaded 2 times (x 117B)
Class Settings_gradle                                                                 : loaded 2 times (x 124B)
Class org.gradle.internal.Cast                                                        : loaded 2 times (x 71B)
Class org.gradle.api.Action                                                           : loaded 2 times (x 70B)
Class jdk.internal.jimage.decompressor.ZipDecompressor                                : loaded 2 times (x 75B)
Class com.google.common.collect.Sets                                                  : loaded 2 times (x 71B)
Class org.objectweb.asm.Handler                                                       : loaded 2 times (x 72B)
Class com.google.common.base.Ticker                                                   : loaded 2 times (x 72B)
Class com.google.common.base.CharMatcher$FastMatcher                                  : loaded 2 times (x 111B)
Class [Lcom.google.common.cache.LocalCache$Segment;                                   : loaded 2 times (x 69B)
Class [Lcom.google.common.cache.LocalCache$Strength;                                  : loaded 2 times (x 69B)
Class com.google.common.cache.CacheBuilder$1                                          : loaded 2 times (x 85B)
Class com.google.common.base.Predicate                                                : loaded 2 times (x 70B)
Class com.google.common.collect.ImmutableMap                                          : loaded 2 times (x 120B)
Class org.gradle.internal.classpath.DefaultClassPath$ImmutableUniqueList$Builder      : loaded 2 times (x 75B)
Class com.google.common.cache.LocalCache                                              : loaded 2 times (x 187B)
Class com.google.common.cache.CacheBuilder$2                                          : loaded 2 times (x 79B)
Class com.google.common.base.CharMatcher$NegatedFastMatcher                           : loaded 2 times (x 113B)
Class com.google.common.collect.ArrayListMultimap                                     : loaded 2 times (x 172B)
Class com.google.common.cache.CacheBuilder$3                                          : loaded 2 times (x 72B)
Class [Lcom.google.common.collect.AbstractMapEntry;                                   : loaded 2 times (x 69B)
Class com.google.common.collect.ImmutableEntry                                        : loaded 2 times (x 82B)
Class org.gradle.api.GradleException                                                  : loaded 2 times (x 82B)
Class jdk.internal.jimage.ImageStrings                                                : loaded 2 times (x 70B)
Class com.google.common.collect.CollectPreconditions                                  : loaded 2 times (x 71B)
Class com.google.common.collect.SortedMapDifference                                   : loaded 2 times (x 70B)
Class com.google.common.cache.LocalCache$EntryFactory                                 : loaded 2 times (x 83B)
Class com.google.common.cache.LocalCache$AbstractReferenceEntry                       : loaded 2 times (x 107B)
Class org.gradle.internal.IoActions                                                   : loaded 2 times (x 71B)
Class org.objectweb.asm.SymbolTable                                                   : loaded 2 times (x 72B)
Class com.google.common.cache.CacheLoader$InvalidCacheLoadException                   : loaded 2 times (x 82B)
Class com.google.common.collect.ImmutableSet$RegularSetBuilderImpl                    : loaded 2 times (x 77B)
Class com.google.common.cache.LocalCache$StrongEntry                                  : loaded 2 times (x 108B)
Class com.google.common.util.concurrent.AbstractFuture$TrustedFuture                  : loaded 2 times (x 114B)
Class com.google.common.cache.LoadingCache                                            : loaded 2 times (x 70B)
Class jdk.internal.jrtfs.JrtFileSystem                                                : loaded 2 times (x 102B)
Class org.objectweb.asm.MethodWriter                                                  : loaded 2 times (x 106B)
Class [Lcom.google.common.cache.Weigher;                                              : loaded 2 times (x 69B)
Class com.google.common.collect.RegularImmutableMap$BucketOverflowException           : loaded 2 times (x 82B)
Class jdk.internal.jimage.decompressor.CompressedResourceHeader                       : loaded 2 times (x 71B)
Class com.google.common.cache.LocalCache$ValueReference                               : loaded 2 times (x 70B)
Class com.google.common.base.CharMatcher$Negated                                      : loaded 2 times (x 113B)
Class com.google.common.base.CharMatcher$Is                                           : loaded 2 times (x 111B)
Class com.google.common.collect.RegularImmutableBiMap                                 : loaded 2 times (x 149B)
Class com.google.common.util.concurrent.AbstractFuture$Failure                        : loaded 2 times (x 72B)
Class com.google.common.base.Equivalence$Equals                                       : loaded 2 times (x 82B)
Class com.google.common.collect.Hashing                                               : loaded 2 times (x 71B)
Class com.google.common.base.Preconditions                                            : loaded 2 times (x 71B)
Class org.objectweb.asm.Label                                                         : loaded 2 times (x 73B)
Class org.objectweb.asm.CurrentFrame                                                  : loaded 2 times (x 73B)
Class org.objectweb.asm.ClassTooLargeException                                        : loaded 2 times (x 83B)
Class com.google.common.base.CharMatcher                                              : loaded 2 times (x 111B)
Class com.google.common.collect.PeekingIterator                                       : loaded 2 times (x 70B)
Class ijJvmDebugger1_4l6edta82oj001filpcwpuy6i$_run_closure1$_closure2                : loaded 2 times (x 140B)
Class org.objectweb.asm.Frame                                                         : loaded 2 times (x 73B)
Class org.objectweb.asm.MethodVisitor                                                 : loaded 2 times (x 105B)
Class com.google.common.cache.LocalCache$EntryFactory$1                               : loaded 2 times (x 83B)
Class [Lcom.google.common.cache.RemovalListener;                                      : loaded 2 times (x 69B)
Class com.google.common.base.CharMatcher$NamedFastMatcher                             : loaded 2 times (x 112B)
Class com.google.common.base.CharMatcher$1                                            : loaded 2 times (x 113B)
Class com.google.common.cache.LocalCache$EntryFactory$2                               : loaded 2 times (x 83B)
Class org.objectweb.asm.ModuleWriter                                                  : loaded 2 times (x 82B)
Class com.google.common.cache.LocalCache$EntryFactory$3                               : loaded 2 times (x 83B)
Class com.google.common.base.Ticker$1                                                 : loaded 2 times (x 72B)
Class com.google.common.collect.Maps$BiMapConverter                                   : loaded 2 times (x 90B)
Class com.google.common.collect.ImmutableMapEntrySet$RegularEntrySet                  : loaded 2 times (x 152B)
Class com.google.common.collect.ImmutableSet$Builder                                  : loaded 2 times (x 85B)
Class com.google.common.cache.LocalCache$EntryFactory$4                               : loaded 2 times (x 83B)
Class com.google.common.base.CharMatcher$InRange                                      : loaded 2 times (x 111B)
Class com.google.common.cache.LocalCache$EntryFactory$5                               : loaded 2 times (x 83B)
Class com.google.common.cache.LocalCache$EntryFactory$6                               : loaded 2 times (x 83B)
Class Build_gradle                                                                    : loaded 2 times (x 72B)
Class org.gradle.internal.installation.CurrentGradleInstallationLocator               : loaded 2 times (x 71B)
Class com.google.common.collect.ImmutableSet$EmptySetBuilderImpl                      : loaded 2 times (x 76B)
Class com.google.common.cache.LocalCache$EntryFactory$7                               : loaded 2 times (x 83B)
Class com.google.common.collect.ImmutableList                                         : loaded 2 times (x 206B)
Class org.gradle.internal.service.DefaultServiceLocator                               : loaded 2 times (x 83B)
Class com.google.common.cache.LocalCache$EntryFactory$8                               : loaded 2 times (x 83B)
Class com.google.common.collect.ImmutableSet$SetBuilderImpl                           : loaded 2 times (x 76B)
Class org.gradle.internal.installation.CurrentGradleInstallation                      : loaded 2 times (x 73B)
Class com.google.common.cache.CacheLoader$1                                           : loaded 2 times (x 75B)
Class com.google.common.collect.ImmutableList$SubList                                 : loaded 2 times (x 209B)
Class org.gradle.util.internal.GUtil                                                  : loaded 2 times (x 71B)
Class com.google.common.cache.AbstractCache$StatsCounter                              : loaded 2 times (x 70B)
Class com.google.common.collect.Iterators$MergingIterator                             : loaded 2 times (x 81B)
Class com.google.common.collect.RegularImmutableSet                                   : loaded 2 times (x 149B)
Class org.gradle.internal.installation.GradleInstallation                             : loaded 2 times (x 75B)
Class jdk.internal.jimage.decompressor.ResourceDecompressor$StringsProvider           : loaded 2 times (x 70B)
Class ijKotlinCoroutineJvmDebugInit1_afkd3s873emofcg9cgldcbfo0$_run_closure1          : loaded 2 times (x 139B)

---------------  S Y S T E M  ---------------

OS:
 Windows 11 , 64 bit Build 26100 (10.0.26100.8328)
OS uptime: 0 days 3:14 hours
Hyper-V role detected

CPU: total 4 (initial active 4) (4 cores per cpu, 1 threads per core) family 6 model 190 stepping 0 microcode 0x1a, cx8, cmov, fxsr, mmx, 3dnowpref, sse, sse2, sse3, ssse3, sse4.1, sse4.2, popcnt, lzcnt, tsc, tscinvbit, avx, avx2, aes, erms, clmul, bmi1, bmi2, adx, sha, fma, vzeroupper, clflush, clflushopt, clwb, hv, serialize, rdtscp, rdpid, fsrm, f16c, cet_ibt, cet_ss
Processor Information for the first 4 processors :
  Max Mhz: 800, Current Mhz: 800, Mhz Limit: 800

Memory: 4k page, system-wide physical 3751M (17M free)
TotalPageFile size 10498M (AvailPageFile size 3M)
current process WorkingSet (physical memory assigned to process): 202M, peak: 347M
current process commit charge ("private bytes"): 581M, peak: 582M

vm_info: OpenJDK 64-Bit Server VM (21.0.10+-14961533-b1163.108) for windows-amd64 JRE (21.0.10+-14961533-b1163.108), built on 2026-03-02T19:58:50Z by "builder" with MS VC++ 16.10 / 16.11 (VS2019)

END.
