#
# There is insufficient memory for the Java Runtime Environment to continue.
# Native memory allocation (mmap) failed to map 65536 bytes. Error detail: Failed to commit metaspace.
# Possible reasons:
#   The system is out of physical RAM or swap space
#   This process is running with CompressedOops enabled, and the Java Heap may be blocking the growth of the native heap
# Possible solutions:
#   Reduce memory load on the system
#   Increase physical memory or swap space
#   Check if swap backing store is full
#   Decrease Java heap size (-Xmx/-Xms)
#   Decrease number of Java threads
#   Decrease Java thread stack sizes (-Xss)
#   Set larger code cache with -XX:ReservedCodeCacheSize=
#   JVM is running with Unscaled Compressed Oops mode in which the Java heap is
#     placed in the first 4GB address space. The Java Heap base address is the
#     maximum limit for the native heap growth. Please use -XX:HeapBaseMinAddress
#     to set the Java Heap base and to place the Java Heap above 4GB virtual address.
# This output file may be truncated or incomplete.
#
#  Out of Memory Error (virtualSpaceNode.cpp:113), pid=14644, tid=6544
#
# JRE version: OpenJDK Runtime Environment (21.0.10) (build 21.0.10+-14961533-b1163.108)
# Java VM: OpenJDK 64-Bit Server VM (21.0.10+-14961533-b1163.108, mixed mode, tiered, compressed oops, compressed class ptrs, g1 gc, windows-amd64)
# No core dump will be written. Minidumps are not enabled by default on client versions of Windows
#

---------------  S U M M A R Y ------------

Command Line: --add-opens=java.base/java.lang=ALL-UNNAMED --add-opens=java.base/java.lang.invoke=ALL-UNNAMED --add-opens=java.base/java.util=ALL-UNNAMED --add-opens=java.prefs/java.util.prefs=ALL-UNNAMED --add-exports=jdk.compiler/com.sun.tools.javac.api=ALL-UNNAMED --add-exports=jdk.compiler/com.sun.tools.javac.util=ALL-UNNAMED --add-opens=java.base/java.util=ALL-UNNAMED --add-opens=java.prefs/java.util.prefs=ALL-UNNAMED --add-opens=java.base/java.nio.charset=ALL-UNNAMED --add-opens=java.base/java.net=ALL-UNNAMED --add-opens=java.base/java.util.concurrent=ALL-UNNAMED --add-opens=java.base/java.util.concurrent.atomic=ALL-UNNAMED --add-opens=java.xml/javax.xml.namespace=ALL-UNNAMED --add-opens=java.base/java.time=ALL-UNNAMED -Xmx2048m -Dfile.encoding=UTF-8 -Duser.country=US -Duser.language=en -Duser.variant -javaagent:C:\Users\hcxys\.gradle\wrapper\dists\gradle-9.4.1-bin\arn2x92ynaizyzdaamcbpbhtj\gradle-9.4.1\lib\agents\gradle-instrumentation-agent-9.4.1.jar org.gradle.launcher.daemon.bootstrap.GradleDaemon 9.4.1

Host: Intel(R) N150, 4 cores, 3G,  Windows 11 , 64 bit Build 26100 (10.0.26100.8328)
Time: Sun May 31 20:02:48 2026 Eastern Daylight Time elapsed time: 73.207719 seconds (0d 0h 1m 13s)

---------------  T H R E A D  ---------------

Current thread (0x000001fa20696030):  JavaThread "Daemon worker"        [_thread_in_vm, id=6544, stack(0x0000004f17c00000,0x0000004f17d00000) (1024K)]

Stack: [0x0000004f17c00000,0x0000004f17d00000]
Native frames: (J=compiled Java code, j=interpreted, Vv=VM code, C=native code)
V  [jvm.dll+0x6d78a9]
V  [jvm.dll+0x8665b3]
V  [jvm.dll+0x868bde]
V  [jvm.dll+0x8692c3]
V  [jvm.dll+0x280ee6]
V  [jvm.dll+0x86146e]
V  [jvm.dll+0x67add5]
V  [jvm.dll+0x1e4911]
V  [jvm.dll+0x1e46de]
V  [jvm.dll+0x67d728]
V  [jvm.dll+0x67d562]
V  [jvm.dll+0x67b7ce]
V  [jvm.dll+0x3c2b6f]
V  [jvm.dll+0x20e6cb]
V  [jvm.dll+0x5b7fa1]
V  [jvm.dll+0x7df903]
V  [jvm.dll+0x7dfa4b]
V  [jvm.dll+0x4730c7]
V  [jvm.dll+0x478a18]
C  [java.dll+0x17ec]

Java frames: (J=compiled Java code, j=interpreted, Vv=VM code)
J 934  java.lang.ClassLoader.defineClass1(Ljava/lang/ClassLoader;Ljava/lang/String;[BIILjava/security/ProtectionDomain;Ljava/lang/String;)Ljava/lang/Class; java.base@21.0.10 (0 bytes) @ 0x000001fa0e90e189 [0x000001fa0e90e0c0+0x00000000000000c9]
J 9485 c2 java.security.SecureClassLoader.defineClass(Ljava/lang/String;[BIILjava/security/CodeSource;)Ljava/lang/Class; java.base@21.0.10 (16 bytes) @ 0x000001fa0ebc3490 [0x000001fa0ebc2e80+0x0000000000000610]
J 10168 c2 java.net.URLClassLoader$1.run()Ljava/lang/Class; java.base@21.0.10 (81 bytes) @ 0x000001fa0ed9345c [0x000001fa0ed92520+0x0000000000000f3c]
J 8958 c2 java.net.URLClassLoader$1.run()Ljava/lang/Object; java.base@21.0.10 (5 bytes) @ 0x000001fa0ecb86e0 [0x000001fa0ecb86a0+0x0000000000000040]
J 8897 c2 java.net.URLClassLoader.findClass(Ljava/lang/String;)Ljava/lang/Class; java.base@21.0.10 (47 bytes) @ 0x000001fa0ecaacdc [0x000001fa0ecaac20+0x00000000000000bc]
J 6154 c2 java.lang.ClassLoader.loadClass(Ljava/lang/String;Z)Ljava/lang/Class; java.base@21.0.10 (121 bytes) @ 0x000001fa0e9427d4 [0x000001fa0e9424a0+0x0000000000000334]
J 3543 c2 java.lang.ClassLoader.loadClass(Ljava/lang/String;)Ljava/lang/Class; java.base@21.0.10 (7 bytes) @ 0x000001fa0e8e0d6c [0x000001fa0e8e0d20+0x000000000000004c]
v  ~StubRoutines::call_stub 0x000001fa0e31100d
j  org.jetbrains.kotlin.fir.java.enhancement.FirEnhancedSymbolsStorage$EnhancementSymbolsCache.<clinit>()V+0
v  ~StubRoutines::call_stub 0x000001fa0e31100d
j  org.jetbrains.kotlin.fir.java.enhancement.FirEnhancedSymbolsStorage$special$$inlined$createCache$1.invoke(Ljava/lang/Object;Ljava/lang/Void;)Ljava/lang/Object;+13
j  org.jetbrains.kotlin.fir.java.enhancement.FirEnhancedSymbolsStorage$special$$inlined$createCache$1.invoke(Ljava/lang/Object;Ljava/lang/Object;)Ljava/lang/Object;+6
J 11391 c1 org.jetbrains.kotlin.fir.caches.FirThreadUnsafeCache.getValue(Ljava/lang/Object;Ljava/lang/Object;)Ljava/lang/Object; (118 bytes) @ 0x000001fa07ec3c2c [0x000001fa07ec37a0+0x000000000000048c]
j  org.jetbrains.kotlin.fir.java.enhancement.FirSignatureEnhancement.<init>(Lorg/jetbrains/kotlin/fir/declarations/FirRegularClass;Lorg/jetbrains/kotlin/fir/FirSession;ZLkotlin/jvm/functions/Function1;)V+105
j  org.jetbrains.kotlin.fir.java.declarations.FirJavaClass.superTypeRefs_delegate$lambda$0(Lorg/jetbrains/kotlin/fir/java/declarations/FirJavaClass;)Ljava/util/List;+125
j  org.jetbrains.kotlin.fir.java.declarations.FirJavaClass$$Lambda+0x000000010119cd60.invoke()Ljava/lang/Object;+4
J 11618 c2 kotlin.SynchronizedLazyImpl.getValue()Ljava/lang/Object; (87 bytes) @ 0x000001fa0ee0ff60 [0x000001fa0ee0fe40+0x0000000000000120]
j  org.jetbrains.kotlin.fir.java.declarations.FirJavaClass.getSuperTypeRefs()Ljava/util/List;+6
j  org.jetbrains.kotlin.fir.declarations.utils.FirDeclarationUtilKt.getSuperConeTypes(Lorg/jetbrains/kotlin/fir/declarations/FirClass;)Ljava/util/List;+7
j  org.jetbrains.kotlin.fir.resolve.SupertypeUtilsKt.isThereLoopInSupertypes$dfs(Ljava/util/Set;Ljava/util/Set;Lkotlin/jvm/internal/Ref$BooleanRef;Lorg/jetbrains/kotlin/fir/FirSession;Lorg/jetbrains/kotlin/fir/symbols/impl/FirClassifierSymbol;)V+49
j  org.jetbrains.kotlin.fir.resolve.SupertypeUtilsKt.isThereLoopInSupertypes(Lorg/jetbrains/kotlin/fir/declarations/FirClass;Lorg/jetbrains/kotlin/fir/FirSession;)Z+54
j  org.jetbrains.kotlin.fir.java.JavaScopeProvider.buildUseSiteMemberScopeWithJavaTypes(Lorg/jetbrains/kotlin/fir/java/declarations/FirJavaClass;Lorg/jetbrains/kotlin/fir/FirSession;Lorg/jetbrains/kotlin/fir/resolve/ScopeSession;Lorg/jetbrains/kotlin/fir/declarations/FirResolvePhase;)Lorg/jetbrains/kotlin/fir/java/scopes/JavaClassUseSiteMemberScope;+135
j  org.jetbrains.kotlin.fir.java.JavaScopeProvider.buildJavaEnhancementScope(Lorg/jetbrains/kotlin/fir/FirSession;Lorg/jetbrains/kotlin/fir/symbols/impl/FirRegularClassSymbol;Lorg/jetbrains/kotlin/fir/resolve/ScopeSession;Lorg/jetbrains/kotlin/fir/declarations/FirResolvePhase;)Lorg/jetbrains/kotlin/fir/java/scopes/JavaClassMembersEnhancementScope;+209
j  org.jetbrains.kotlin.fir.java.JavaScopeProvider.getUseSiteMemberScope(Lorg/jetbrains/kotlin/fir/declarations/FirClass;Lorg/jetbrains/kotlin/fir/FirSession;Lorg/jetbrains/kotlin/fir/resolve/ScopeSession;Lorg/jetbrains/kotlin/fir/declarations/FirResolvePhase;)Lorg/jetbrains/kotlin/fir/scopes/FirTypeScope;+40
j  org.jetbrains.kotlin.fir.scopes.FirKotlinScopeProviderKt.unsubstitutedScope(Lorg/jetbrains/kotlin/fir/declarations/FirClass;Lorg/jetbrains/kotlin/fir/FirSession;Lorg/jetbrains/kotlin/fir/resolve/ScopeSession;ZLorg/jetbrains/kotlin/fir/declarations/FirResolvePhase;)Lorg/jetbrains/kotlin/fir/scopes/FirTypeScope;+27
j  org.jetbrains.kotlin.fir.scopes.FirKotlinScopeProviderKt.scopeForClassImpl(Lorg/jetbrains/kotlin/fir/declarations/FirClass;Lorg/jetbrains/kotlin/fir/resolve/substitution/ConeSubstitutor;Lorg/jetbrains/kotlin/fir/FirSession;Lorg/jetbrains/kotlin/fir/resolve/ScopeSession;ZLorg/jetbrains/kotlin/fir/declarations/FirClass;ZLorg/jetbrains/kotlin/fir/types/ConeClassLikeLookupTag;Lorg/jetbrains/kotlin/fir/declarations/FirResolvePhase;)Lorg/jetbrains/kotlin/fir/scopes/FirTypeScope;+6
j  org.jetbrains.kotlin.fir.scopes.FirKotlinScopeProviderKt.scopeForSupertype(Lorg/jetbrains/kotlin/fir/types/ConeKotlinType;Lorg/jetbrains/kotlin/fir/FirSession;Lorg/jetbrains/kotlin/fir/resolve/ScopeSession;Lorg/jetbrains/kotlin/fir/declarations/FirClass;Lorg/jetbrains/kotlin/fir/declarations/FirResolvePhase;)Lorg/jetbrains/kotlin/fir/scopes/FirTypeScope;+148
j  org.jetbrains.kotlin.fir.scopes.FirKotlinScopeProvider.getUseSiteMemberScope(Lorg/jetbrains/kotlin/fir/declarations/FirClass;Lorg/jetbrains/kotlin/fir/FirSession;Lorg/jetbrains/kotlin/fir/resolve/ScopeSession;Lorg/jetbrains/kotlin/fir/declarations/FirResolvePhase;)Lorg/jetbrains/kotlin/fir/scopes/FirTypeScope;+554
j  org.jetbrains.kotlin.fir.scopes.FirKotlinScopeProviderKt.unsubstitutedScope(Lorg/jetbrains/kotlin/fir/declarations/FirClass;Lorg/jetbrains/kotlin/fir/FirSession;Lorg/jetbrains/kotlin/fir/resolve/ScopeSession;ZLorg/jetbrains/kotlin/fir/declarations/FirResolvePhase;)Lorg/jetbrains/kotlin/fir/scopes/FirTypeScope;+27
j  org.jetbrains.kotlin.fir.scopes.FirKotlinScopeProviderKt.scopeForClassImpl(Lorg/jetbrains/kotlin/fir/declarations/FirClass;Lorg/jetbrains/kotlin/fir/resolve/substitution/ConeSubstitutor;Lorg/jetbrains/kotlin/fir/FirSession;Lorg/jetbrains/kotlin/fir/resolve/ScopeSession;ZLorg/jetbrains/kotlin/fir/declarations/FirClass;ZLorg/jetbrains/kotlin/fir/types/ConeClassLikeLookupTag;Lorg/jetbrains/kotlin/fir/declarations/FirResolvePhase;)Lorg/jetbrains/kotlin/fir/scopes/FirTypeScope;+6
j  org.jetbrains.kotlin.fir.scopes.FirKotlinScopeProviderKt.scopeForSupertype(Lorg/jetbrains/kotlin/fir/types/ConeKotlinType;Lorg/jetbrains/kotlin/fir/FirSession;Lorg/jetbrains/kotlin/fir/resolve/ScopeSession;Lorg/jetbrains/kotlin/fir/declarations/FirClass;Lorg/jetbrains/kotlin/fir/declarations/FirResolvePhase;)Lorg/jetbrains/kotlin/fir/scopes/FirTypeScope;+148
j  org.jetbrains.kotlin.fir.scopes.FirKotlinScopeProvider.getUseSiteMemberScope(Lorg/jetbrains/kotlin/fir/declarations/FirClass;Lorg/jetbrains/kotlin/fir/FirSession;Lorg/jetbrains/kotlin/fir/resolve/ScopeSession;Lorg/jetbrains/kotlin/fir/declarations/FirResolvePhase;)Lorg/jetbrains/kotlin/fir/scopes/FirTypeScope;+554
j  org.jetbrains.kotlin.fir.scopes.FirKotlinScopeProviderKt.unsubstitutedScope(Lorg/jetbrains/kotlin/fir/declarations/FirClass;Lorg/jetbrains/kotlin/fir/FirSession;Lorg/jetbrains/kotlin/fir/resolve/ScopeSession;ZLorg/jetbrains/kotlin/fir/declarations/FirResolvePhase;)Lorg/jetbrains/kotlin/fir/scopes/FirTypeScope;+27
j  org.jetbrains.kotlin.fir.scopes.FirKotlinScopeProviderKt.scopeForClassImpl(Lorg/jetbrains/kotlin/fir/declarations/FirClass;Lorg/jetbrains/kotlin/fir/resolve/substitution/ConeSubstitutor;Lorg/jetbrains/kotlin/fir/FirSession;Lorg/jetbrains/kotlin/fir/resolve/ScopeSession;ZLorg/jetbrains/kotlin/fir/declarations/FirClass;ZLorg/jetbrains/kotlin/fir/types/ConeClassLikeLookupTag;Lorg/jetbrains/kotlin/fir/declarations/FirResolvePhase;)Lorg/jetbrains/kotlin/fir/scopes/FirTypeScope;+6
j  org.jetbrains.kotlin.fir.scopes.FirKotlinScopeProviderKt.scopeForClass(Lorg/jetbrains/kotlin/fir/declarations/FirClass;Lorg/jetbrains/kotlin/fir/resolve/substitution/ConeSubstitutor;Lorg/jetbrains/kotlin/fir/FirSession;Lorg/jetbrains/kotlin/fir/resolve/ScopeSession;Lorg/jetbrains/kotlin/fir/types/ConeClassLikeLookupTag;Lorg/jetbrains/kotlin/fir/declarations/FirResolvePhase;)Lorg/jetbrains/kotlin/fir/scopes/FirTypeScope;+42
j  org.jetbrains.kotlin.fir.resolve.ScopeUtilsKt.classScope(Lorg/jetbrains/kotlin/fir/types/ConeClassLikeType;Lorg/jetbrains/kotlin/fir/FirSession;Lorg/jetbrains/kotlin/fir/resolve/ScopeSession;Lorg/jetbrains/kotlin/fir/declarations/FirResolvePhase;Lorg/jetbrains/kotlin/fir/types/ConeClassLikeLookupTag;)Lorg/jetbrains/kotlin/fir/scopes/FirTypeScope;+98
j  org.jetbrains.kotlin.fir.resolve.ScopeUtilsKt.scope(Lorg/jetbrains/kotlin/fir/types/ConeKotlinType;Lorg/jetbrains/kotlin/fir/FirSession;Lorg/jetbrains/kotlin/fir/resolve/ScopeSession;Lorg/jetbrains/kotlin/fir/declarations/FirResolvePhase;)Lorg/jetbrains/kotlin/fir/scopes/FirTypeScope;+37
j  org.jetbrains.kotlin.fir.resolve.ScopeUtilsKt.scope(Lorg/jetbrains/kotlin/fir/types/ConeKotlinType;Lorg/jetbrains/kotlin/fir/FirSession;Lorg/jetbrains/kotlin/fir/resolve/ScopeSession;Lorg/jetbrains/kotlin/fir/scopes/CallableCopyTypeCalculator;Lorg/jetbrains/kotlin/fir/declarations/FirResolvePhase;)Lorg/jetbrains/kotlin/fir/scopes/FirTypeScope;+29
j  org.jetbrains.kotlin.fir.resolve.calls.ImplicitReceiverValue.lazyImplicitScope$lambda$0(Lorg/jetbrains/kotlin/fir/types/ConeKotlinType;Lorg/jetbrains/kotlin/fir/resolve/calls/ImplicitReceiverValue;)Lorg/jetbrains/kotlin/fir/scopes/FirTypeScope;+18
j  org.jetbrains.kotlin.fir.resolve.calls.ImplicitReceiverValue$$Lambda+0x00000001011ee218.invoke()Ljava/lang/Object;+8
J 10916 c1 kotlin.SafePublicationLazyImpl.getValue()Ljava/lang/Object; (56 bytes) @ 0x000001fa07b799f4 [0x000001fa07b79880+0x0000000000000174]
j  org.jetbrains.kotlin.fir.resolve.calls.ImplicitReceiverValue.getImplicitScope()Lorg/jetbrains/kotlin/fir/scopes/FirTypeScope;+4
j  org.jetbrains.kotlin.fir.resolve.calls.ImplicitReceiverValue.scope(Lorg/jetbrains/kotlin/fir/FirSession;Lorg/jetbrains/kotlin/fir/resolve/ScopeSession;)Lorg/jetbrains/kotlin/fir/scopes/FirTypeScope;+13
j  org.jetbrains.kotlin.fir.resolve.calls.tower.DispatchReceiverMemberScopeTowerLevel.processMembers(Lorg/jetbrains/kotlin/fir/resolve/calls/candidate/CallInfo;Lorg/jetbrains/kotlin/fir/resolve/calls/tower/TowerLevelProcessor;Lkotlin/jvm/functions/Function2;)Lorg/jetbrains/kotlin/fir/resolve/calls/tower/ProcessResult;+12
j  org.jetbrains.kotlin.fir.resolve.calls.tower.DispatchReceiverMemberScopeTowerLevel.processFunctionsByName(Lorg/jetbrains/kotlin/fir/resolve/calls/candidate/CallInfo;Lorg/jetbrains/kotlin/fir/resolve/calls/tower/TowerLevelProcessor;)Lorg/jetbrains/kotlin/fir/resolve/calls/tower/ProcessResult;+33
j  org.jetbrains.kotlin.fir.resolve.calls.tower.TowerLevelHandler.handleLevel(Lorg/jetbrains/kotlin/fir/resolve/calls/candidate/CandidateCollector;Lorg/jetbrains/kotlin/fir/resolve/calls/candidate/CandidateFactory;Lorg/jetbrains/kotlin/fir/resolve/calls/candidate/CallInfo;Lorg/jetbrains/kotlin/resolve/calls/tasks/ExplicitReceiverKind;Lorg/jetbrains/kotlin/fir/resolve/calls/tower/TowerGroup;Lorg/jetbrains/kotlin/fir/resolve/calls/tower/TowerLevel;)Lorg/jetbrains/kotlin/fir/resolve/calls/tower/ProcessResult;+170
j  org.jetbrains.kotlin.fir.resolve.calls.tower.FirBaseTowerResolveTask.processLevel(Lorg/jetbrains/kotlin/fir/resolve/calls/tower/TowerLevel;Lorg/jetbrains/kotlin/fir/resolve/calls/candidate/CallInfo;Lorg/jetbrains/kotlin/fir/resolve/calls/tower/TowerGroup;Lorg/jetbrains/kotlin/resolve/calls/tasks/ExplicitReceiverKind;Lkotlin/coroutines/Continuation;)Ljava/lang/Object;+238
j  org.jetbrains.kotlin.fir.resolve.calls.tower.FirBaseTowerResolveTask.access$processLevel(Lorg/jetbrains/kotlin/fir/resolve/calls/tower/FirBaseTowerResolveTask;Lorg/jetbrains/kotlin/fir/resolve/calls/tower/TowerLevel;Lorg/jetbrains/kotlin/fir/resolve/calls/candidate/CallInfo;Lorg/jetbrains/kotlin/fir/resolve/calls/tower/TowerGroup;Lorg/jetbrains/kotlin/resolve/calls/tasks/ExplicitReceiverKind;Lkotlin/coroutines/Continuation;)Ljava/lang/Object;+8
j  org.jetbrains.kotlin.fir.resolve.calls.tower.FirBaseTowerResolveTask$processLevel$3.invokeSuspend(Ljava/lang/Object;)Ljava/lang/Object;+28
J 9999 c1 kotlin.coroutines.jvm.internal.BaseContinuationImpl.resumeWith(Ljava/lang/Object;)V (124 bytes) @ 0x000001fa07d3fdac [0x000001fa07d3f9c0+0x00000000000003ec]
j  org.jetbrains.kotlin.fir.resolve.calls.tower.TowerResolveManager.resumeTask(Lorg/jetbrains/kotlin/fir/resolve/calls/tower/TowerResolveManager$SuspendedResolverTask;)V+37
j  org.jetbrains.kotlin.fir.resolve.calls.tower.TowerResolveManager.runTasks()V+40
j  org.jetbrains.kotlin.fir.resolve.calls.tower.FirTowerResolver.runResolver(Lorg/jetbrains/kotlin/fir/resolve/calls/candidate/CallInfo;Lorg/jetbrains/kotlin/fir/resolve/calls/ResolutionContext;Lorg/jetbrains/kotlin/fir/resolve/calls/candidate/CandidateCollector;Lorg/jetbrains/kotlin/fir/resolve/calls/tower/TowerResolveManager;Lorg/jetbrains/kotlin/fir/resolve/calls/candidate/CandidateFactory;)Lorg/jetbrains/kotlin/fir/resolve/calls/candidate/CandidateCollector;+56
j  org.jetbrains.kotlin.fir.resolve.calls.tower.FirTowerResolver.runResolver$default(Lorg/jetbrains/kotlin/fir/resolve/calls/tower/FirTowerResolver;Lorg/jetbrains/kotlin/fir/resolve/calls/candidate/CallInfo;Lorg/jetbrains/kotlin/fir/resolve/calls/ResolutionContext;Lorg/jetbrains/kotlin/fir/resolve/calls/candidate/CandidateCollector;Lorg/jetbrains/kotlin/fir/resolve/calls/tower/TowerResolveManager;Lorg/jetbrains/kotlin/fir/resolve/calls/candidate/CandidateFactory;ILjava/lang/Object;)Lorg/jetbrains/kotlin/fir/resolve/calls/candidate/CandidateCollector;+27
j  org.jetbrains.kotlin.fir.resolve.calls.tower.FirTowerResolver.runResolver(Lorg/jetbrains/kotlin/fir/resolve/calls/candidate/CallInfo;Lorg/jetbrains/kotlin/fir/resolve/calls/ResolutionContext;Lorg/jetbrains/kotlin/fir/resolve/calls/candidate/CandidateCollector;)Lorg/jetbrains/kotlin/fir/resolve/calls/candidate/CandidateCollector;+33
j  org.jetbrains.kotlin.fir.resolve.calls.FirCallResolver.collectCandidates(Lorg/jetbrains/kotlin/fir/expressions/FirQualifiedAccessExpression;Lorg/jetbrains/kotlin/name/Name;Lorg/jetbrains/kotlin/fir/resolve/calls/candidate/CallKind;ZLorg/jetbrains/kotlin/fir/expressions/FirFunctionCallOrigin;Ljava/util/List;Lorg/jetbrains/kotlin/fir/resolve/calls/ResolutionContext;Lorg/jetbrains/kotlin/fir/resolve/calls/candidate/CandidateCollector;Lorg/jetbrains/kotlin/fir/FirElement;Lorg/jetbrains/kotlin/fir/resolve/ResolutionMode;)Lorg/jetbrains/kotlin/fir/resolve/calls/FirCallResolver$ResolutionResult;+189
j  org.jetbrains.kotlin.fir.resolve.calls.FirCallResolver.collectCandidates$default(Lorg/jetbrains/kotlin/fir/resolve/calls/FirCallResolver;Lorg/jetbrains/kotlin/fir/expressions/FirQualifiedAccessExpression;Lorg/jetbrains/kotlin/name/Name;Lorg/jetbrains/kotlin/fir/resolve/calls/candidate/CallKind;ZLorg/jetbrains/kotlin/fir/expressions/FirFunctionCallOrigin;Ljava/util/List;Lorg/jetbrains/kotlin/fir/resolve/calls/ResolutionContext;Lorg/jetbrains/kotlin/fir/resolve/calls/candidate/CandidateCollector;Lorg/jetbrains/kotlin/fir/FirElement;Lorg/jetbrains/kotlin/fir/resolve/ResolutionMode;ILjava/lang/Object;)Lorg/jetbrains/kotlin/fir/resolve/calls/FirCallResolver$ResolutionResult;+165
j  org.jetbrains.kotlin.fir.resolve.calls.FirCallResolver.resolveCallAndSelectCandidate(Lorg/jetbrains/kotlin/fir/expressions/FirFunctionCall;Lorg/jetbrains/kotlin/fir/resolve/ResolutionMode;)Lorg/jetbrains/kotlin/fir/expressions/FirFunctionCall;+43
j  org.jetbrains.kotlin.fir.resolve.transformers.body.resolve.FirExpressionsResolveTransformer.transformFunctionCallInternal$resolve(Lorg/jetbrains/kotlin/fir/expressions/FirFunctionCall;Lorg/jetbrains/kotlin/fir/resolve/ResolutionMode;Lorg/jetbrains/kotlin/fir/resolve/transformers/body/resolve/FirExpressionsResolveTransformer$CallResolutionMode;)Lorg/jetbrains/kotlin/fir/expressions/FirStatement;+397
j  org.jetbrains.kotlin.fir.resolve.transformers.body.resolve.FirExpressionsResolveTransformer.transformFunctionCall(Lorg/jetbrains/kotlin/fir/expressions/FirFunctionCall;Lorg/jetbrains/kotlin/fir/resolve/ResolutionMode;)Lorg/jetbrains/kotlin/fir/expressions/FirStatement;+20
j  org.jetbrains.kotlin.fir.resolve.transformers.body.resolve.FirAbstractBodyResolveTransformerDispatcher.transformFunctionCall(Lorg/jetbrains/kotlin/fir/expressions/FirFunctionCall;Lorg/jetbrains/kotlin/fir/resolve/ResolutionMode;)Lorg/jetbrains/kotlin/fir/expressions/FirStatement;+53
j  org.jetbrains.kotlin.fir.resolve.transformers.body.resolve.FirAbstractBodyResolveTransformerDispatcher.transformFunctionCall(Lorg/jetbrains/kotlin/fir/expressions/FirFunctionCall;Ljava/lang/Object;)Lorg/jetbrains/kotlin/fir/expressions/FirStatement;+6
j  org.jetbrains.kotlin.fir.expressions.FirFunctionCall.transform(Lorg/jetbrains/kotlin/fir/visitors/FirTransformer;Ljava/lang/Object;)Lorg/jetbrains/kotlin/fir/FirElement;+9
j  org.jetbrains.kotlin.fir.declarations.impl.FirPropertyImpl.transformInitializer(Lorg/jetbrains/kotlin/fir/visitors/FirTransformer;Ljava/lang/Object;)Lorg/jetbrains/kotlin/fir/declarations/impl/FirPropertyImpl;+18
j  org.jetbrains.kotlin.fir.declarations.impl.FirPropertyImpl.transformInitializer(Lorg/jetbrains/kotlin/fir/visitors/FirTransformer;Ljava/lang/Object;)Lorg/jetbrains/kotlin/fir/declarations/FirProperty;+3
j  org.jetbrains.kotlin.fir.resolve.transformers.body.resolve.FirDeclarationsResolveTransformer.transformProperty(Lorg/jetbrains/kotlin/fir/declarations/FirProperty;Lorg/jetbrains/kotlin/fir/resolve/ResolutionMode;)Lorg/jetbrains/kotlin/fir/declarations/FirProperty;+1145
j  org.jetbrains.kotlin.fir.resolve.transformers.body.resolve.FirAbstractBodyResolveTransformerDispatcher.transformProperty(Lorg/jetbrains/kotlin/fir/declarations/FirProperty;Lorg/jetbrains/kotlin/fir/resolve/ResolutionMode;)Lorg/jetbrains/kotlin/fir/declarations/FirProperty;+59
j  org.jetbrains.kotlin.fir.resolve.transformers.body.resolve.FirImplicitAwareBodyResolveTransformer.transformProperty$lambda$0(Lorg/jetbrains/kotlin/fir/resolve/transformers/body/resolve/FirImplicitAwareBodyResolveTransformer;Lorg/jetbrains/kotlin/fir/declarations/FirProperty;Lorg/jetbrains/kotlin/fir/resolve/ResolutionMode;)Lorg/jetbrains/kotlin/fir/declarations/FirProperty;+3
j  org.jetbrains.kotlin.fir.resolve.transformers.body.resolve.FirImplicitAwareBodyResolveTransformer$$Lambda+0x00000001011f2e50.invoke()Ljava/lang/Object;+12
j  org.jetbrains.kotlin.fir.resolve.transformers.body.resolve.ImplicitBodyResolveComputationSession.executeTransformation(Lorg/jetbrains/kotlin/fir/symbols/impl/FirCallableSymbol;Lkotlin/jvm/functions/Function0;)Lorg/jetbrains/kotlin/fir/declarations/FirCallableDeclaration;+13
j  org.jetbrains.kotlin.fir.resolve.transformers.body.resolve.ImplicitBodyResolveComputationSession.compute$resolve(Lorg/jetbrains/kotlin/fir/symbols/impl/FirCallableSymbol;Lkotlin/jvm/functions/Function0;)Lorg/jetbrains/kotlin/fir/declarations/FirCallableDeclaration;+20
j  org.jetbrains.kotlin.fir.resolve.transformers.body.resolve.FirImplicitAwareBodyResolveTransformer.computeCachedTransformationResult(Lorg/jetbrains/kotlin/fir/declarations/FirCallableDeclaration;Lkotlin/jvm/functions/Function0;)Lorg/jetbrains/kotlin/fir/declarations/FirCallableDeclaration;+230
j  org.jetbrains.kotlin.fir.resolve.transformers.body.resolve.FirImplicitAwareBodyResolveTransformer.transformProperty(Lorg/jetbrains/kotlin/fir/declarations/FirProperty;Lorg/jetbrains/kotlin/fir/resolve/ResolutionMode;)Lorg/jetbrains/kotlin/fir/declarations/FirProperty;+25
j  org.jetbrains.kotlin.fir.resolve.transformers.body.resolve.FirImplicitAwareBodyResolveTransformer.transformProperty(Lorg/jetbrains/kotlin/fir/declarations/FirProperty;Ljava/lang/Object;)Lorg/jetbrains/kotlin/fir/expressions/FirStatement;+6
j  org.jetbrains.kotlin.fir.declarations.FirProperty.transform(Lorg/jetbrains/kotlin/fir/visitors/FirTransformer;Ljava/lang/Object;)Lorg/jetbrains/kotlin/fir/FirElement;+9
j  org.jetbrains.kotlin.fir.visitors.FirTransformerUtilKt.transformInplace(Ljava/util/List;Lorg/jetbrains/kotlin/fir/visitors/FirTransformer;Ljava/lang/Object;)V+49
j  org.jetbrains.kotlin.fir.declarations.impl.FirScriptImpl.transformDeclarations(Lorg/jetbrains/kotlin/fir/visitors/FirTransformer;Ljava/lang/Object;)Lorg/jetbrains/kotlin/fir/declarations/impl/FirScriptImpl;+12
j  org.jetbrains.kotlin.fir.declarations.impl.FirScriptImpl.transformChildren(Lorg/jetbrains/kotlin/fir/visitors/FirTransformer;Ljava/lang/Object;)Lorg/jetbrains/kotlin/fir/declarations/impl/FirScriptImpl;+41
j  org.jetbrains.kotlin.fir.declarations.impl.FirScriptImpl.transformChildren(Lorg/jetbrains/kotlin/fir/visitors/FirTransformer;Ljava/lang/Object;)Lorg/jetbrains/kotlin/fir/FirElement;+3
j  org.jetbrains.kotlin.fir.resolve.transformers.body.resolve.FirAbstractBodyResolveTransformerDispatcher.transformElement(Lorg/jetbrains/kotlin/fir/FirElement;Lorg/jetbrains/kotlin/fir/resolve/ResolutionMode;)Lorg/jetbrains/kotlin/fir/FirElement;+20
j  org.jetbrains.kotlin.fir.resolve.transformers.body.resolve.FirAbstractBodyResolveTransformerDispatcher.transformDeclarationContent(Lorg/jetbrains/kotlin/fir/declarations/FirDeclaration;Lorg/jetbrains/kotlin/fir/resolve/ResolutionMode;)Lorg/jetbrains/kotlin/fir/declarations/FirDeclaration;+20
j  org.jetbrains.kotlin.fir.resolve.transformers.body.resolve.FirImplicitAwareBodyResolveTransformer.transformDeclarationContent(Lorg/jetbrains/kotlin/fir/declarations/FirDeclaration;Lorg/jetbrains/kotlin/fir/resolve/ResolutionMode;)Lorg/jetbrains/kotlin/fir/declarations/FirDeclaration;+57
j  org.jetbrains.kotlin.fir.resolve.transformers.body.resolve.FirDeclarationsResolveTransformer.transformDeclarationContent(Lorg/jetbrains/kotlin/fir/declarations/FirDeclaration;Lorg/jetbrains/kotlin/fir/resolve/ResolutionMode;)Lorg/jetbrains/kotlin/fir/declarations/FirDeclaration;+20
j  org.jetbrains.kotlin.fir.resolve.transformers.body.resolve.FirDeclarationsResolveTransformer.transformScript$lambda$0$0(Lorg/jetbrains/kotlin/fir/resolve/transformers/body/resolve/FirDeclarationsResolveTransformer;Lorg/jetbrains/kotlin/fir/declarations/FirScript;Lorg/jetbrains/kotlin/fir/resolve/ResolutionMode;)Lorg/jetbrains/kotlin/fir/declarations/FirScript;+6
j  org.jetbrains.kotlin.fir.resolve.transformers.body.resolve.FirDeclarationsResolveTransformer$$Lambda+0x00000001011f29a0.invoke()Ljava/lang/Object;+12
j  org.jetbrains.kotlin.fir.resolve.transformers.body.resolve.FirDeclarationsResolveTransformer.withScript$lambda$0(Lorg/jetbrains/kotlin/fir/resolve/transformers/body/resolve/FirDeclarationsResolveTransformer;Lorg/jetbrains/kotlin/fir/declarations/FirScript;Lkotlin/jvm/functions/Function0;)Lorg/jetbrains/kotlin/fir/declarations/FirScript;+27
j  org.jetbrains.kotlin.fir.resolve.transformers.body.resolve.FirDeclarationsResolveTransformer$$Lambda+0x00000001011f2bf8.invoke()Ljava/lang/Object;+12
j  org.jetbrains.kotlin.fir.resolve.transformers.body.resolve.BodyResolveContext.withScript(Lorg/jetbrains/kotlin/fir/declarations/FirScript;Lorg/jetbrains/kotlin/fir/SessionAndScopeSessionHolder;Lkotlin/jvm/functions/Function0;)Ljava/lang/Object;+450
j  org.jetbrains.kotlin.fir.resolve.transformers.body.resolve.FirDeclarationsResolveTransformer.withScript(Lorg/jetbrains/kotlin/fir/declarations/FirScript;Lkotlin/jvm/functions/Function0;)Lorg/jetbrains/kotlin/fir/declarations/FirScript;+60
j  org.jetbrains.kotlin.fir.resolve.transformers.body.resolve.FirDeclarationsResolveTransformer.transformScript(Lorg/jetbrains/kotlin/fir/declarations/FirScript;Lorg/jetbrains/kotlin/fir/resolve/ResolutionMode;)Lorg/jetbrains/kotlin/fir/declarations/FirScript;+42
j  org.jetbrains.kotlin.fir.resolve.transformers.body.resolve.FirAbstractBodyResolveTransformerDispatcher.transformScript(Lorg/jetbrains/kotlin/fir/declarations/FirScript;Lorg/jetbrains/kotlin/fir/resolve/ResolutionMode;)Lorg/jetbrains/kotlin/fir/declarations/FirScript;+59
j  org.jetbrains.kotlin.fir.resolve.transformers.body.resolve.FirAbstractBodyResolveTransformerDispatcher.transformScript(Lorg/jetbrains/kotlin/fir/declarations/FirScript;Ljava/lang/Object;)Lorg/jetbrains/kotlin/fir/declarations/FirScript;+6
j  org.jetbrains.kotlin.fir.declarations.FirScript.transform(Lorg/jetbrains/kotlin/fir/visitors/FirTransformer;Ljava/lang/Object;)Lorg/jetbrains/kotlin/fir/FirElement;+9
j  org.jetbrains.kotlin.fir.visitors.FirTransformerUtilKt.transformInplace(Ljava/util/List;Lorg/jetbrains/kotlin/fir/visitors/FirTransformer;Ljava/lang/Object;)V+49
j  org.jetbrains.kotlin.fir.declarations.impl.FirFileImpl.transformDeclarations(Lorg/jetbrains/kotlin/fir/visitors/FirTransformer;Ljava/lang/Object;)Lorg/jetbrains/kotlin/fir/declarations/impl/FirFileImpl;+13
j  org.jetbrains.kotlin.fir.declarations.impl.FirFileImpl.transformChildren(Lorg/jetbrains/kotlin/fir/visitors/FirTransformer;Ljava/lang/Object;)Lorg/jetbrains/kotlin/fir/declarations/impl/FirFileImpl;+65
j  org.jetbrains.kotlin.fir.declarations.impl.FirFileImpl.transformChildren(Lorg/jetbrains/kotlin/fir/visitors/FirTransformer;Ljava/lang/Object;)Lorg/jetbrains/kotlin/fir/FirElement;+3
j  org.jetbrains.kotlin.fir.resolve.transformers.body.resolve.FirAbstractBodyResolveTransformerDispatcher.transformElement(Lorg/jetbrains/kotlin/fir/FirElement;Lorg/jetbrains/kotlin/fir/resolve/ResolutionMode;)Lorg/jetbrains/kotlin/fir/FirElement;+20
j  org.jetbrains.kotlin.fir.resolve.transformers.body.resolve.FirAbstractBodyResolveTransformerDispatcher.transformDeclarationContent(Lorg/jetbrains/kotlin/fir/declarations/FirDeclaration;Lorg/jetbrains/kotlin/fir/resolve/ResolutionMode;)Lorg/jetbrains/kotlin/fir/declarations/FirDeclaration;+20
j  org.jetbrains.kotlin.fir.resolve.transformers.body.resolve.FirImplicitAwareBodyResolveTransformer.transformDeclarationContent(Lorg/jetbrains/kotlin/fir/declarations/FirDeclaration;Lorg/jetbrains/kotlin/fir/resolve/ResolutionMode;)Lorg/jetbrains/kotlin/fir/declarations/FirDeclaration;+57
j  org.jetbrains.kotlin.fir.resolve.transformers.body.resolve.FirDeclarationsResolveTransformer.transformDeclarationContent(Lorg/jetbrains/kotlin/fir/declarations/FirDeclaration;Lorg/jetbrains/kotlin/fir/resolve/ResolutionMode;)Lorg/jetbrains/kotlin/fir/declarations/FirDeclaration;+20
j  org.jetbrains.kotlin.fir.resolve.transformers.body.resolve.FirDeclarationsResolveTransformer.doTransformFile$lambda$0(Lorg/jetbrains/kotlin/fir/resolve/transformers/body/resolve/FirDeclarationsResolveTransformer;Lorg/jetbrains/kotlin/fir/declarations/FirFile;Lorg/jetbrains/kotlin/fir/resolve/ResolutionMode;)Lorg/jetbrains/kotlin/fir/declarations/FirFile;+6
j  org.jetbrains.kotlin.fir.resolve.transformers.body.resolve.FirDeclarationsResolveTransformer$$Lambda+0x00000001011ecb10.invoke()Ljava/lang/Object;+12
j  org.jetbrains.kotlin.fir.resolve.transformers.body.resolve.FirDeclarationsResolveTransformer.withFile(Lorg/jetbrains/kotlin/fir/declarations/FirFile;Lkotlin/jvm/functions/Function0;)Lorg/jetbrains/kotlin/fir/declarations/FirFile;+327
j  org.jetbrains.kotlin.fir.resolve.transformers.body.resolve.FirDeclarationsResolveTransformer.doTransformFile(Lorg/jetbrains/kotlin/fir/declarations/FirFile;Lorg/jetbrains/kotlin/fir/resolve/ResolutionMode;)Lorg/jetbrains/kotlin/fir/declarations/FirFile;+10
j  org.jetbrains.kotlin.fir.resolve.transformers.body.resolve.FirDeclarationsResolveTransformer.transformFile(Lorg/jetbrains/kotlin/fir/declarations/FirFile;Lorg/jetbrains/kotlin/fir/resolve/ResolutionMode;)Lorg/jetbrains/kotlin/fir/declarations/FirFile;+31
j  org.jetbrains.kotlin.fir.resolve.transformers.body.resolve.FirAbstractBodyResolveTransformerDispatcher.transformFile(Lorg/jetbrains/kotlin/fir/declarations/FirFile;Lorg/jetbrains/kotlin/fir/resolve/ResolutionMode;)Lorg/jetbrains/kotlin/fir/declarations/FirFile;+59
j  org.jetbrains.kotlin.fir.resolve.transformers.body.resolve.FirAbstractBodyResolveTransformerDispatcher.transformFile(Lorg/jetbrains/kotlin/fir/declarations/FirFile;Ljava/lang/Object;)Lorg/jetbrains/kotlin/fir/declarations/FirFile;+6
j  org.jetbrains.kotlin.fir.declarations.FirFile.transform(Lorg/jetbrains/kotlin/fir/visitors/FirTransformer;Ljava/lang/Object;)Lorg/jetbrains/kotlin/fir/FirElement;+9
j  org.jetbrains.kotlin.fir.resolve.transformers.body.resolve.FirImplicitTypeBodyResolveTransformerAdapter.transformFile(Lorg/jetbrains/kotlin/fir/declarations/FirFile;Ljava/lang/Object;)Lorg/jetbrains/kotlin/fir/declarations/FirFile;+26
j  org.jetbrains.kotlin.fir.declarations.FirFile.transform(Lorg/jetbrains/kotlin/fir/visitors/FirTransformer;Ljava/lang/Object;)Lorg/jetbrains/kotlin/fir/FirElement;+9
j  org.jetbrains.kotlin.fir.resolve.transformers.FirTransformerBasedResolveProcessor.processFile(Lorg/jetbrains/kotlin/fir/declarations/FirFile;)V+12
j  org.jetbrains.kotlin.fir.resolve.transformers.FirTotalResolveProcessor.process(Ljava/util/List;)V+98
j  org.jetbrains.kotlin.fir.pipeline.AnalyseKt.runResolution(Lorg/jetbrains/kotlin/fir/FirSession;Ljava/util/List;)Lkotlin/Pair;+23
j  org.jetbrains.kotlin.scripting.compiler.plugin.impl.ScriptJvmCompilerImplsKt.doCompileWithK2(Lorg/jetbrains/kotlin/scripting/compiler/plugin/impl/SharedScriptCompilationContext;Lkotlin/script/experimental/api/SourceCode;Ljava/util/List;Ljava/util/List;Lorg/jetbrains/kotlin/scripting/compiler/plugin/impl/ScriptDiagnosticsMessageCollector;Lkotlin/jvm/functions/Function1;)Lkotlin/script/experimental/api/ResultWithDiagnostics;+1135
j  org.jetbrains.kotlin.scripting.compiler.plugin.impl.ScriptJvmCompilerImplsKt.compileImpl(Lkotlin/script/experimental/api/SourceCode;Lorg/jetbrains/kotlin/scripting/compiler/plugin/impl/SharedScriptCompilationContext;Lkotlin/script/experimental/api/ScriptCompilationConfiguration;Lorg/jetbrains/kotlin/scripting/compiler/plugin/impl/ScriptDiagnosticsMessageCollector;)Lkotlin/script/experimental/api/ResultWithDiagnostics;+313
j  org.jetbrains.kotlin.scripting.compiler.plugin.impl.ScriptJvmCompilerImplsKt.access$compileImpl(Lkotlin/script/experimental/api/SourceCode;Lorg/jetbrains/kotlin/scripting/compiler/plugin/impl/SharedScriptCompilationContext;Lkotlin/script/experimental/api/ScriptCompilationConfiguration;Lorg/jetbrains/kotlin/scripting/compiler/plugin/impl/ScriptDiagnosticsMessageCollector;)Lkotlin/script/experimental/api/ResultWithDiagnostics;+4
j  org.jetbrains.kotlin.scripting.compiler.plugin.impl.ScriptJvmCompilerFromEnvironment.compile$lambda$0$0(Lkotlin/script/experimental/api/ScriptCompilationConfiguration;Lkotlin/script/experimental/api/SourceCode;Lorg/jetbrains/kotlin/scripting/compiler/plugin/impl/ScriptJvmCompilerFromEnvironment;Lorg/jetbrains/kotlin/scripting/compiler/plugin/impl/ScriptDiagnosticsMessageCollector;)Lkotlin/script/experimental/api/ResultWithDiagnostics;+125
j  org.jetbrains.kotlin.scripting.compiler.plugin.impl.ScriptJvmCompilerFromEnvironment$$Lambda+0x0000000100fb5f90.invoke()Ljava/lang/Object;+16
j  org.jetbrains.kotlin.scripting.compiler.plugin.impl.ScriptJvmCompilerImplsKt.withScriptCompilationCache(Lkotlin/script/experimental/api/SourceCode;Lkotlin/script/experimental/api/ScriptCompilationConfiguration;Lorg/jetbrains/kotlin/scripting/compiler/plugin/impl/ScriptDiagnosticsMessageCollector;Lkotlin/jvm/functions/Function0;)Lkotlin/script/experimental/api/ResultWithDiagnostics;+97
j  org.jetbrains.kotlin.scripting.compiler.plugin.impl.ScriptJvmCompilerImplsKt.access$withScriptCompilationCache(Lkotlin/script/experimental/api/SourceCode;Lkotlin/script/experimental/api/ScriptCompilationConfiguration;Lorg/jetbrains/kotlin/scripting/compiler/plugin/impl/ScriptDiagnosticsMessageCollector;Lkotlin/jvm/functions/Function0;)Lkotlin/script/experimental/api/ResultWithDiagnostics;+4
j  org.jetbrains.kotlin.scripting.compiler.plugin.impl.ScriptJvmCompilerFromEnvironment.compile(Lkotlin/script/experimental/api/SourceCode;Lkotlin/script/experimental/api/ScriptCompilationConfiguration;)Lkotlin/script/experimental/api/ResultWithDiagnostics;+53
j  kotlin.script.experimental.jvmhost.JvmScriptCompiler.invoke$suspendImpl(Lkotlin/script/experimental/jvmhost/JvmScriptCompiler;Lkotlin/script/experimental/api/SourceCode;Lkotlin/script/experimental/api/ScriptCompilationConfiguration;Lkotlin/coroutines/Continuation;)Ljava/lang/Object;+15
j  kotlin.script.experimental.jvmhost.JvmScriptCompiler.invoke(Lkotlin/script/experimental/api/SourceCode;Lkotlin/script/experimental/api/ScriptCompilationConfiguration;Lkotlin/coroutines/Continuation;)Ljava/lang/Object;+4
j  kotlin.script.experimental.host.BasicScriptingHost$eval$1.invokeSuspend(Ljava/lang/Object;)Ljava/lang/Object;+64
j  kotlin.script.experimental.host.BasicScriptingHost$eval$1.invoke(Lkotlin/coroutines/Continuation;)Ljava/lang/Object;+11
j  kotlin.script.experimental.host.BasicScriptingHost$eval$1.invoke(Ljava/lang/Object;)Ljava/lang/Object;+5
j  kotlin.script.experimental.host.BasicScriptingHost$runInCoroutineContext$1.invokeSuspend(Ljava/lang/Object;)Ljava/lang/Object;+46
J 9999 c1 kotlin.coroutines.jvm.internal.BaseContinuationImpl.resumeWith(Ljava/lang/Object;)V (124 bytes) @ 0x000001fa07d3fdac [0x000001fa07d3f9c0+0x00000000000003ec]
j  kotlin.coroutines.ContinuationKt.startCoroutine(Lkotlin/jvm/functions/Function1;Lkotlin/coroutines/Continuation;)V+34
j  kotlin.script.experimental.impl.RunSuspendKt.internalScriptingRunSuspend(Lkotlin/jvm/functions/Function1;)Ljava/lang/Object;+19
j  kotlin.script.experimental.host.BasicScriptingHost.runInCoroutineContext(Lkotlin/jvm/functions/Function1;)Ljava/lang/Object;+18
j  kotlin.script.experimental.host.BasicScriptingHost.eval(Lkotlin/script/experimental/api/SourceCode;Lkotlin/script/experimental/api/ScriptCompilationConfiguration;Lkotlin/script/experimental/api/ScriptEvaluationConfiguration;)Lkotlin/script/experimental/api/ResultWithDiagnostics;+28
j  org.gradle.kotlin.dsl.support.KotlinCompilerKt.compileKotlinScriptModuleTo(Ljava/io/File;Lorg/gradle/kotlin/dsl/support/KotlinCompilerOptions;Ljava/lang/String;Ljava/util/Collection;Lorg/jetbrains/kotlin/scripting/definitions/ScriptDefinition;Ljava/lang/Iterable;Lorg/gradle/kotlin/dsl/support/LoggingMessageCollector;)V+920
j  org.gradle.kotlin.dsl.support.KotlinCompilerKt.compileKotlinScriptToDirectory(Ljava/io/File;Lorg/gradle/kotlin/dsl/support/KotlinCompilerOptions;Ljava/io/File;Lorg/jetbrains/kotlin/scripting/definitions/ScriptDefinition;Ljava/util/List;Lorg/slf4j/Logger;Lkotlin/jvm/functions/Function1;)Ljava/lang/String;+76
j  org.gradle.kotlin.dsl.execution.ResidualProgramCompiler.compileScript_C5AE47M$lambda$0(Lorg/gradle/kotlin/dsl/execution/ResidualProgramCompiler;Lorg/gradle/internal/classpath/ClassPath;Ljava/io/File;Lorg/jetbrains/kotlin/scripting/definitions/ScriptDefinition;Ljava/lang/String;)Ljava/lang/String;+47
j  org.gradle.kotlin.dsl.execution.ResidualProgramCompiler$$Lambda+0x0000000100db6c00.invoke()Ljava/lang/Object;+20
j  org.gradle.kotlin.dsl.provider.StandardKotlinScriptEvaluator$InterpreterHost$runCompileBuildOperation$1.call(Lorg/gradle/internal/operations/BuildOperationContext;)Ljava/lang/String;+10
j  org.gradle.kotlin.dsl.provider.StandardKotlinScriptEvaluator$InterpreterHost$runCompileBuildOperation$1.call(Lorg/gradle/internal/operations/BuildOperationContext;)Ljava/lang/Object;+2
J 8118 c1 org.gradle.internal.operations.DefaultBuildOperationRunner$CallableBuildOperationWorker.execute(Lorg/gradle/internal/operations/BuildOperation;Lorg/gradle/internal/operations/BuildOperationContext;)V (10 bytes) @ 0x000001fa07ac41b4 [0x000001fa07ac3f60+0x0000000000000254]
J 7873 c1 org.gradle.internal.operations.DefaultBuildOperationRunner$2.execute(Lorg/gradle/internal/operations/BuildOperationDescriptor;Lorg/gradle/internal/operations/BuildOperationState;Lorg/gradle/internal/operations/BuildOperationState;Lorg/gradle/internal/operations/DefaultBuildOperationRunner$ReadableBuildOperationContext;Lorg/gradle/internal/operations/DefaultBuildOperationRunner$BuildOperationExecutionListener;)Lorg/gradle/internal/operations/BuildOperation; (110 bytes) @ 0x000001fa06df05b4 [0x000001fa06df03c0+0x00000000000001f4]
J 8007 c1 org.gradle.internal.operations.DefaultBuildOperationRunner$2.execute(Lorg/gradle/internal/operations/BuildOperationDescriptor;Lorg/gradle/internal/operations/BuildOperationState;Lorg/gradle/internal/operations/BuildOperationState;Lorg/gradle/internal/operations/DefaultBuildOperationRunner$ReadableBuildOperationContext;Lorg/gradle/internal/operations/DefaultBuildOperationRunner$BuildOperationExecutionListener;)Ljava/lang/Object; (12 bytes) @ 0x000001fa07a7fcbc [0x000001fa07a7fc40+0x000000000000007c]
J 7864 c1 org.gradle.internal.operations.DefaultBuildOperationRunner.execute(Lorg/gradle/internal/operations/BuildOperationDescriptor$Builder;Lorg/gradle/internal/operations/DefaultBuildOperationRunner$BuildOperationExecution;)Ljava/lang/Object; (147 bytes) @ 0x000001fa0745655c [0x000001fa074557c0+0x0000000000000d9c]
J 7509 c1 org.gradle.internal.operations.DefaultBuildOperationRunner.execute(Lorg/gradle/internal/operations/BuildOperation;Lorg/gradle/internal/operations/BuildOperationWorker;)V (22 bytes) @ 0x000001fa079b90ec [0x000001fa079b8e60+0x000000000000028c]
J 8115 c1 org.gradle.internal.operations.DefaultBuildOperationRunner.call(Lorg/gradle/internal/operations/CallableBuildOperation;)Ljava/lang/Object; (20 bytes) @ 0x000001fa07ac2f7c [0x000001fa07ac2de0+0x000000000000019c]
j  org.gradle.kotlin.dsl.provider.StandardKotlinScriptEvaluator$InterpreterHost.runCompileBuildOperation(Ljava/lang/String;Ljava/lang/String;Lkotlin/jvm/functions/Function0;)Ljava/lang/String;+38
j  org.gradle.kotlin.dsl.execution.Interpreter$ProgramHost$compileSecondStageOf$cacheDir$1$1$1$1$1.invoke(Ljava/lang/String;Ljava/lang/String;Lkotlin/jvm/functions/Function0;)Ljava/lang/String;+28
j  org.gradle.kotlin.dsl.execution.Interpreter$ProgramHost$compileSecondStageOf$cacheDir$1$1$1$1$1.invoke(Ljava/lang/Object;Ljava/lang/Object;Ljava/lang/Object;)Ljava/lang/Object;+13
j  org.gradle.kotlin.dsl.execution.ResidualProgramCompiler.compileScript-C5AE47M(Ljava/io/File;Ljava/lang/String;Lorg/jetbrains/kotlin/scripting/definitions/ScriptDefinition;Ljava/lang/String;Lorg/gradle/internal/classpath/ClassPath;)Ljava/lang/String;+21
j  org.gradle.kotlin.dsl.execution.ResidualProgramCompiler.compileScript-C5AE47M$default(Lorg/gradle/kotlin/dsl/execution/ResidualProgramCompiler;Ljava/io/File;Ljava/lang/String;Lorg/jetbrains/kotlin/scripting/definitions/ScriptDefinition;Ljava/lang/String;Lorg/gradle/internal/classpath/ClassPath;ILjava/lang/Object;)Ljava/lang/String;+22
j  org.gradle.kotlin.dsl.execution.ResidualProgramCompiler.emitStage2ProgramFor(Ljava/io/File;Ljava/lang/String;)V+30
j  org.gradle.kotlin.dsl.execution.Interpreter$ProgramHost.compileSecondStageOf$lambda$0(Lorg/gradle/kotlin/dsl/execution/Interpreter;Lorg/gradle/groovy/scripts/ScriptSource;Ljava/lang/String;Lorg/gradle/kotlin/dsl/support/KotlinScriptHost;Ljava/lang/String;Lorg/gradle/kotlin/dsl/execution/ExecutableProgram$StagedProgram;Lorg/gradle/internal/classpath/ClassPath;Lorg/gradle/internal/hash/HashCode;Lorg/gradle/kotlin/dsl/execution/ProgramKind;Lorg/gradle/kotlin/dsl/execution/ProgramTarget;Ljava/io/File;)Lkotlin/Unit;+177
j  org.gradle.kotlin.dsl.execution.Interpreter$ProgramHost$$Lambda+0x00000001009add30.invoke(Ljava/lang/Object;)Ljava/lang/Object;+44
j  org.gradle.kotlin.dsl.provider.StandardKotlinScriptEvaluator$KotlinScriptCompilationAndInstrumentation.compile(Ljava/io/File;)Ljava/io/File;+32
j  org.gradle.internal.scripts.BuildScriptCompilationAndInstrumentation.execute(Lorg/gradle/internal/execution/ExecutionContext;)Lorg/gradle/internal/execution/WorkOutput;+9
j  org.gradle.internal.execution.steps.ExecuteStep.executeInternal(Lorg/gradle/internal/execution/UnitOfWork;Lorg/gradle/internal/execution/steps/WorkspaceContext;)Lorg/gradle/internal/execution/steps/Result;+13
j  org.gradle.internal.execution.steps.ExecuteStep.access$000(Lorg/gradle/internal/execution/steps/ExecuteStep;Lorg/gradle/internal/execution/UnitOfWork;Lorg/gradle/internal/execution/steps/WorkspaceContext;)Lorg/gradle/internal/execution/steps/Result;+3
j  org.gradle.internal.execution.steps.ExecuteStep$1.call(Lorg/gradle/internal/operations/BuildOperationContext;)Lorg/gradle/internal/execution/steps/Result;+12
j  org.gradle.internal.execution.steps.ExecuteStep$1.call(Lorg/gradle/internal/operations/BuildOperationContext;)Ljava/lang/Object;+2
J 8118 c1 org.gradle.internal.operations.DefaultBuildOperationRunner$CallableBuildOperationWorker.execute(Lorg/gradle/internal/operations/BuildOperation;Lorg/gradle/internal/operations/BuildOperationContext;)V (10 bytes) @ 0x000001fa07ac41b4 [0x000001fa07ac3f60+0x0000000000000254]
J 7873 c1 org.gradle.internal.operations.DefaultBuildOperationRunner$2.execute(Lorg/gradle/internal/operations/BuildOperationDescriptor;Lorg/gradle/internal/operations/BuildOperationState;Lorg/gradle/internal/operations/BuildOperationState;Lorg/gradle/internal/operations/DefaultBuildOperationRunner$ReadableBuildOperationContext;Lorg/gradle/internal/operations/DefaultBuildOperationRunner$BuildOperationExecutionListener;)Lorg/gradle/internal/operations/BuildOperation; (110 bytes) @ 0x000001fa06df05b4 [0x000001fa06df03c0+0x00000000000001f4]
J 8007 c1 org.gradle.internal.operations.DefaultBuildOperationRunner$2.execute(Lorg/gradle/internal/operations/BuildOperationDescriptor;Lorg/gradle/internal/operations/BuildOperationState;Lorg/gradle/internal/operations/BuildOperationState;Lorg/gradle/internal/operations/DefaultBuildOperationRunner$ReadableBuildOperationContext;Lorg/gradle/internal/operations/DefaultBuildOperationRunner$BuildOperationExecutionListener;)Ljava/lang/Object; (12 bytes) @ 0x000001fa07a7fcbc [0x000001fa07a7fc40+0x000000000000007c]
J 7864 c1 org.gradle.internal.operations.DefaultBuildOperationRunner.execute(Lorg/gradle/internal/operations/BuildOperationDescriptor$Builder;Lorg/gradle/internal/operations/DefaultBuildOperationRunner$BuildOperationExecution;)Ljava/lang/Object; (147 bytes) @ 0x000001fa0745655c [0x000001fa074557c0+0x0000000000000d9c]
J 7509 c1 org.gradle.internal.operations.DefaultBuildOperationRunner.execute(Lorg/gradle/internal/operations/BuildOperation;Lorg/gradle/internal/operations/BuildOperationWorker;)V (22 bytes) @ 0x000001fa079b90ec [0x000001fa079b8e60+0x000000000000028c]
J 8115 c1 org.gradle.internal.operations.DefaultBuildOperationRunner.call(Lorg/gradle/internal/operations/CallableBuildOperation;)Ljava/lang/Object; (20 bytes) @ 0x000001fa07ac2f7c [0x000001fa07ac2de0+0x000000000000019c]
j  org.gradle.internal.execution.steps.ExecuteStep.execute(Lorg/gradle/internal/execution/UnitOfWork;Lorg/gradle/internal/execution/steps/WorkspaceContext;)Lorg/gradle/internal/execution/steps/Result;+28
j  org.gradle.internal.execution.steps.ExecuteStep$Immutable.execute(Lorg/gradle/internal/execution/UnitOfWork;Lorg/gradle/internal/execution/steps/Context;)Lorg/gradle/internal/execution/steps/Result;+6
j  org.gradle.internal.execution.steps.CancelExecutionStep.execute(Lorg/gradle/internal/execution/UnitOfWork;Lorg/gradle/internal/execution/steps/Context;)Lorg/gradle/internal/execution/steps/Result;+35
j  org.gradle.internal.execution.steps.TimeoutStep.executeWithoutTimeout(Lorg/gradle/internal/execution/UnitOfWork;Lorg/gradle/internal/execution/steps/Context;)Lorg/gradle/internal/execution/steps/Result;+6
j  org.gradle.internal.execution.steps.TimeoutStep.execute(Lorg/gradle/internal/execution/UnitOfWork;Lorg/gradle/internal/execution/steps/Context;)Lorg/gradle/internal/execution/steps/Result;+92
j  org.gradle.internal.execution.steps.PreCreateOutputParentsStep.execute(Lorg/gradle/internal/execution/UnitOfWork;Lorg/gradle/internal/execution/steps/WorkspaceContext;)Lorg/gradle/internal/execution/steps/Result;+24
j  org.gradle.internal.execution.steps.PreCreateOutputParentsStep.execute(Lorg/gradle/internal/execution/UnitOfWork;Lorg/gradle/internal/execution/steps/Context;)Lorg/gradle/internal/execution/steps/Result;+6
j  org.gradle.internal.execution.steps.BroadcastChangingOutputsStep.execute(Lorg/gradle/internal/execution/UnitOfWork;Lorg/gradle/internal/execution/steps/WorkspaceContext;)Lorg/gradle/internal/execution/steps/Result;+27
j  org.gradle.internal.execution.steps.BroadcastChangingOutputsStep.execute(Lorg/gradle/internal/execution/UnitOfWork;Lorg/gradle/internal/execution/steps/Context;)Lorg/gradle/internal/execution/steps/Result;+6
j  org.gradle.internal.execution.steps.CaptureOutputsAfterExecutionStep.execute(Lorg/gradle/internal/execution/UnitOfWork;Lorg/gradle/internal/execution/steps/WorkspaceContext;)Lorg/gradle/internal/execution/steps/AfterExecutionResult;+6
j  org.gradle.internal.execution.steps.CaptureOutputsAfterExecutionStep.execute(Lorg/gradle/internal/execution/UnitOfWork;Lorg/gradle/internal/execution/steps/Context;)Lorg/gradle/internal/execution/steps/Result;+6
j  org.gradle.internal.execution.steps.BuildCacheStep.executeWithoutCache(Lorg/gradle/internal/execution/UnitOfWork;Lorg/gradle/internal/execution/steps/WorkspaceContext;)Lorg/gradle/internal/execution/steps/AfterExecutionResult;+6
j  org.gradle.internal.execution.steps.BuildCacheStep.lambda$execute$1(Lorg/gradle/internal/execution/UnitOfWork;Lorg/gradle/internal/execution/steps/WorkspaceContext;Lorg/gradle/internal/execution/caching/CachingState$Disabled;)Lorg/gradle/internal/execution/steps/AfterExecutionResult;+3
j  org.gradle.internal.execution.steps.BuildCacheStep$$Lambda+0x0000000100da50e0.apply(Ljava/lang/Object;)Ljava/lang/Object;+16
j  org.gradle.internal.Either$Right.fold(Ljava/util/function/Function;Ljava/util/function/Function;)Ljava/lang/Object;+5
j  org.gradle.internal.execution.caching.CachingState.fold(Ljava/util/function/Function;Ljava/util/function/Function;)Ljava/lang/Object;+6
j  org.gradle.internal.execution.steps.BuildCacheStep.execute(Lorg/gradle/internal/execution/UnitOfWork;Lorg/gradle/internal/execution/steps/WorkspaceContext;)Lorg/gradle/internal/execution/steps/AfterExecutionResult;+25
j  org.gradle.internal.execution.steps.BuildCacheStep.execute(Lorg/gradle/internal/execution/UnitOfWork;Lorg/gradle/internal/execution/steps/Context;)Lorg/gradle/internal/execution/steps/Result;+6
j  org.gradle.internal.execution.steps.NeverUpToDateStep.execute(Lorg/gradle/internal/execution/UnitOfWork;Lorg/gradle/internal/execution/steps/ImmutableCachingContext;)Lorg/gradle/internal/execution/steps/UpToDateResult;+6
j  org.gradle.internal.execution.steps.NeverUpToDateStep.execute(Lorg/gradle/internal/execution/UnitOfWork;Lorg/gradle/internal/execution/steps/Context;)Lorg/gradle/internal/execution/steps/Result;+6
j  org.gradle.internal.execution.steps.legacy.MarkSnapshottingInputsFinishedStep.execute(Lorg/gradle/internal/execution/UnitOfWork;Lorg/gradle/internal/execution/steps/CachingContext;)Lorg/gradle/internal/execution/steps/Result;+18
j  org.gradle.internal.execution.steps.legacy.MarkSnapshottingInputsFinishedStep.execute(Lorg/gradle/internal/execution/UnitOfWork;Lorg/gradle/internal/execution/steps/Context;)Lorg/gradle/internal/execution/steps/Result;+6
j  org.gradle.internal.execution.steps.ResolveImmutableCachingStateStep.executeDelegate(Lorg/gradle/internal/execution/UnitOfWork;Lorg/gradle/internal/execution/steps/ImmutableValidationFinishedContext;Lorg/gradle/internal/execution/caching/CachingState;)Lorg/gradle/internal/execution/steps/UpToDateResult;+14
j  org.gradle.internal.execution.steps.ResolveImmutableCachingStateStep.executeDelegate(Lorg/gradle/internal/execution/UnitOfWork;Lorg/gradle/internal/execution/steps/ValidationFinishedContext;Lorg/gradle/internal/execution/caching/CachingState;)Lorg/gradle/internal/execution/steps/UpToDateResult;+7
j  org.gradle.internal.execution.steps.AbstractResolveCachingStateStep.execute(Lorg/gradle/internal/execution/UnitOfWork;Lorg/gradle/internal/execution/steps/ValidationFinishedContext;)Lorg/gradle/internal/execution/steps/CachingResult;+53
j  org.gradle.internal.execution.steps.AbstractResolveCachingStateStep.execute(Lorg/gradle/internal/execution/UnitOfWork;Lorg/gradle/internal/execution/steps/Context;)Lorg/gradle/internal/execution/steps/Result;+6
j  org.gradle.internal.execution.steps.ValidateStep$Immutable.executeDelegate(Lorg/gradle/internal/execution/UnitOfWork;Lorg/gradle/internal/execution/steps/ImmutableBeforeExecutionContext;Ljava/util/List;)Lorg/gradle/internal/execution/steps/Result;+14
j  org.gradle.internal.execution.steps.ValidateStep$Immutable.executeDelegate(Lorg/gradle/internal/execution/UnitOfWork;Lorg/gradle/internal/execution/steps/BeforeExecutionContext;Ljava/util/List;)Lorg/gradle/internal/execution/steps/Result;+7
j  org.gradle.internal.execution.steps.ValidateStep.execute(Lorg/gradle/internal/execution/UnitOfWork;Lorg/gradle/internal/execution/steps/BeforeExecutionContext;)Lorg/gradle/internal/execution/steps/Result;+63
j  org.gradle.internal.execution.steps.ValidateStep$Immutable.execute(Lorg/gradle/internal/execution/UnitOfWork;Lorg/gradle/internal/execution/steps/Context;)Lorg/gradle/internal/execution/steps/Result;+6
j  org.gradle.internal.execution.steps.CaptureImmutableStateBeforeExecutionStep.execute(Lorg/gradle/internal/execution/UnitOfWork;Lorg/gradle/internal/execution/steps/WorkspaceContext;)Lorg/gradle/internal/execution/steps/CachingResult;+63
j  org.gradle.internal.execution.steps.CaptureImmutableStateBeforeExecutionStep.execute(Lorg/gradle/internal/execution/UnitOfWork;Lorg/gradle/internal/execution/steps/Context;)Lorg/gradle/internal/execution/steps/Result;+6
j  org.gradle.internal.execution.steps.legacy.MarkSnapshottingInputsStartedStep.execute(Lorg/gradle/internal/execution/UnitOfWork;Lorg/gradle/internal/execution/steps/Context;)Lorg/gradle/internal/execution/steps/Result;+12
j  org.gradle.internal.execution.steps.AssignImmutableWorkspaceStep.executeInWorkspace(Lorg/gradle/internal/execution/UnitOfWork;Lorg/gradle/internal/execution/steps/IdentityContext;Lorg/gradle/internal/execution/workspace/ImmutableWorkspaceProvider$ImmutableWorkspace;)Lorg/gradle/internal/execution/steps/WorkspaceResult;+45
j  org.gradle.internal.execution.steps.AssignImmutableWorkspaceStep.lambda$loadOrCreateWorkspace$2(Lorg/gradle/internal/execution/workspace/ImmutableWorkspaceProvider$ImmutableWorkspace;Lorg/gradle/internal/execution/UnitOfWork;Lorg/gradle/internal/execution/steps/IdentityContext;Lorg/gradle/internal/execution/steps/AssignImmutableWorkspaceStep$WorkspaceLoad;)Lorg/gradle/internal/execution/steps/WorkspaceResult;+39
j  org.gradle.internal.execution.steps.AssignImmutableWorkspaceStep$$Lambda+0x0000000100d9f628.get()Ljava/lang/Object;+20
j  org.gradle.cache.internal.DefaultFineGrainedPersistentCache.withFileLock(Ljava/lang/String;Ljava/util/function/Supplier;)Ljava/lang/Object;+11
j  org.gradle.cache.internal.DefaultCacheFactory$ReferenceTrackingFineGrainedCache.withFileLock(Ljava/lang/String;Ljava/util/function/Supplier;)Ljava/lang/Object;+12
J 8428 c1 org.gradle.internal.execution.steps.AssignImmutableWorkspaceStep.loadOrCreateWorkspace(Lorg/gradle/internal/execution/UnitOfWork;Lorg/gradle/internal/execution/workspace/ImmutableWorkspaceProvider$ImmutableWorkspace;Lorg/gradle/internal/execution/steps/IdentityContext;)Lorg/gradle/internal/execution/steps/WorkspaceResult; (43 bytes) @ 0x000001fa07b6b2f4 [0x000001fa07b6aec0+0x0000000000000434]
J 8324 c1 org.gradle.internal.execution.steps.AssignImmutableWorkspaceStep$$Lambda+0x000000010068a948.get()Ljava/lang/Object; (20 bytes) @ 0x000001fa07b34914 [0x000001fa07b34840+0x00000000000000d4]
J 8322 c1 org.gradle.internal.execution.workspace.impl.CacheBasedImmutableWorkspaceProvider$1.getOrCompute(Ljava/util/function/Supplier;)Lorg/gradle/internal/execution/workspace/ImmutableWorkspaceProvider$ConcurrentResult; (120 bytes) @ 0x000001fa07b327cc [0x000001fa07b32320+0x00000000000004ac]
J 8431 c1 org.gradle.internal.execution.steps.AssignImmutableWorkspaceStep.execute(Lorg/gradle/internal/execution/UnitOfWork;Lorg/gradle/internal/execution/steps/IdentityContext;)Lorg/gradle/internal/execution/steps/WorkspaceResult; (84 bytes) @ 0x000001fa07b6dc94 [0x000001fa07b6d420+0x0000000000000874]
J 8329 c1 org.gradle.internal.execution.steps.AssignImmutableWorkspaceStep.execute(Lorg/gradle/internal/execution/UnitOfWork;Lorg/gradle/internal/execution/steps/Context;)Lorg/gradle/internal/execution/steps/Result; (10 bytes) @ 0x000001fa07b35bac [0x000001fa07b35a40+0x000000000000016c]
J 8131 c1 org.gradle.internal.execution.steps.ChoosePipelineStep.execute(Lorg/gradle/internal/execution/UnitOfWork;Lorg/gradle/internal/execution/steps/IdentityContext;)Lorg/gradle/internal/execution/steps/Result; (71 bytes) @ 0x000001fa07ad00cc [0x000001fa07acfa20+0x00000000000006ac]
J 8339 c1 org.gradle.internal.execution.steps.ChoosePipelineStep.execute(Lorg/gradle/internal/execution/UnitOfWork;Lorg/gradle/internal/execution/steps/Context;)Lorg/gradle/internal/execution/steps/Result; (10 bytes) @ 0x000001fa07b3be2c [0x000001fa07b3bcc0+0x000000000000016c]
j  org.gradle.internal.execution.steps.ExecuteWorkBuildOperationFiringStep.lambda$execute$2(Lorg/gradle/internal/execution/UnitOfWork;Lorg/gradle/internal/execution/steps/IdentityContext;)Lorg/gradle/internal/execution/steps/CachingResult;+6
j  org.gradle.internal.execution.steps.ExecuteWorkBuildOperationFiringStep$$Lambda+0x0000000100689d30.get()Ljava/lang/Object;+12
J 8133 c1 org.gradle.internal.execution.steps.ExecuteWorkBuildOperationFiringStep.execute(Lorg/gradle/internal/execution/UnitOfWork;Lorg/gradle/internal/execution/steps/Context;)Lorg/gradle/internal/execution/steps/Result; (10 bytes) @ 0x000001fa07ad25bc [0x000001fa07ad16c0+0x0000000000000efc]
J 8132 c1 org.gradle.internal.execution.steps.IdentityCacheStep.execute(Lorg/gradle/internal/execution/UnitOfWork;Lorg/gradle/internal/execution/steps/IdentityContext;)Lorg/gradle/internal/execution/steps/WorkspaceResult; (15 bytes) @ 0x000001fa07ad10c4 [0x000001fa07ad0fc0+0x0000000000000104]
j  org.gradle.internal.execution.steps.IdentityCacheStep.execute(Lorg/gradle/internal/execution/UnitOfWork;Lorg/gradle/internal/execution/steps/Context;)Lorg/gradle/internal/execution/steps/Result;+6
j  org.gradle.internal.execution.steps.IdentifyStep.execute(Lorg/gradle/internal/execution/UnitOfWork;Lorg/gradle/internal/execution/steps/ExecutionRequestContext;)Lorg/gradle/internal/execution/steps/Result;+11
j  org.gradle.internal.execution.steps.IdentifyStep.execute(Lorg/gradle/internal/execution/UnitOfWork;Lorg/gradle/internal/execution/steps/Context;)Lorg/gradle/internal/execution/steps/Result;+6
j  org.gradle.internal.execution.impl.DefaultExecutionEngine$1.execute()Lorg/gradle/internal/execution/ExecutionEngine$Result;+15
j  org.gradle.kotlin.dsl.provider.StandardKotlinScriptEvaluator$InterpreterHost.cachedDirFor(Lorg/gradle/kotlin/dsl/support/KotlinScriptHost;Lorg/gradle/kotlin/dsl/execution/ProgramId;Lorg/gradle/internal/classpath/ClassPath;Lorg/gradle/internal/classpath/ClassPath;Lkotlin/jvm/functions/Function1;)Ljava/io/File;+131
j  org.gradle.kotlin.dsl.execution.Interpreter$ProgramHost.compileSecondStageOf(Lorg/gradle/kotlin/dsl/execution/ExecutableProgram$StagedProgram;Lorg/gradle/kotlin/dsl/support/KotlinScriptHost;Lorg/gradle/kotlin/dsl/execution/ProgramId;Lorg/gradle/kotlin/dsl/execution/ProgramKind;Lorg/gradle/kotlin/dsl/execution/ProgramTarget;Lorg/gradle/internal/classpath/ClassPath;)Lorg/gradle/kotlin/dsl/execution/CompiledScript;+139
j  Program.loadSecondStageFor(Lorg/gradle/kotlin/dsl/execution/ExecutableProgram$Host;Lorg/gradle/kotlin/dsl/support/KotlinScriptHost;Lorg/gradle/kotlin/dsl/execution/ProgramId;Lorg/gradle/internal/classpath/ClassPath;)Lorg/gradle/kotlin/dsl/execution/CompiledScript;+12
j  org.gradle.kotlin.dsl.execution.Interpreter$ProgramHost.evaluateSecondStageOf(Lorg/gradle/kotlin/dsl/execution/ExecutableProgram$StagedProgram;Lorg/gradle/kotlin/dsl/support/KotlinScriptHost;Ljava/lang/String;Lorg/gradle/internal/hash/HashCode;Lorg/gradle/internal/classpath/ClassPath;)V+177
j  Program.execute(Lorg/gradle/kotlin/dsl/execution/ExecutableProgram$Host;Lorg/gradle/kotlin/dsl/support/KotlinScriptHost;)V+187
j  org.gradle.kotlin.dsl.execution.Interpreter$ProgramHost.eval(Lorg/gradle/kotlin/dsl/execution/CompiledScript;Lorg/gradle/kotlin/dsl/support/KotlinScriptHost;)V+89
j  org.gradle.kotlin.dsl.execution.Interpreter.eval(Ljava/lang/Object;Lorg/gradle/groovy/scripts/ScriptSource;Lorg/gradle/internal/hash/HashCode;Lorg/gradle/api/initialization/dsl/ScriptHandler;Lorg/gradle/api/internal/initialization/ClassLoaderScope;Lorg/gradle/api/internal/initialization/ClassLoaderScope;ZLjava/util/EnumSet;)V+218
j  org.gradle.kotlin.dsl.provider.StandardKotlinScriptEvaluator.evaluate(Ljava/lang/Object;Lorg/gradle/groovy/scripts/ScriptSource;Lorg/gradle/api/initialization/dsl/ScriptHandler;Lorg/gradle/api/internal/initialization/ClassLoaderScope;Lorg/gradle/api/internal/initialization/ClassLoaderScope;ZLjava/util/EnumSet;)V+167
j  org.gradle.kotlin.dsl.provider.KotlinScriptPluginFactory.create$lambda$0(Lorg/gradle/kotlin/dsl/provider/KotlinScriptPluginFactory;Lorg/gradle/groovy/scripts/ScriptSource;Lorg/gradle/api/internal/initialization/ClassLoaderScope;Lorg/gradle/api/initialization/dsl/ScriptHandler;Lorg/gradle/api/internal/initialization/ClassLoaderScope;ZLjava/lang/Object;)Lkotlin/Unit;+48
j  org.gradle.kotlin.dsl.provider.KotlinScriptPluginFactory$$Lambda+0x00000001008ac528.invoke(Ljava/lang/Object;)Ljava/lang/Object;+25
j  org.gradle.kotlin.dsl.provider.KotlinScriptPlugin.apply(Ljava/lang/Object;)V+22
j  org.gradle.configuration.BuildOperationScriptPlugin$1.run(Lorg/gradle/internal/operations/BuildOperationContext;)V+11
j  org.gradle.internal.operations.DefaultBuildOperationRunner$1.execute(Lorg/gradle/internal/operations/RunnableBuildOperation;Lorg/gradle/internal/operations/BuildOperationContext;)V+2
j  org.gradle.internal.operations.DefaultBuildOperationRunner$1.execute(Lorg/gradle/internal/operations/BuildOperation;Lorg/gradle/internal/operations/BuildOperationContext;)V+6
J 7873 c1 org.gradle.internal.operations.DefaultBuildOperationRunner$2.execute(Lorg/gradle/internal/operations/BuildOperationDescriptor;Lorg/gradle/internal/operations/BuildOperationState;Lorg/gradle/internal/operations/BuildOperationState;Lorg/gradle/internal/operations/DefaultBuildOperationRunner$ReadableBuildOperationContext;Lorg/gradle/internal/operations/DefaultBuildOperationRunner$BuildOperationExecutionListener;)Lorg/gradle/internal/operations/BuildOperation; (110 bytes) @ 0x000001fa06df05b4 [0x000001fa06df03c0+0x00000000000001f4]
J 8007 c1 org.gradle.internal.operations.DefaultBuildOperationRunner$2.execute(Lorg/gradle/internal/operations/BuildOperationDescriptor;Lorg/gradle/internal/operations/BuildOperationState;Lorg/gradle/internal/operations/BuildOperationState;Lorg/gradle/internal/operations/DefaultBuildOperationRunner$ReadableBuildOperationContext;Lorg/gradle/internal/operations/DefaultBuildOperationRunner$BuildOperationExecutionListener;)Ljava/lang/Object; (12 bytes) @ 0x000001fa07a7fcbc [0x000001fa07a7fc40+0x000000000000007c]
J 7864 c1 org.gradle.internal.operations.DefaultBuildOperationRunner.execute(Lorg/gradle/internal/operations/BuildOperationDescriptor$Builder;Lorg/gradle/internal/operations/DefaultBuildOperationRunner$BuildOperationExecution;)Ljava/lang/Object; (147 bytes) @ 0x000001fa0745655c [0x000001fa074557c0+0x0000000000000d9c]
J 7509 c1 org.gradle.internal.operations.DefaultBuildOperationRunner.execute(Lorg/gradle/internal/operations/BuildOperation;Lorg/gradle/internal/operations/BuildOperationWorker;)V (22 bytes) @ 0x000001fa079b90ec [0x000001fa079b8e60+0x000000000000028c]
j  org.gradle.internal.operations.DefaultBuildOperationRunner.run(Lorg/gradle/internal/operations/RunnableBuildOperation;)V+5
j  org.gradle.configuration.BuildOperationScriptPlugin.lambda$apply$0(Ljava/lang/Object;Lorg/gradle/internal/code/UserCodeApplicationId;)V+14
j  org.gradle.configuration.BuildOperationScriptPlugin$$Lambda+0x000000010067ab68.execute(Ljava/lang/Object;)V+12
j  org.gradle.internal.code.DefaultUserCodeApplicationContext.apply(Lorg/gradle/internal/code/UserCodeSource;Lorg/gradle/api/Action;)V+37
j  org.gradle.configuration.BuildOperationScriptPlugin.apply(Ljava/lang/Object;)V+71
j  org.gradle.configuration.project.BuildScriptProcessor$$Lambda+0x0000000100abe700.accept(Ljava/lang/Object;)V+8
j  org.gradle.api.internal.project.DefaultProjectStateRegistry$ProjectStateImpl.lambda$applyToMutableState$0(Ljava/util/function/Consumer;Lorg/gradle/api/internal/project/ProjectInternal;)Ljava/lang/Object;+2
j  org.gradle.api.internal.project.DefaultProjectStateRegistry$ProjectStateImpl$$Lambda+0x0000000100a80778.apply(Ljava/lang/Object;)Ljava/lang/Object;+8
j  org.gradle.api.internal.project.DefaultProjectStateRegistry$ProjectStateImpl.lambda$fromMutableState$1(Ljava/util/function/Function;)Ljava/lang/Object;+5
j  org.gradle.api.internal.project.DefaultProjectStateRegistry$ProjectStateImpl$$Lambda+0x0000000100a809f0.get()Ljava/lang/Object;+8
j  org.gradle.api.internal.project.DefaultProjectStateRegistry$ProjectStateImpl.runWithModelLock(Ljava/util/function/Supplier;)Ljava/lang/Object;+89
j  org.gradle.api.internal.project.DefaultProjectStateRegistry$ProjectStateImpl.fromMutableState(Ljava/util/function/Function;)Ljava/lang/Object;+8
j  org.gradle.api.internal.project.DefaultProjectStateRegistry$ProjectStateImpl.applyToMutableState(Ljava/util/function/Consumer;)V+7
j  org.gradle.configuration.project.BuildScriptProcessor.execute(Lorg/gradle/api/internal/project/ProjectInternal;)V+88
j  org.gradle.configuration.project.BuildScriptProcessor.execute(Ljava/lang/Object;)V+5
j  org.gradle.configuration.project.ConfigureActionsProjectEvaluator.evaluate(Lorg/gradle/api/internal/project/ProjectInternal;Lorg/gradle/api/internal/project/ProjectStateInternal;)V+33
j  org.gradle.configuration.project.LifecycleProjectEvaluator$EvaluateProject.lambda$run$0(Lorg/gradle/internal/operations/BuildOperationContext;Lorg/gradle/api/internal/project/ProjectInternal;)V+67
j  org.gradle.configuration.project.LifecycleProjectEvaluator$EvaluateProject$$Lambda+0x0000000100a80510.accept(Ljava/lang/Object;)V+12
j  org.gradle.api.internal.project.DefaultProjectStateRegistry$ProjectStateImpl.lambda$applyToMutableState$0(Ljava/util/function/Consumer;Lorg/gradle/api/internal/project/ProjectInternal;)Ljava/lang/Object;+2
j  org.gradle.api.internal.project.DefaultProjectStateRegistry$ProjectStateImpl$$Lambda+0x0000000100a80778.apply(Ljava/lang/Object;)Ljava/lang/Object;+8
j  org.gradle.api.internal.project.DefaultProjectStateRegistry$ProjectStateImpl.lambda$fromMutableState$1(Ljava/util/function/Function;)Ljava/lang/Object;+5
j  org.gradle.api.internal.project.DefaultProjectStateRegistry$ProjectStateImpl$$Lambda+0x0000000100a809f0.get()Ljava/lang/Object;+8
j  org.gradle.api.internal.project.DefaultProjectStateRegistry$ProjectStateImpl$$Lambda+0x0000000100a80c48.create()Ljava/lang/Object;+4
j  org.gradle.internal.work.DefaultWorkerLeaseService.lambda$withLocksAcquired$0(Lorg/gradle/internal/Factory;Ljava/util/Collection;)Ljava/lang/Object;+1
j  org.gradle.internal.work.DefaultWorkerLeaseService$$Lambda+0x00000001003a7338.create()Ljava/lang/Object;+12
j  org.gradle.internal.work.ResourceLockStatistics$1.measure(Ljava/lang/String;Ljava/lang/Iterable;Lorg/gradle/internal/Factory;)Ljava/lang/Object;+1
j  org.gradle.internal.work.DefaultWorkerLeaseService.withLocksAcquired(Ljava/util/Collection;Lorg/gradle/internal/Factory;)Ljava/lang/Object;+21
j  org.gradle.internal.work.DefaultWorkerLeaseService.lambda$withReplacedLocks$3(Lorg/gradle/internal/resources/ResourceLock;Lorg/gradle/internal/Factory;)Ljava/lang/Object;+6
j  org.gradle.internal.work.DefaultWorkerLeaseService$$Lambda+0x0000000100a80ea0.create()Ljava/lang/Object;+12
j  org.gradle.internal.work.DefaultWorkerLeaseService.withoutLocks(Ljava/util/Collection;Lorg/gradle/internal/Factory;)Ljava/lang/Object;+10
j  org.gradle.internal.work.DefaultWorkerLeaseService.withReplacedLocks(Ljava/util/Collection;Lorg/gradle/internal/resources/ResourceLock;Lorg/gradle/internal/Factory;)Ljava/lang/Object;+27
j  org.gradle.api.internal.project.DefaultProjectStateRegistry$ProjectStateImpl.runWithModelLock(Ljava/util/function/Supplier;)Ljava/lang/Object;+129
j  org.gradle.api.internal.project.DefaultProjectStateRegistry$ProjectStateImpl.fromMutableState(Ljava/util/function/Function;)Ljava/lang/Object;+8
j  org.gradle.api.internal.project.DefaultProjectStateRegistry$ProjectStateImpl.applyToMutableState(Ljava/util/function/Consumer;)V+7
j  org.gradle.configuration.project.LifecycleProjectEvaluator$EvaluateProject.run(Lorg/gradle/internal/operations/BuildOperationContext;)V+16
j  org.gradle.internal.operations.DefaultBuildOperationRunner$1.execute(Lorg/gradle/internal/operations/RunnableBuildOperation;Lorg/gradle/internal/operations/BuildOperationContext;)V+2
j  org.gradle.internal.operations.DefaultBuildOperationRunner$1.execute(Lorg/gradle/internal/operations/BuildOperation;Lorg/gradle/internal/operations/BuildOperationContext;)V+6
J 7873 c1 org.gradle.internal.operations.DefaultBuildOperationRunner$2.execute(Lorg/gradle/internal/operations/BuildOperationDescriptor;Lorg/gradle/internal/operations/BuildOperationState;Lorg/gradle/internal/operations/BuildOperationState;Lorg/gradle/internal/operations/DefaultBuildOperationRunner$ReadableBuildOperationContext;Lorg/gradle/internal/operations/DefaultBuildOperationRunner$BuildOperationExecutionListener;)Lorg/gradle/internal/operations/BuildOperation; (110 bytes) @ 0x000001fa06df05b4 [0x000001fa06df03c0+0x00000000000001f4]
J 8007 c1 org.gradle.internal.operations.DefaultBuildOperationRunner$2.execute(Lorg/gradle/internal/operations/BuildOperationDescriptor;Lorg/gradle/internal/operations/BuildOperationState;Lorg/gradle/internal/operations/BuildOperationState;Lorg/gradle/internal/operations/DefaultBuildOperationRunner$ReadableBuildOperationContext;Lorg/gradle/internal/operations/DefaultBuildOperationRunner$BuildOperationExecutionListener;)Ljava/lang/Object; (12 bytes) @ 0x000001fa07a7fcbc [0x000001fa07a7fc40+0x000000000000007c]
J 7864 c1 org.gradle.internal.operations.DefaultBuildOperationRunner.execute(Lorg/gradle/internal/operations/BuildOperationDescriptor$Builder;Lorg/gradle/internal/operations/DefaultBuildOperationRunner$BuildOperationExecution;)Ljava/lang/Object; (147 bytes) @ 0x000001fa0745655c [0x000001fa074557c0+0x0000000000000d9c]
J 7509 c1 org.gradle.internal.operations.DefaultBuildOperationRunner.execute(Lorg/gradle/internal/operations/BuildOperation;Lorg/gradle/internal/operations/BuildOperationWorker;)V (22 bytes) @ 0x000001fa079b90ec [0x000001fa079b8e60+0x000000000000028c]
j  org.gradle.internal.operations.DefaultBuildOperationRunner.run(Lorg/gradle/internal/operations/RunnableBuildOperation;)V+5
j  org.gradle.configuration.project.LifecycleProjectEvaluator.evaluate(Lorg/gradle/api/internal/project/ProjectInternal;Lorg/gradle/api/internal/project/ProjectStateInternal;)V+42
j  org.gradle.api.internal.project.DefaultProject.evaluateUnchecked()Lorg/gradle/api/internal/project/ProjectInternal;+20
j  org.gradle.api.internal.project.ProjectLifecycleController.lambda$ensureSelfConfigured$2()V+4
j  org.gradle.api.internal.project.ProjectLifecycleController$$Lambda+0x0000000100a7e4c0.run()V+4
j  org.gradle.internal.model.StateTransitionController.lambda$doTransition$15(Ljava/lang/Runnable;)Lorg/gradle/internal/build/ExecutionResult;+1
j  org.gradle.internal.model.StateTransitionController$$Lambda+0x0000000100574c70.get()Ljava/lang/Object;+4
j  org.gradle.internal.model.StateTransitionController.doTransition(Lorg/gradle/internal/model/StateTransitionController$State;Lorg/gradle/internal/model/StateTransitionController$State;Ljava/util/function/Supplier;)Lorg/gradle/internal/build/ExecutionResult;+24
j  org.gradle.internal.model.StateTransitionController.doTransition(Lorg/gradle/internal/model/StateTransitionController$State;Lorg/gradle/internal/model/StateTransitionController$State;Ljava/lang/Runnable;)V+9
j  org.gradle.internal.model.StateTransitionController.lambda$maybeTransitionIfNotCurrentlyTransitioning$11(Lorg/gradle/internal/model/StateTransitionController$State;Lorg/gradle/internal/model/StateTransitionController$State;Ljava/lang/Runnable;)V+16
j  org.gradle.internal.model.StateTransitionController$$Lambda+0x0000000100a7e718.run()V+16
j  org.gradle.internal.work.DefaultSynchronizer.withLock(Ljava/lang/Runnable;)V+6
j  org.gradle.internal.model.StateTransitionController.maybeTransitionIfNotCurrentlyTransitioning(Lorg/gradle/internal/model/StateTransitionController$State;Lorg/gradle/internal/model/StateTransitionController$State;Ljava/lang/Runnable;)V+13
j  org.gradle.api.internal.project.ProjectLifecycleController.ensureSelfConfigured()V+16
j  org.gradle.api.internal.project.DefaultProjectStateRegistry$ProjectStateImpl.ensureConfigured()V+19
j  org.gradle.execution.TaskPathProjectEvaluator.configure(Lorg/gradle/api/internal/project/ProjectInternal;)V+6
j  org.gradle.execution.TaskPathProjectEvaluator.configureHierarchy(Lorg/gradle/api/internal/project/ProjectInternal;)V+41
j  org.gradle.configuration.DefaultProjectsPreparer.prepareProjects(Lorg/gradle/api/internal/GradleInternal;)V+52
j  org.gradle.configuration.BuildTreePreparingProjectsPreparer.prepareProjects(Lorg/gradle/api/internal/GradleInternal;)V+114
j  org.gradle.configuration.BuildOperationFiringProjectsPreparer$ConfigureBuild.run(Lorg/gradle/internal/operations/BuildOperationContext;)V+11
j  org.gradle.internal.operations.DefaultBuildOperationRunner$1.execute(Lorg/gradle/internal/operations/RunnableBuildOperation;Lorg/gradle/internal/operations/BuildOperationContext;)V+2
j  org.gradle.internal.operations.DefaultBuildOperationRunner$1.execute(Lorg/gradle/internal/operations/BuildOperation;Lorg/gradle/internal/operations/BuildOperationContext;)V+6
j  org.gradle.internal.operations.DefaultBuildOperationRunner$2.execute(Lorg/gradle/internal/operations/BuildOperationDescriptor;Lorg/gradle/internal/operations/BuildOperationState;Lorg/gradle/internal/operations/BuildOperationState;Lorg/gradle/internal/operations/DefaultBuildOperationRunner$ReadableBuildOperationContext;Lorg/gradle/internal/operations/DefaultBuildOperationRunner$BuildOperationExecutionListener;)Lorg/gradle/internal/operations/BuildOperation;+22
j  org.gradle.internal.operations.DefaultBuildOperationRunner$2.execute(Lorg/gradle/internal/operations/BuildOperationDescriptor;Lorg/gradle/internal/operations/BuildOperationState;Lorg/gradle/internal/operations/BuildOperationState;Lorg/gradle/internal/operations/DefaultBuildOperationRunner$ReadableBuildOperationContext;Lorg/gradle/internal/operations/DefaultBuildOperationRunner$BuildOperationExecutionListener;)Ljava/lang/Object;+8
j  org.gradle.internal.operations.DefaultBuildOperationRunner.execute(Lorg/gradle/internal/operations/BuildOperationDescriptor$Builder;Lorg/gradle/internal/operations/DefaultBuildOperationRunner$BuildOperationExecution;)Ljava/lang/Object;+141
j  org.gradle.internal.operations.DefaultBuildOperationRunner.execute(Lorg/gradle/internal/operations/BuildOperation;Lorg/gradle/internal/operations/BuildOperationWorker;)V+17
j  org.gradle.internal.operations.DefaultBuildOperationRunner.run(Lorg/gradle/internal/operations/RunnableBuildOperation;)V+5
j  org.gradle.configuration.BuildOperationFiringProjectsPreparer.prepareProjects(Lorg/gradle/api/internal/GradleInternal;)V+13
j  org.gradle.initialization.VintageBuildModelController.lambda$prepareProjects$2()V+8
j  org.gradle.initialization.VintageBuildModelController$$Lambda+0x00000001009b3c00.run()V+4
j  org.gradle.internal.model.StateTransitionController.lambda$doTransition$15(Ljava/lang/Runnable;)Lorg/gradle/internal/build/ExecutionResult;+1
j  org.gradle.internal.model.StateTransitionController$$Lambda+0x0000000100574c70.get()Ljava/lang/Object;+4
j  org.gradle.internal.model.StateTransitionController.doTransition(Lorg/gradle/internal/model/StateTransitionController$State;Lorg/gradle/internal/model/StateTransitionController$State;Ljava/util/function/Supplier;)Lorg/gradle/internal/build/ExecutionResult;+24
j  org.gradle.internal.model.StateTransitionController.doTransition(Lorg/gradle/internal/model/StateTransitionController$State;Lorg/gradle/internal/model/StateTransitionController$State;Ljava/lang/Runnable;)V+9
j  org.gradle.internal.model.StateTransitionController.lambda$transitionIfNotPreviously$12(Lorg/gradle/internal/model/StateTransitionController$State;Lorg/gradle/internal/model/StateTransitionController$State;Ljava/lang/Runnable;)V+16
j  org.gradle.internal.model.StateTransitionController$$Lambda+0x0000000100575120.run()V+16
j  org.gradle.internal.work.DefaultSynchronizer.withLock(Ljava/lang/Runnable;)V+6
j  org.gradle.internal.model.StateTransitionController.transitionIfNotPreviously(Lorg/gradle/internal/model/StateTransitionController$State;Lorg/gradle/internal/model/StateTransitionController$State;Ljava/lang/Runnable;)V+13
j  org.gradle.initialization.VintageBuildModelController.prepareProjects()V+16
j  org.gradle.initialization.VintageBuildModelController.prepareToScheduleTasks()V+5
j  org.gradle.internal.build.DefaultBuildLifecycleController.lambda$prepareToScheduleTasks$7()V+9
j  org.gradle.internal.build.DefaultBuildLifecycleController$$Lambda+0x00000001005747c0.run()V+4
j  org.gradle.internal.model.StateTransitionController.lambda$doTransition$15(Ljava/lang/Runnable;)Lorg/gradle/internal/build/ExecutionResult;+1
j  org.gradle.internal.model.StateTransitionController$$Lambda+0x0000000100574c70.get()Ljava/lang/Object;+4
j  org.gradle.internal.model.StateTransitionController.doTransition(Lorg/gradle/internal/model/StateTransitionController$State;Lorg/gradle/internal/model/StateTransitionController$State;Ljava/util/function/Supplier;)Lorg/gradle/internal/build/ExecutionResult;+24
j  org.gradle.internal.model.StateTransitionController.doTransition(Lorg/gradle/internal/model/StateTransitionController$State;Lorg/gradle/internal/model/StateTransitionController$State;Ljava/lang/Runnable;)V+9
j  org.gradle.internal.model.StateTransitionController.lambda$maybeTransition$10(Lorg/gradle/internal/model/StateTransitionController$State;Lorg/gradle/internal/model/StateTransitionController$State;Ljava/lang/Runnable;)V+16
j  org.gradle.internal.model.StateTransitionController$$Lambda+0x0000000100574a18.run()V+16
j  org.gradle.internal.work.DefaultSynchronizer.withLock(Ljava/lang/Runnable;)V+6
j  org.gradle.internal.model.StateTransitionController.maybeTransition(Lorg/gradle/internal/model/StateTransitionController$State;Lorg/gradle/internal/model/StateTransitionController$State;Ljava/lang/Runnable;)V+13
j  org.gradle.internal.build.DefaultBuildLifecycleController.prepareToScheduleTasks()V+16
j  org.gradle.internal.buildtree.DefaultBuildTreeWorkPreparer.scheduleRequestedTasks(Lorg/gradle/internal/buildtree/BuildTreeWorkGraph;Lorg/gradle/execution/EntryTaskSelector;)Lorg/gradle/internal/buildtree/BuildTreeWorkGraph$FinalizedGraph;+4
j  org.gradle.internal.cc.impl.barrier.BarrierAwareBuildTreeWorkPreparer.scheduleRequestedTasks$lambda$0(Lorg/gradle/internal/cc/impl/barrier/BarrierAwareBuildTreeWorkPreparer;Lorg/gradle/internal/buildtree/BuildTreeWorkGraph;Lorg/gradle/execution/EntryTaskSelector;)Lorg/gradle/internal/buildtree/BuildTreeWorkGraph$FinalizedGraph;+6
j  org.gradle.internal.cc.impl.barrier.BarrierAwareBuildTreeWorkPreparer$$Lambda+0x0000000100570a08.invoke()Ljava/lang/Object;+12
j  org.gradle.internal.cc.impl.barrier.VintageConfigurationTimeActionRunner.runConfigurationTimeAction(Lkotlin/jvm/functions/Function0;)Ljava/lang/Object;+25
j  org.gradle.internal.cc.impl.barrier.BarrierAwareBuildTreeWorkPreparer.scheduleRequestedTasks(Lorg/gradle/internal/buildtree/BuildTreeWorkGraph;Lorg/gradle/execution/EntryTaskSelector;)Lorg/gradle/internal/buildtree/BuildTreeWorkGraph$FinalizedGraph;+18
j  org.gradle.internal.cc.impl.VintageBuildTreeWorkController$scheduleAndRunRequestedTasks$1$finalizedGraph$1.call()Lorg/gradle/internal/buildtree/BuildTreeWorkGraph$FinalizedGraph;+15
j  org.gradle.internal.cc.impl.VintageBuildTreeWorkController$scheduleAndRunRequestedTasks$1$finalizedGraph$1.call()Ljava/lang/Object;+1
j  org.gradle.internal.Try.ofFailable(Ljava/util/concurrent/Callable;)Lorg/gradle/internal/Try;+1
j  org.gradle.internal.cc.impl.VintageBuildTreeWorkController$scheduleAndRunRequestedTasks$1.apply(Lorg/gradle/internal/buildtree/BuildTreeWorkGraph;)Lorg/gradle/internal/buildtree/BuildTreeWorkController$TaskRunResult;+25
j  org.gradle.internal.cc.impl.VintageBuildTreeWorkController$scheduleAndRunRequestedTasks$1.apply(Ljava/lang/Object;)Ljava/lang/Object;+5
j  org.gradle.composite.internal.DefaultIncludedBuildTaskGraph.withNewWorkGraph(Ljava/util/function/Function;)Ljava/lang/Object;+30
j  org.gradle.internal.cc.impl.VintageBuildTreeWorkController.scheduleAndRunRequestedTasks(Lorg/gradle/execution/EntryTaskSelector;)Lorg/gradle/internal/buildtree/BuildTreeWorkController$TaskRunResult;+16
j  org.gradle.internal.buildtree.DefaultBuildTreeLifecycleController.lambda$scheduleAndRunTasks$1(Lorg/gradle/execution/EntryTaskSelector;)Lorg/gradle/internal/build/ExecutionResult;+5
j  org.gradle.internal.buildtree.DefaultBuildTreeLifecycleController$$Lambda+0x000000010056e990.get()Ljava/lang/Object;+8
j  org.gradle.internal.buildtree.DefaultBuildTreeLifecycleController.lambda$runBuild$5(Ljava/util/function/Supplier;)Ljava/lang/Object;+1
j  org.gradle.internal.buildtree.DefaultBuildTreeLifecycleController$$Lambda+0x000000010056ebe8.get()Ljava/lang/Object;+8
j  org.gradle.internal.model.StateTransitionController.lambda$transition$7(Ljava/util/function/Supplier;)Lorg/gradle/internal/build/ExecutionResult;+1
j  org.gradle.internal.model.StateTransitionController$$Lambda+0x000000010056f098.get()Ljava/lang/Object;+4
j  org.gradle.internal.model.StateTransitionController.doTransition(Lorg/gradle/internal/model/StateTransitionController$State;Lorg/gradle/internal/model/StateTransitionController$State;Ljava/util/function/Supplier;)Lorg/gradle/internal/build/ExecutionResult;+24
j  org.gradle.internal.model.StateTransitionController.lambda$transition$8(Lorg/gradle/internal/model/StateTransitionController$State;Lorg/gradle/internal/model/StateTransitionController$State;Ljava/util/function/Supplier;)Ljava/lang/Object;+9
j  org.gradle.internal.model.StateTransitionController$$Lambda+0x000000010056ee40.create()Ljava/lang/Object;+16
j  org.gradle.internal.work.DefaultSynchronizer.withLock(Lorg/gradle/internal/Factory;)Ljava/lang/Object;+6
j  org.gradle.internal.model.StateTransitionController.transition(Lorg/gradle/internal/model/StateTransitionController$State;Lorg/gradle/internal/model/StateTransitionController$State;Ljava/util/function/Supplier;)Ljava/lang/Object;+13
j  org.gradle.internal.buildtree.DefaultBuildTreeLifecycleController.runBuild(Ljava/util/function/Supplier;)Ljava/lang/Object;+17
j  org.gradle.internal.buildtree.DefaultBuildTreeLifecycleController.scheduleAndRunTasks(Lorg/gradle/execution/EntryTaskSelector;)V+8
j  org.gradle.internal.buildtree.DefaultBuildTreeLifecycleController.scheduleAndRunTasks()V+2
j  org.gradle.tooling.internal.provider.runner.BuildModelActionRunner.run(Lorg/gradle/internal/invocation/BuildAction;Lorg/gradle/internal/buildtree/BuildTreeLifecycleController;)Lorg/gradle/internal/buildtree/BuildActionRunner$Result;+71
j  org.gradle.launcher.exec.ChainingBuildActionRunner.run(Lorg/gradle/internal/invocation/BuildAction;Lorg/gradle/internal/buildtree/BuildTreeLifecycleController;)Lorg/gradle/internal/buildtree/BuildActionRunner$Result;+34
j  org.gradle.internal.buildtree.ProblemReportingBuildActionRunner.run(Lorg/gradle/internal/invocation/BuildAction;Lorg/gradle/internal/buildtree/BuildTreeLifecycleController;)Lorg/gradle/internal/buildtree/BuildActionRunner$Result;+12
j  org.gradle.launcher.exec.BuildOutcomeReportingBuildActionRunner.run(Lorg/gradle/internal/invocation/BuildAction;Lorg/gradle/internal/buildtree/BuildTreeLifecycleController;)Lorg/gradle/internal/buildtree/BuildActionRunner$Result;+69
j  org.gradle.tooling.internal.provider.FileSystemWatchingBuildActionRunner.run(Lorg/gradle/internal/invocation/BuildAction;Lorg/gradle/internal/buildtree/BuildTreeLifecycleController;)Lorg/gradle/internal/buildtree/BuildActionRunner$Result;+317
j  org.gradle.launcher.exec.BuildCompletionNotifyingBuildActionRunner.run(Lorg/gradle/internal/invocation/BuildAction;Lorg/gradle/internal/buildtree/BuildTreeLifecycleController;)Lorg/gradle/internal/buildtree/BuildActionRunner$Result;+6
j  org.gradle.launcher.exec.RootBuildLifecycleBuildActionExecutor.lambda$execute$0(Lorg/gradle/internal/invocation/BuildAction;Lorg/gradle/internal/buildtree/BuildTreeLifecycleController;)Lorg/gradle/internal/buildtree/BuildActionRunner$Result;+6
j  org.gradle.launcher.exec.RootBuildLifecycleBuildActionExecutor$$Lambda+0x00000001005557a0.apply(Ljava/lang/Object;)Ljava/lang/Object;+12
j  org.gradle.composite.internal.DefaultRootBuildState.run(Ljava/util/function/Function;)Ljava/lang/Object;+92
j  org.gradle.launcher.exec.RootBuildLifecycleBuildActionExecutor.execute(Lorg/gradle/internal/invocation/BuildAction;)Lorg/gradle/internal/buildtree/BuildActionRunner$Result;+91
j  org.gradle.launcher.exec.BuildTreeLifecycleBuildActionExecutor.runRootBuildAction(Lorg/gradle/internal/invocation/BuildAction;Lorg/gradle/internal/service/ServiceRegistry;Lorg/gradle/internal/buildtree/BuildActionModelRequirements;Lorg/gradle/internal/buildtree/BuildModelParameters;)Lorg/gradle/internal/buildtree/BuildActionRunner$Result;+42
j  org.gradle.launcher.exec.BuildTreeLifecycleBuildActionExecutor.execute(Lorg/gradle/internal/invocation/BuildAction;Lorg/gradle/internal/session/BuildSessionContext;)Lorg/gradle/internal/buildtree/BuildActionRunner$Result;+50
j  org.gradle.launcher.exec.RunAsBuildOperationBuildActionExecutor$2.call(Lorg/gradle/internal/operations/BuildOperationContext;)Lorg/gradle/internal/buildtree/BuildActionRunner$Result;+25
j  org.gradle.launcher.exec.RunAsBuildOperationBuildActionExecutor$2.call(Lorg/gradle/internal/operations/BuildOperationContext;)Ljava/lang/Object;+2
j  org.gradle.internal.operations.DefaultBuildOperationRunner$CallableBuildOperationWorker.execute(Lorg/gradle/internal/operations/CallableBuildOperation;Lorg/gradle/internal/operations/BuildOperationContext;)V+3
j  org.gradle.internal.operations.DefaultBuildOperationRunner$CallableBuildOperationWorker.execute(Lorg/gradle/internal/operations/BuildOperation;Lorg/gradle/internal/operations/BuildOperationContext;)V+6
j  org.gradle.internal.operations.DefaultBuildOperationRunner$2.execute(Lorg/gradle/internal/operations/BuildOperationDescriptor;Lorg/gradle/internal/operations/BuildOperationState;Lorg/gradle/internal/operations/BuildOperationState;Lorg/gradle/internal/operations/DefaultBuildOperationRunner$ReadableBuildOperationContext;Lorg/gradle/internal/operations/DefaultBuildOperationRunner$BuildOperationExecutionListener;)Lorg/gradle/internal/operations/BuildOperation;+22
j  org.gradle.internal.operations.DefaultBuildOperationRunner$2.execute(Lorg/gradle/internal/operations/BuildOperationDescriptor;Lorg/gradle/internal/operations/BuildOperationState;Lorg/gradle/internal/operations/BuildOperationState;Lorg/gradle/internal/operations/DefaultBuildOperationRunner$ReadableBuildOperationContext;Lorg/gradle/internal/operations/DefaultBuildOperationRunner$BuildOperationExecutionListener;)Ljava/lang/Object;+8
j  org.gradle.internal.operations.DefaultBuildOperationRunner.execute(Lorg/gradle/internal/operations/BuildOperationDescriptor$Builder;Lorg/gradle/internal/operations/DefaultBuildOperationRunner$BuildOperationExecution;)Ljava/lang/Object;+141
j  org.gradle.internal.operations.DefaultBuildOperationRunner.execute(Lorg/gradle/internal/operations/BuildOperation;Lorg/gradle/internal/operations/BuildOperationWorker;)V+17
j  org.gradle.internal.operations.DefaultBuildOperationRunner.call(Lorg/gradle/internal/operations/CallableBuildOperation;)Ljava/lang/Object;+12
j  org.gradle.launcher.exec.RunAsBuildOperationBuildActionExecutor.execute(Lorg/gradle/internal/invocation/BuildAction;Lorg/gradle/internal/session/BuildSessionContext;)Lorg/gradle/internal/buildtree/BuildActionRunner$Result;+23
j  org.gradle.launcher.exec.RunAsWorkerThreadBuildActionExecutor.lambda$execute$0(Lorg/gradle/internal/invocation/BuildAction;Lorg/gradle/internal/session/BuildSessionContext;)Lorg/gradle/internal/buildtree/BuildActionRunner$Result;+6
j  org.gradle.launcher.exec.RunAsWorkerThreadBuildActionExecutor$$Lambda+0x00000001003a5538.create()Ljava/lang/Object;+12
j  org.gradle.internal.work.DefaultWorkerLeaseService.lambda$withLocksAcquired$0(Lorg/gradle/internal/Factory;Ljava/util/Collection;)Ljava/lang/Object;+1
j  org.gradle.internal.work.DefaultWorkerLeaseService$$Lambda+0x00000001003a7338.create()Ljava/lang/Object;+12
j  org.gradle.internal.work.ResourceLockStatistics$1.measure(Ljava/lang/String;Ljava/lang/Iterable;Lorg/gradle/internal/Factory;)Ljava/lang/Object;+1
j  org.gradle.internal.work.DefaultWorkerLeaseService.withLocksAcquired(Ljava/util/Collection;Lorg/gradle/internal/Factory;)Ljava/lang/Object;+21
j  org.gradle.internal.work.DefaultWorkerLeaseService.withLocks(Ljava/util/Collection;Lorg/gradle/internal/Factory;)Ljava/lang/Object;+25
j  org.gradle.internal.work.DefaultWorkerLeaseService.runAsWorkerThread(Lorg/gradle/internal/Factory;)Ljava/lang/Object;+33
j  org.gradle.launcher.exec.RunAsWorkerThreadBuildActionExecutor.execute(Lorg/gradle/internal/invocation/BuildAction;Lorg/gradle/internal/session/BuildSessionContext;)Lorg/gradle/internal/buildtree/BuildActionRunner$Result;+12
j  org.gradle.tooling.internal.provider.continuous.ContinuousBuildActionExecutor.execute(Lorg/gradle/internal/invocation/BuildAction;Lorg/gradle/internal/session/BuildSessionContext;)Lorg/gradle/internal/buildtree/BuildActionRunner$Result;+58
j  org.gradle.tooling.internal.provider.SubscribableBuildActionExecutor.execute(Lorg/gradle/internal/invocation/BuildAction;Lorg/gradle/internal/session/BuildSessionContext;)Lorg/gradle/internal/buildtree/BuildActionRunner$Result;+30
j  org.gradle.internal.session.DefaultBuildSessionContext.execute(Lorg/gradle/internal/invocation/BuildAction;)Lorg/gradle/internal/buildtree/BuildActionRunner$Result;+64
j  org.gradle.internal.buildprocess.execution.BuildSessionLifecycleBuildActionExecutor$ActionImpl.apply(Lorg/gradle/internal/session/BuildSessionContext;)Lorg/gradle/launcher/exec/BuildActionResult;+6
j  org.gradle.internal.buildprocess.execution.BuildSessionLifecycleBuildActionExecutor$ActionImpl.apply(Ljava/lang/Object;)Ljava/lang/Object;+5
j  org.gradle.internal.session.BuildSessionState.run(Ljava/util/function/Function;)Ljava/lang/Object;+5
j  org.gradle.internal.buildprocess.execution.BuildSessionLifecycleBuildActionExecutor.execute(Lorg/gradle/internal/invocation/BuildAction;Lorg/gradle/launcher/exec/BuildActionParameters;Lorg/gradle/initialization/BuildRequestContext;)Lorg/gradle/launcher/exec/BuildActionResult;+105
j  org.gradle.internal.buildprocess.execution.BuildSessionLifecycleBuildActionExecutor.execute(Lorg/gradle/internal/invocation/BuildAction;Ljava/lang/Object;Ljava/lang/Object;)Lorg/gradle/launcher/exec/BuildActionResult;+10
j  org.gradle.internal.buildprocess.execution.StartParamsValidatingActionExecutor.execute(Lorg/gradle/internal/invocation/BuildAction;Lorg/gradle/launcher/exec/BuildActionParameters;Lorg/gradle/initialization/BuildRequestContext;)Lorg/gradle/launcher/exec/BuildActionResult;+142
j  org.gradle.internal.buildprocess.execution.StartParamsValidatingActionExecutor.execute(Lorg/gradle/internal/invocation/BuildAction;Ljava/lang/Object;Ljava/lang/Object;)Lorg/gradle/launcher/exec/BuildActionResult;+10
j  org.gradle.internal.buildprocess.execution.SessionFailureReportingActionExecutor.execute(Lorg/gradle/internal/invocation/BuildAction;Lorg/gradle/launcher/exec/BuildActionParameters;Lorg/gradle/initialization/BuildRequestContext;)Lorg/gradle/launcher/exec/BuildActionResult;+7
j  org.gradle.internal.buildprocess.execution.SessionFailureReportingActionExecutor.execute(Lorg/gradle/internal/invocation/BuildAction;Ljava/lang/Object;Ljava/lang/Object;)Lorg/gradle/launcher/exec/BuildActionResult;+10
j  org.gradle.internal.buildprocess.execution.SetupLoggingActionExecutor.execute(Lorg/gradle/internal/invocation/BuildAction;Lorg/gradle/launcher/exec/BuildActionParameters;Lorg/gradle/initialization/BuildRequestContext;)Lorg/gradle/launcher/exec/BuildActionResult;+50
j  org.gradle.internal.buildprocess.execution.SetupLoggingActionExecutor.execute(Lorg/gradle/internal/invocation/BuildAction;Ljava/lang/Object;Ljava/lang/Object;)Lorg/gradle/launcher/exec/BuildActionResult;+10
j  org.gradle.launcher.daemon.server.exec.ExecuteBuild.doBuild(Lorg/gradle/launcher/daemon/server/api/DaemonCommandExecution;Lorg/gradle/launcher/daemon/protocol/Build;)V+147
j  org.gradle.launcher.daemon.server.exec.BuildCommandOnly.execute(Lorg/gradle/launcher/daemon/server/api/DaemonCommandExecution;)V+49
j  org.gradle.launcher.daemon.server.api.DaemonCommandExecution.proceed()Z+23
j  org.gradle.launcher.daemon.server.exec.WatchForDisconnection.execute(Lorg/gradle/launcher/daemon/server/api/DaemonCommandExecution;)V+19
j  org.gradle.launcher.daemon.server.api.DaemonCommandExecution.proceed()Z+23
j  org.gradle.launcher.daemon.server.exec.ResetDeprecationLogger.execute(Lorg/gradle/launcher/daemon/server/api/DaemonCommandExecution;)V+7
j  org.gradle.launcher.daemon.server.api.DaemonCommandExecution.proceed()Z+23
j  org.gradle.launcher.daemon.server.exec.RequestStopIfSingleUsedDaemon.execute(Lorg/gradle/launcher/daemon/server/api/DaemonCommandExecution;)V+33
j  org.gradle.launcher.daemon.server.api.DaemonCommandExecution.proceed()Z+23
j  org.gradle.launcher.daemon.server.exec.ForwardClientInput.lambda$execute$0(Lorg/gradle/launcher/daemon/server/api/DaemonCommandExecution;Lorg/gradle/internal/daemon/clientinput/StdinHandler;)Ljava/lang/Object;+11
j  org.gradle.launcher.daemon.server.exec.ForwardClientInput$$Lambda+0x00000001002913c8.apply(Ljava/lang/Object;)Ljava/lang/Object;+8
j  org.gradle.internal.daemon.clientinput.ClientInputForwarder.forwardInput(Ljava/util/function/Function;)Ljava/lang/Object;+46
j  org.gradle.launcher.daemon.server.exec.ForwardClientInput.execute(Lorg/gradle/launcher/daemon/server/api/DaemonCommandExecution;)V+10
j  org.gradle.launcher.daemon.server.api.DaemonCommandExecution.proceed()Z+23
j  org.gradle.launcher.daemon.server.exec.LogAndCheckHealth.execute(Lorg/gradle/launcher/daemon/server/api/DaemonCommandExecution;)V+51
j  org.gradle.launcher.daemon.server.api.DaemonCommandExecution.proceed()Z+23
j  org.gradle.launcher.daemon.server.exec.LogToClient.doBuild(Lorg/gradle/launcher/daemon/server/api/DaemonCommandExecution;Lorg/gradle/launcher/daemon/protocol/Build;)V+87
j  org.gradle.launcher.daemon.server.exec.BuildCommandOnly.execute(Lorg/gradle/launcher/daemon/server/api/DaemonCommandExecution;)V+49
j  org.gradle.launcher.daemon.server.api.DaemonCommandExecution.proceed()Z+23
j  org.gradle.launcher.daemon.server.exec.EstablishBuildEnvironment.doBuild(Lorg/gradle/launcher/daemon/server/api/DaemonCommandExecution;Lorg/gradle/launcher/daemon/protocol/Build;)V+356
j  org.gradle.launcher.daemon.server.exec.BuildCommandOnly.execute(Lorg/gradle/launcher/daemon/server/api/DaemonCommandExecution;)V+49
j  org.gradle.launcher.daemon.server.api.DaemonCommandExecution.proceed()Z+23
j  org.gradle.launcher.daemon.server.exec.StartBuildOrRespondWithBusy$1.run()V+44
j  org.gradle.launcher.daemon.server.DaemonStateCoordinator.lambda$runCommand$0(Ljava/lang/Runnable;)V+1
j  org.gradle.launcher.daemon.server.DaemonStateCoordinator$$Lambda+0x000000010028fc58.run()V+8
j  org.gradle.internal.concurrent.ExecutorPolicy$CatchAndRecordFailures.onExecute(Ljava/lang/Runnable;)V+1
j  org.gradle.internal.concurrent.AbstractManagedExecutor$1.run()V+25
j  java.util.concurrent.ThreadPoolExecutor.runWorker(Ljava/util/concurrent/ThreadPoolExecutor$Worker;)V+92 java.base@21.0.10
j  java.util.concurrent.ThreadPoolExecutor$Worker.run()V+5 java.base@21.0.10
j  java.lang.Thread.runWith(Ljava/lang/Object;Ljava/lang/Runnable;)V+5 java.base@21.0.10
j  java.lang.Thread.run()V+19 java.base@21.0.10
v  ~StubRoutines::call_stub 0x000001fa0e31100d

Compiled method (n/a) 73717  934     n 0       java.lang.ClassLoader::defineClass1 (native)
 total in heap  [0x000001fa0e90df10,0x000001fa0e90e4a0] = 1424
 relocation     [0x000001fa0e90e070,0x000001fa0e90e0a8] = 56
 main code      [0x000001fa0e90e0c0,0x000001fa0e90e499] = 985
 stub code      [0x000001fa0e90e499,0x000001fa0e90e4a0] = 7

[Constant Pool (empty)]

[MachCode]
[Entry Point]
  # {method} {0x000001fa1b025040} 'defineClass1' '(Ljava/lang/ClassLoader;Ljava/lang/String;[BIILjava/security/ProtectionDomain;Ljava/lang/String;)Ljava/lang/Class;' in 'java/lang/ClassLoader'
  # parm0:    rdx:rdx   = 'java/lang/ClassLoader'
  # parm1:    r8:r8     = 'java/lang/String'
  # parm2:    r9:r9     = '[B'
  # parm3:    rdi       = int
  # parm4:    rsi       = int
  # parm5:    rcx:rcx   = 'java/security/ProtectionDomain'
  # parm6:    [sp+0xa0]   = 'java/lang/String'  (sp of caller)
  0x000001fa0e90e0c0: 448b 5208 | 49c1 e203 | 493b c20f | 8407 0000 

  0x000001fa0e90e0d0: ;   {runtime_call ic_miss_stub}
  0x000001fa0e90e0d0: 00e9 aa06 | a5ff 6690 
[Verified Entry Point]
  0x000001fa0e90e0d8: 8984 2400 | 80ff ff55 | 488b ec48 | 81ec 9000 | 0000 6690 | 4181 7f20 | 1b00 0000 

  0x000001fa0e90e0f4: ;   {runtime_call StubRoutines (final stubs)}
  0x000001fa0e90e0f4: 7405 e805 | d6a3 ff48 | 837d 1000 | 488d 4510 | 480f 4445 | 1048 8944 | 2440 4889 | 4c24 7048 
  0x000001fa0e90e114: 83f9 0048 | 8d44 2470 | 480f 4444 | 2470 4889 | 4424 3848 | 8974 2430 | 4889 7c24 | 284c 894c 
  0x000001fa0e90e134: 2458 4983 | f900 488d | 4424 5848 | 0f44 4424 | 5848 8944 | 2420 4c89 | 4424 5049 | 83f8 004c 
  0x000001fa0e90e154: 8d4c 2450 | 4c0f 444c | 2450 4889 | 5424 4848 | 83fa 004c | 8d44 2448 | 4c0f 4444 

  0x000001fa0e90e170: ;   {oop(a 'java/lang/Class'{0x0000000080a3ad78} = 'java/lang/ClassLoader')}
  0x000001fa0e90e170: 2448 49be | 78ad a380 | 0000 0000 | 4c89 7424 | 784c 8d74 | 2478 498b | d6c5 f877 

  0x000001fa0e90e18c: ;   {internal_word}
  0x000001fa0e90e18c: 49ba 89e1 | 900e fa01 | 0000 4d89 | 97a8 0300 | 0049 89a7 | a003 0000 

  0x000001fa0e90e1a4: ;   {external_word}
  0x000001fa0e90e1a4: 49ba a8fa | ef3c ff7f | 0000 4180 | 3a00 0f84 | 4e00 0000 | 5241 5041 

  0x000001fa0e90e1bc: ;   {metadata({method} {0x000001fa1b025040} 'defineClass1' '(Ljava/lang/ClassLoader;Ljava/lang/String;[BIILjava/security/ProtectionDomain;Ljava/lang/String;)Ljava/lang/Class;' in 'java/lang/ClassLoader')}
  0x000001fa0e90e1bc: 5148 ba38 | 5002 1bfa | 0100 0049 | 8bcf 4883 | ec20 40f6 | c40f 0f84 | 1900 0000 | 4883 ec08 
  0x000001fa0e90e1dc: ;   {runtime_call}
  0x000001fa0e90e1dc: 48b8 30e9 | a93c ff7f | 0000 ffd0 | 4883 c408 | e90c 0000 

  0x000001fa0e90e1f0: ;   {runtime_call}
  0x000001fa0e90e1f0: 0048 b830 | e9a9 3cff | 7f00 00ff | d048 83c4 | 2041 5941 | 585a 498d | 8fc0 0300 | 0041 c787 
  0x000001fa0e90e210: 4c04 0000 | 0400 0000 

  0x000001fa0e90e218: ;   {runtime_call}
  0x000001fa0e90e218: 48b8 ac16 | 62a5 ff7f | 0000 ffd0 | c5f8 7741 | c787 4c04 | 0000 0500 | 0000 f083 | 4424 c000 
  0x000001fa0e90e238: 493b af50 | 0400 000f | 870e 0000 | 0041 83bf | 4804 0000 | 000f 842b | 0000 00c5 | f877 4889 
  0x000001fa0e90e258: 45f8 498b | cf4c 8be4 | 4883 ec20 | 4883 e4f0 

  0x000001fa0e90e268: ;   {runtime_call}
  0x000001fa0e90e268: 48b8 e01e | 753c ff7f | 0000 ffd0 | 498b e44d | 33e4 488b | 45f8 41c7 | 874c 0400 | 0008 0000 
  0x000001fa0e90e288: 0041 83bf | c804 0000 | 020f 84d5 

  0x000001fa0e90e294: ;   {external_word}
  0x000001fa0e90e294: 0100 0049 | baa8 faef | 3cff 7f00 | 0041 803a | 000f 844c | 0000 0048 

  0x000001fa0e90e2ac: ;   {metadata({method} {0x000001fa1b025040} 'defineClass1' '(Ljava/lang/ClassLoader;Ljava/lang/String;[BIILjava/security/ProtectionDomain;Ljava/lang/String;)Ljava/lang/Class;' in 'java/lang/ClassLoader')}
  0x000001fa0e90e2ac: 8945 f848 | ba38 5002 | 1bfa 0100 | 0049 8bcf | 4883 ec20 | 40f6 c40f | 0f84 1900 | 0000 4883 
  0x000001fa0e90e2cc: ;   {runtime_call}
  0x000001fa0e90e2cc: ec08 48b8 | 30e9 a93c | ff7f 0000 | ffd0 4883 | c408 e90c 

  0x000001fa0e90e2e0: ;   {runtime_call}
  0x000001fa0e90e2e0: 0000 0048 | b830 e9a9 | 3cff 7f00 | 00ff d048 | 83c4 2048 | 8b45 f849 | c787 a003 | 0000 0000 
  0x000001fa0e90e300: 0000 49c7 | 87a8 0300 | 0000 0000 | 00c5 f877 | 4885 c00f | 8430 0100 | 00a8 030f | 8508 0000 
  0x000001fa0e90e320: 0048 8b00 | e920 0100 | 00a8 010f | 8509 0000 | 0048 8b40 | fee9 0f01 | 0000 488b | 40ff 4180 
  0x000001fa0e90e340: 7f40 000f | 8400 0100 | 0048 83f8 | 000f 84f6 | 0000 0049 | 8b4f 2848 | 83f9 000f | 8414 0000 
  0x000001fa0e90e360: 0048 83e9 | 0849 894f | 2849 034f | 3848 8901 | e9d4 0000 | 0048 83ec | 7048 8904 | 2448 894c 
  0x000001fa0e90e380: 2408 4889 | 5424 104c | 8944 2418 | 4c89 4c24 | 204c 8954 | 2428 4c89 | 5c24 30c5 | fb11 4424 
  0x000001fa0e90e3a0: 40c5 fb11 | 4c24 48c5 | fb11 5424 | 50c5 fb11 | 5c24 58c5 | fb11 6424 | 60c5 fb11 | 6c24 6849 
  0x000001fa0e90e3c0: 8bd7 488b | c848 83ec | 2040 f6c4 | 0f0f 8419 | 0000 0048 

  0x000001fa0e90e3d4: ;   {runtime_call}
  0x000001fa0e90e3d4: 83ec 0848 | b800 2a68 | 3cff 7f00 | 00ff d048 | 83c4 08e9 | 0c00 0000 

  0x000001fa0e90e3ec: ;   {runtime_call}
  0x000001fa0e90e3ec: 48b8 002a | 683c ff7f | 0000 ffd0 | 4883 c420 | c5fb 106c | 2468 c5fb | 1064 2460 | c5fb 105c 
  0x000001fa0e90e40c: 2458 c5fb | 1054 2450 | c5fb 104c | 2448 c5fb | 1044 2440 | 4c8b 5c24 | 304c 8b54 | 2428 4c8b 
  0x000001fa0e90e42c: 4c24 204c | 8b44 2418 | 488b 5424 | 1048 8b4c | 2408 488b | 0424 4883 | c470 c5f8 | 7749 8b8f 
  0x000001fa0e90e44c: 3004 0000 | c781 0001 | 0000 0000 | 0000 c949 | 837f 0800 | 0f85 0100 

  0x000001fa0e90e464: ;   {runtime_call StubRoutines (initial stubs)}
  0x000001fa0e90e464: 0000 c3e9 | 942a a0ff | c5f8 7748 | 8945 f84c | 8be4 4883 | ec20 4883 

  0x000001fa0e90e47c: ;   {runtime_call}
  0x000001fa0e90e47c: e4f0 48b8 | 8020 aa3c | ff7f 0000 | ffd0 498b | e44d 33e4 | 488b 45f8 | e9fe fdff | fff4 f4f4 
  0x000001fa0e90e49c: f4f4 f4f4 
[/MachCode]


Compiled method (c2) 73742 9485       4       java.security.SecureClassLoader::defineClass (16 bytes)
 total in heap  [0x000001fa0ebc2990,0x000001fa0ebc83b8] = 23080
 relocation     [0x000001fa0ebc2af0,0x000001fa0ebc2e68] = 888
 main code      [0x000001fa0ebc2e80,0x000001fa0ebc6128] = 12968
 stub code      [0x000001fa0ebc6128,0x000001fa0ebc6260] = 312
 oops           [0x000001fa0ebc6260,0x000001fa0ebc6278] = 24
 metadata       [0x000001fa0ebc6278,0x000001fa0ebc6548] = 720
 scopes data    [0x000001fa0ebc6548,0x000001fa0ebc7728] = 4576
 scopes pcs     [0x000001fa0ebc7728,0x000001fa0ebc7ec8] = 1952
 dependencies   [0x000001fa0ebc7ec8,0x000001fa0ebc7f80] = 184
 handler table  [0x000001fa0ebc7f80,0x000001fa0ebc82f8] = 888
 nul chk table  [0x000001fa0ebc82f8,0x000001fa0ebc83b8] = 192

[Constant Pool (empty)]

[MachCode]
[Entry Point]
  # {method} {0x000001fa1b03d7b0} 'defineClass' '(Ljava/lang/String;[BIILjava/security/CodeSource;)Ljava/lang/Class;' in 'java/security/SecureClassLoader'
  # this:     rdx:rdx   = 'java/security/SecureClassLoader'
  # parm0:    r8:r8     = 'java/lang/String'
  # parm1:    r9:r9     = '[B'
  # parm2:    rdi       = int
  # parm3:    rsi       = int
  # parm4:    rcx:rcx   = 'java/security/CodeSource'
  #           [sp+0xd0]  (sp of caller)
  0x000001fa0ebc2e80: 448b 5208 | 49c1 e203 

  0x000001fa0ebc2e88: ;   {runtime_call ic_miss_stub}
  0x000001fa0ebc2e88: 493b c20f | 85ef b879 | ff66 6690 | 0f1f 8400 | 0000 0000 | 6666 6690 
[Verified Entry Point]
  0x000001fa0ebc2ea0: 8984 2400 | 80ff ff55 | 4881 ecc0 | 0000 0090 | 4181 7f20 | 1b00 0000 | 0f85 5a32 | 0000 8974 
  0x000001fa0ebc2ec0: 243c 897c | 2438 4c89 | 4c24 304c | 8944 2420 | 4889 5424 | 2848 8be9 | 4885 c90f | 844b 2200 
  0x000001fa0ebc2ee0: 004d 8b87 | b801 0000 | 4d8b d049 | 83c2 104d | 3b97 c801 | 0000 0f83 | cd1b 0000 | 4d89 97b8 
  0x000001fa0ebc2f00: 0100 0041 | 0f0d 8a00 | 0100 0049 | c700 0100 

  0x000001fa0ebc2f10: ;   {metadata('java/security/SecureClassLoader$CodeSourceKey')}
  0x000001fa0ebc2f10: 0000 41c7 | 4008 eb30 | 0120 4c8b | d545 8950 | 0c4d 8b8f | b801 0000 | 4c8b 5424 | 2841 8b6a 
  0x000001fa0ebc2f30: 504d 8bd1 | 4983 c210 | 4d3b 97c8 | 0100 000f | 83a7 1b00 | 004d 8997 | b801 0000 | 410f 0d8a 
  0x000001fa0ebc2f50: 0001 0000 | 49c7 0101 

  0x000001fa0ebc2f58: ;   {metadata('java/security/SecureClassLoader$1')}
  0x000001fa0ebc2f58: 0000 0041 | c741 0833 | 3101 204c | 8b54 2428 | 4589 510c 

  0x000001fa0ebc2f6c: ; implicit exception: dispatches to 0x000001fa0ebc5c88
  0x000001fa0ebc2f6c: 448b 5508 

  0x000001fa0ebc2f70: ;   {metadata('java/util/concurrent/ConcurrentHashMap')}
  0x000001fa0ebc2f70: 4181 fa6e | ac00 200f | 85f7 1f00 | 0048 8bd5 

  0x000001fa0ebc2f80: ;   {optimized virtual_call}
  0x000001fa0ebc2f80: c5f8 77e8 

  0x000001fa0ebc2f84: ; ImmutableOopMap {[32]=Oop [40]=Oop [48]=Oop }
                      ;*invokeinterface computeIfAbsent {reexecute=0 rethrow=0 return_oop=1}
                      ; - java.security.SecureClassLoader::getProtectionDomain@28
                      ; - java.security.SecureClassLoader::defineClass@9
  0x000001fa0ebc2f84: 9800 1c00 

  0x000001fa0ebc2f88: ;   {other}
  0x000001fa0ebc2f88: 0f1f 8400 | f805 0000 

  0x000001fa0ebc2f90: ; implicit exception: dispatches to 0x000001fa0ebc5ca8
  0x000001fa0ebc2f90: 448b 5808 

  0x000001fa0ebc2f94: ;   {metadata('java/security/ProtectionDomain')}
  0x000001fa0ebc2f94: 4181 fbcf | 8800 200f | 85eb 2b00 | 0048 8944 | 2448 4c8b | 7424 2045 | 8b6e 1445 | 8b5d 0c45 
  0x000001fa0ebc2fb4: 85db 0f86 | d81f 0000 | 450f be56 | 1045 85d2 | 0f85 e220 | 0000 c442 | 2af7 cb45 | 3bcb 458b 
  0x000001fa0ebc2fd4: d145 0f4f | d34d 8bc5 | 498d 4d10 | c4e1 f96e | c145 85d2 | 0f8e d200 | 0000 453b | da0f 82b9 
  0x000001fa0ebc2ff4: 1f00 00b8 | 2f00 0000 | c4e1 f97e | c741 8bd2 | 488b df83 | fa10 0f8c | 7900 0000 | 83fa 200f 
  0x000001fa0ebc3014: 8c36 0000 | 00c5 f96e | c8c4 e27d | 78c9 c5ed | efd2 8bca | 83e1 e083 | e21f c5fe | 6f1b c5e5 
  0x000001fa0ebc3034: 74d9 c4e2 | 7d17 d30f | 8369 0000 | 0048 83c3 | 2083 e920 | 75e4 e90d | 0000 00c5 | f96e c8c5 
  0x000001fa0ebc3054: e9ef d2c4 | e271 00ca | 83fa 100f | 8c24 0000 | 008b ca83 | e1f0 83e2 | 0fc5 fa6f | 1bc5 e174 
  0x000001fa0ebc3074: d9c4 e279 | 17d3 0f83 | 2a00 0000 | 4883 c310 | 83e9 1075 | e485 d20f | 8412 0000 

  0x000001fa0ebc3090: ;   {no_reloc}
  0x000001fa0ebc3090: 000f b60b | 3bc1 741c | 4883 c301 | 83ea 0174 | 02eb eebb | ffff ffff | eb0d c5fd | d7cb 0fbc 
  0x000001fa0ebc30b0: c148 03d8 | 482b df83 | fbff 0f85 | 4c20 0000 | c4c1 f97e | c241 0fb6 | 2a83 fd5b | 0f84 7220 
  0x000001fa0ebc30d0: 0000 418d | 49fb 85c9 | 7c0e 450f | be12 4183 | fa6a 0f84 | b00c 0000 | 488b 5c24 | 284c 8b54 
  0x000001fa0ebc30f0: 2448 418b | 4a10 894c | 2440 458d | 51ff 418d | 7bff 443b | d744 0f4f | d745 85d2 | 0f8c 3e12 
  0x000001fa0ebc3110: 0000 33ff | 897c 2444 | 0f1f 8400 | 0000 0000 | 453b d30f | 83d8 1b00 | 0043 807c | 1510 2e74 
  0x000001fa0ebc3130: 1a49 8bbf | 5804 0000 | 41ff ca49 

  0x000001fa0ebc313c: ; ImmutableOopMap {r8=Oop xmm0=Derived_oop_r8 rcx=Oop rbx=Oop r13=NarrowOop r14=Oop [40]=Oop [48]=Oop [64]=NarrowOop [72]=Oop }
                      ;*goto {reexecute=1 rethrow=0 return_oop=0}
                      ; - (reexecute) java.lang.StringLatin1::lastIndexOf@35
                      ; - java.lang.String::lastIndexOf@13
                      ; - java.lang.String::lastIndexOf@8
                      ; - java.lang.ClassLoader::checkCerts@3
                      ; - java.lang.ClassLoader::preDefineClass@113
                      ; - java.lang.ClassLoader::defineClass@4
                      ; - java.security.SecureClassLoader::defineClass@12
                      ;   {poll}
  0x000001fa0ebc313c: 8bce 8507 | 4585 d27d | db41 baff | ffff ff41 | 83fa ff0f | 8405 0d00 | 0045 85d2 | 0f8c 7a1f 
  0x000001fa0ebc315c: 0000 453b | d10f 8f25 | 2000 0045 | 3bd1 0f84 | bc0c 0000 | 4585 d20f | 84c3 0c00 | 0049 8bb7 
  0x000001fa0ebc317c: b801 0000 | 4c8b ce49 | 83c1 184d | 3b8f c801 | 0000 0f83 | 8519 0000 | 4d89 8fb8 | 0100 0041 
  0x000001fa0ebc319c: 0f0d 8900 | 0100 0048 | c706 0100 

  0x000001fa0ebc31a8: ;   {metadata('java/lang/String')}
  0x000001fa0ebc31a8: 0000 c746 | 0812 8400 | 2044 8966 | 0c4c 8966 | 1045 3bd3 | 0f85 9700 | 0000 4d63 | d341 81fb 
  0x000001fa0ebc31c8: 0000 1000 | 0f87 f71b | 0000 498b | bfb8 0100 | 004d 8d4a | 1749 83e1 | f848 8bcf | 4903 c949 
  0x000001fa0ebc31e8: 3b8f c801 | 0000 0f83 | d51b 0000 | 4989 8fb8 | 0100 000f | 0d89 0001 | 0000 48c7 | 0701 0000 
  0x000001fa0ebc3208: 000f 0d89 | 4001 0000 

  0x000001fa0ebc3210: ;   {metadata({type array byte})}
  0x000001fa0ebc3210: c747 0859 | 8100 2044 | 895f 0c0f | 0d89 8001 | 0000 488b | d748 83c2 | 1049 83c2 | 0749 c1ea 
  0x000001fa0ebc3230: 03c4 e1f9 | 7ec1 4d8b | c2c5 f877 | 49ba e09d | 340e fa01 | 0000 41ff 

  0x000001fa0ebc3248: ;   {other}
  0x000001fa0ebc3248: d20f 1f84 | 0000 0000 | 004c 8bef | e9d8 0000 | 0041 81fa | 0000 1000 | 0f87 6e1d | 0000 4d63 
  0x000001fa0ebc3268: ca45 3bda | 418b eb41 | 0f4f ea44 | 3bdd 0f82 | cc1d 0000 | 443b d50f | 82c3 1d00 | 0049 83c1 
  0x000001fa0ebc3288: 1749 8bf9 | 4883 e7f8 | 4181 fa00 | 0010 000f | 8732 1900 | 004d 8baf | b801 0000 | 4d8b dd4c 
  0x000001fa0ebc32a8: 03df 4d3b | 9fc8 0100 | 000f 8318 | 1900 004d | 899f b801 | 0000 410f | 0d8b 0001 | 0000 49c7 
  0x000001fa0ebc32c8: 4500 0100 | 0000 410f | 0d8b 4001 

  0x000001fa0ebc32d4: ;   {metadata({type array byte})}
  0x000001fa0ebc32d4: 0000 41c7 | 4508 5981 | 0020 4589 | 550c 410f | 0d8b 8001 | 0000 4d8b | dd49 83c3 | 1049 c1e9 
  0x000001fa0ebc32f4: 0385 ed0f | 84df 1c00 | 0041 3bea | 0f8c e70b | 0000 4883 | c7f0 48c1 | ef03 c4e1 | f97e c149 
  0x000001fa0ebc3314: 8bd3 4c8b | c7c5 f877 | 49ba e09d | 340e fa01 | 0000 41ff 

  0x000001fa0ebc3328: ;   {other}
  0x000001fa0ebc3328: d20f 1f84 | 0000 0000 | 0041 807f | 4000 0f85 | 2d0b 0000 | 4c8b d64d | 8bdd 4489 | 5e14 4d8b 
  0x000001fa0ebc3348: dd4d 33da | 49c1 eb14 | 4d85 db74 | 1a49 c1ea | 0948 b900 | 00de 15fa | 0100 0049 | 03ca 8039 
  0x000001fa0ebc3368: 020f 852d | 0b00 0044 | 8866 1048 | 8bfe 448b | 5424 4045 | 8b5a 1445 | 85db 0f85 | 050c 0000 
  0x000001fa0ebc3388: 418b 4a10 | 85c9 0f85 | ac0c 0000 

  0x000001fa0ebc3394: ;   {oop(""{0x00000000807a35a0})}
  0x000001fa0ebc3394: 49b9 a035 | 7a80 0000 | 0000 49b8 | 0000 de15 | fa01 0000 

  0x000001fa0ebc33a8: ;   {oop(a 'java/security/cert/Certificate'[0] {0x0000000080a3adf8})}
  0x000001fa0ebc33a8: 49bb f8ad | a380 0000 | 0000 448b | 532c 4585 | d20f 8465 | 1b00 004c | 895c 2468 | 4c8b df4c 
  0x000001fa0ebc33c8: 8944 2460 | 4c89 4c24 | 5848 895c | 2450 4c89 | 7424 2049 | 8bd2 bf01 | 0000 004d | 8bc3 4c8b 
  0x000001fa0ebc33e8: 4c24 6849 | 8bee 6690 

  0x000001fa0ebc33f0: ;   {optimized virtual_call}
  0x000001fa0ebc33f0: c5f8 77e8 

  0x000001fa0ebc33f4: ; ImmutableOopMap {rbp=Oop [32]=Oop [40]=Oop [48]=Oop [72]=Oop [80]=Oop [88]=Oop [104]=Oop }
                      ;*invokevirtual putVal {reexecute=0 rethrow=0 return_oop=1}
                      ; - java.util.concurrent.ConcurrentHashMap::putIfAbsent@4
                      ; - java.lang.ClassLoader::checkCerts@62
                      ; - java.lang.ClassLoader::preDefineClass@113
                      ; - java.lang.ClassLoader::defineClass@4
                      ; - java.security.SecureClassLoader::defineClass@12
  0x000001fa0ebc33f4: 4826 2000 

  0x000001fa0ebc33f8: ;   {other}
  0x000001fa0ebc33f8: 0f1f 8400 | 680a 0002 | 4885 c074 | 3344 8b58 

  0x000001fa0ebc3408: ;   {metadata('java/security/cert/Certificate'[])}
  0x000001fa0ebc3408: 0841 81fb | 1b61 0020 | 0f85 b627 | 0000 4c8b | c848 8b4c | 2468 448b | 410c 458b | 590c 4585 
  0x000001fa0ebc3428: c00f 87da | 1400 0045 | 85db 0f87 | 281d 0000 | 4c8b 5424 | 4845 8b52 | 1041 8b6a | 0c44 8b5d 
  0x000001fa0ebc3448: 3845 85db | 0f84 f21a | 0000 498b | d34c 8bc5 

  0x000001fa0ebc3458: ;   {optimized virtual_call}
  0x000001fa0ebc3458: c5f8 77e8 

  0x000001fa0ebc345c: ; ImmutableOopMap {[32]=Oop [40]=Oop [48]=Oop [72]=Oop [88]=Oop }
                      ;*invokevirtual toExternalForm {reexecute=0 rethrow=0 return_oop=1}
                      ; - java.net.URL::toExternalForm@5
                      ; - java.net.URL::toString@1
                      ; - java.lang.ClassLoader::defineClassSourceLocation@22
                      ; - java.lang.ClassLoader::defineClass@12
                      ; - java.security.SecureClassLoader::defineClass@12
  0x000001fa0ebc345c: 40ed f1ff 

  0x000001fa0ebc3460: ;   {other}
  0x000001fa0ebc3460: 0f1f 8400 | d00a 0003 | 488b 5424 | 284c 8b44 | 2420 4c8b | 4c24 308b | 7c24 388b | 7424 3c48 
  0x000001fa0ebc3480: 8b4c 2448 | 4889 0424 

  0x000001fa0ebc3488: ;   {static_call}
  0x000001fa0ebc3488: c5f8 77e8 

  0x000001fa0ebc348c: ; ImmutableOopMap {[40]=Oop [72]=Oop [88]=Oop }
                      ;*invokestatic defineClass1 {reexecute=0 rethrow=0 return_oop=1}
                      ; - java.lang.ClassLoader::defineClass@27
                      ; - java.security.SecureClassLoader::defineClass@12
  0x000001fa0ebc348c: 48ac d4ff 

  0x000001fa0ebc3490: ;   {other}
  0x000001fa0ebc3490: 0f1f 8400 | 000b 0004 | 4889 4424 | 2044 8b58 | 3c45 85db | 0f85 5f03 | 0000 4c8b | 5010 458b 
  0x000001fa0ebc34b0: 4208 4585 | c00f 8c59 | 1d00 0044 | 8b58 2c45 | 85db 0f84 | 2d09 0000 | 4d8b c341 | 8b58 148b 
  0x000001fa0ebc34d0: 4b0c 410f | be78 10c4 | 6242 f7d9 | 458d 53ff | 85ff 0f85 | a01e 0000 | 4c8b cb4c | 898c 2490 
  0x000001fa0ebc34f0: 0000 0044 | 8d49 ff45 | 3bca 450f | 4fca 4585 | c97c 3466 | 0f1f 8400 | 0000 0000 | 6666 6690 
  0x000001fa0ebc3510: 443b c90f | 8382 1900 | 0042 807c | 0b10 2e74 | 1c49 8bbf | 5804 0000 | 41ff c94c 

  0x000001fa0ebc352c: ; ImmutableOopMap {r10=Oop r8=Oop rbx=NarrowOop [32]=Oop [40]=Oop [72]=Oop [88]=Oop [144]=Oop }
                      ;*goto {reexecute=1 rethrow=0 return_oop=0}
                      ; - (reexecute) java.lang.StringLatin1::lastIndexOf@35
                      ; - java.lang.String::lastIndexOf@13
                      ; - java.lang.String::lastIndexOf@8
                      ; - java.lang.Class::getPackageName@47
                      ; - java.lang.ClassLoader::postDefineClass@2
                      ; - java.lang.ClassLoader::defineClass@37
                      ; - java.security.SecureClassLoader::defineClass@12
  0x000001fa0ebc352c: 8b54 2420 

  0x000001fa0ebc3530: ;   {poll}
  0x000001fa0ebc3530: 8507 4585 | c97d d941 | b9ff ffff | ff41 83f9 | ff0f 8432 | 0200 0045 | 85c9 0f8c | 981e 0000 
  0x000001fa0ebc3550: 453b cb0f | 8f58 1f00 | 0045 3bcb | 0f84 d208 | 0000 4585 | c90f 84e0 | 0800 0049 | 8bb7 b801 
  0x000001fa0ebc3570: 0000 4c8b | d649 83c2 | 184d 3b97 | c801 0000 | 0f83 0617 | 0000 4d89 | 97b8 0100 | 0041 0f0d 
  0x000001fa0ebc3590: 8a00 0100 | 0048 c706 | 0100 0000 

  0x000001fa0ebc359c: ;   {metadata('java/lang/String')}
  0x000001fa0ebc359c: c746 0812 | 8400 2044 | 8966 0c4c | 8966 104c | 8d53 1044 | 3bc9 0f85 | 9600 0000 | 4c63 c981 
  0x000001fa0ebc35bc: f900 0010 | 000f 8709 | 1900 0049 | 8bbf b801 | 0000 4d8d | 5917 4983 | e3f8 4c8b | c74d 03c3 
  0x000001fa0ebc35dc: 4d3b 87c8 | 0100 000f | 83e7 1800 | 004d 8987 | b801 0000 | 410f 0d88 | 0001 0000 | 48c7 0701 
  0x000001fa0ebc35fc: 0000 0041 | 0f0d 8840 

  0x000001fa0ebc3604: ;   {metadata({type array byte})}
  0x000001fa0ebc3604: 0100 00c7 | 4708 5981 | 0020 894f | 0c41 0f0d | 8880 0100 | 0048 8bd7 | 4883 c210 | 4983 c107 
  0x000001fa0ebc3624: 49c1 e903 | 498b ca4d | 8bc1 c5f8 | 7749 bae0 | 9d34 0efa | 0100 0041 

  0x000001fa0ebc363c: ;   {other}
  0x000001fa0ebc363c: ffd2 0f1f | 8400 0000 | 0000 488b | dfe9 cf00 | 0000 4181 | f900 0010 | 000f 874d | 1c00 004d 
  0x000001fa0ebc365c: 63d9 413b | c98b e941 | 0f4f e93b | cd0f 82ad | 1c00 0044 | 3bcd 0f82 | a41c 0000 | 4983 c317 
  0x000001fa0ebc367c: 498b fb48 | 83e7 f841 | 81f9 0000 | 1000 0f87 | b816 0000 | 498b 9fb8 | 0100 004c | 8bc3 4c03 
  0x000001fa0ebc369c: c74d 3b87 | c801 0000 | 0f83 9e16 | 0000 4d89 | 87b8 0100 | 0041 0f0d | 8800 0100 | 0048 c703 
  0x000001fa0ebc36bc: 0100 0000 | 410f 0d88 | 4001 0000 

  0x000001fa0ebc36c8: ;   {metadata({type array byte})}
  0x000001fa0ebc36c8: c743 0859 | 8100 2044 | 894b 0c41 | 0f0d 8880 | 0100 0048 | 8bd3 4883 | c210 49c1 | eb03 85ed 
  0x000001fa0ebc36e8: 0f84 c21b | 0000 413b | e90f 8c51 | 1100 0048 | 83c7 f048 | c1ef 0349 | 8bca 4c8b | c7c5 f877 
  0x000001fa0ebc3708: 49ba e09d | 340e fa01 | 0000 41ff 

  0x000001fa0ebc3714: ;   {other}
  0x000001fa0ebc3714: d20f 1f84 | 0000 0000 | 0041 807f | 4000 0f85 | 6b0c 0000 | 4c8b d64c | 8bdb 4489 | 5e14 4c8b 
  0x000001fa0ebc3734: db4d 33da | 49c1 eb14 | 4d85 db74 | 1a49 c1ea | 0948 b900 | 00de 15fa | 0100 0049 | 03ca 8039 
  0x000001fa0ebc3754: 020f 856b | 0c00 0044 | 8866 1048 | 8bd6 6690 

  0x000001fa0ebc3764: ;   {optimized virtual_call}
  0x000001fa0ebc3764: c5f8 77e8 

  0x000001fa0ebc3768: ; ImmutableOopMap {[32]=Oop [40]=Oop [72]=Oop }
                      ;*invokevirtual intern {reexecute=0 rethrow=0 return_oop=1}
                      ; - java.lang.Class::getPackageName@65
                      ; - java.lang.ClassLoader::postDefineClass@2
                      ; - java.lang.ClassLoader::defineClass@37
                      ; - java.security.SecureClassLoader::defineClass@12
  0x000001fa0ebc3768: ec28 d1ff 

  0x000001fa0ebc376c: ;   {other}
  0x000001fa0ebc376c: 0f1f 8400 | dc0d 0006 | 4889 4424 | 5841 807f | 4000 0f85 | d70b 0000 | 488b 5c24 | 584c 8bd3 
  0x000001fa0ebc378c: 4c8b 5c24 | 2045 8953 | 3c4d 8bd3 | 4c8b db4d | 33da 49c1 | eb14 4d85 | db74 6548 | 85db 7460 
  0x000001fa0ebc37ac: 49c1 ea09 | 48b9 0000 | de15 fa01 | 0000 4903 | ca80 3902 | 744a 4d8b | 5758 4d8b | 5f48 f083 
  0x000001fa0ebc37cc: 4424 c000 | 8039 0074 | 3744 8821 | 4d85 db75 | 1d49 8bd7 | c5f8 7749 | bae0 2968 | 3cff 7f00 
  0x000001fa0ebc37ec: 0041 ffd2 

  0x000001fa0ebc37f0: ;   {other}
  0x000001fa0ebc37f0: 0f1f 8400 | 0000 0000 | eb12 4b89 | 4c1a f849 | 83c3 f84d | 895f 48eb | 0349 8bdb | 4c8b 4c24 
  0x000001fa0ebc3810: 2841 8b79 | 3885 ff0f | 843f 1700 | 004c 8bdb 

  0x000001fa0ebc3820: ; implicit exception: dispatches to 0x000001fa0ebc5cfc
  0x000001fa0ebc3820: 8b43 0c4c | 8b54 2420 | 458b 6a30 | 85c0 7563 | 440f b643 | 1145 85c0 | 0f85 c410 | 0000 440f 
  0x000001fa0ebc3840: be53 1045 | 85d2 0f85 | 201e 0000 | 4489 6c24 | 3c48 895c | 2430 448b | 5314 488b | ef89 7c24 
  0x000001fa0ebc3860: 3849 8bd2 

  0x000001fa0ebc3864: ;   {static_call}
  0x000001fa0ebc3864: c5f8 77e8 

  0x000001fa0ebc3868: ; ImmutableOopMap {rbp=Oop [32]=Oop [40]=Oop [48]=Oop [56]=NarrowOop [60]=NarrowOop [72]=Oop }
                      ;*invokestatic hashCode {reexecute=0 rethrow=0 return_oop=0}
                      ; - java.lang.String::hashCode@27
                      ; - java.util.concurrent.ConcurrentHashMap::get@1
                      ; - java.lang.ClassLoader::getNamedPackage@5
                      ; - java.lang.ClassLoader::postDefineClass@9
                      ; - java.lang.ClassLoader::defineClass@37
                      ; - java.security.SecureClassLoader::defineClass@12
  0x000001fa0ebc3868: 14b8 79ff 

  0x000001fa0ebc386c: ;   {other}
  0x000001fa0ebc386c: 0f1f 8400 | dc0e 0007 | 85c0 0f84 | 6710 0000 | 4c8b 5c24 | 3041 8943 | 0c4c 8b4c | 2428 8b7c 
  0x000001fa0ebc388c: 2438 448b | 6c24 3c8b | 4f28 85c9 | 0f84 3c03 | 0000 8b69 | 0c85 ed0f | 861b 1900 | 0044 8bd0 
  0x000001fa0ebc38ac: 41c1 ea10 | 4433 d0ff | cd41 81e2 | ffff ff7f | 4123 ea4c | 63c5 468b | 4481 1045 | 85c0 0f84 
  0x000001fa0ebc38cc: 0a03 0000 | 418b 480c | 413b ca0f | 84e0 0000 | 0049 8bd8 | 85c9 0f8c | 6002 0000 | 8b4b 1885 
  0x000001fa0ebc38ec: c90f 84e7 | 0200 0048 | 8bf9 8b5f | 0c49 8b97 

  0x000001fa0ebc38fc: ; ImmutableOopMap {r11=Oop r9=Oop rdi=Oop r13=NarrowOop [32]=Oop [72]=Oop }
                      ;*if_icmpne {reexecute=1 rethrow=0 return_oop=0}
                      ; - (reexecute) java.util.concurrent.ConcurrentHashMap::get@127
                      ; - java.lang.ClassLoader::getNamedPackage@5
                      ; - java.lang.ClassLoader::postDefineClass@9
                      ; - java.lang.ClassLoader::defineClass@37
                      ; - java.security.SecureClassLoader::defineClass@12
  0x000001fa0ebc38fc: 5804 0000 

  0x000001fa0ebc3900: ;   {poll}
  0x000001fa0ebc3900: 8502 413b | da74 1244 | 8b47 1845 | 85c0 0f84 | c602 0000 | 498b f8eb | dd8b 6f10 | 4c8b c54d 
  0x000001fa0ebc3920: 3bc3 0f84 | 8500 0000 | 85ed 0f84 | 441e 0000 | 4889 7c24 | 5844 8954 | 2450 4489 | 6c24 404c 
  0x000001fa0ebc3940: 895c 2438 | 4c8b 5424 | 204c 8954 | 2430 4c8b | 5424 484c | 8954 2428 | 4c89 4c24 | 204c 8bc5 
  0x000001fa0ebc3960: 498b d348 | 8b6c 2430 

  0x000001fa0ebc3968: ;   {optimized virtual_call}
  0x000001fa0ebc3968: c5f8 77e8 

  0x000001fa0ebc396c: ; ImmutableOopMap {rbp=Oop [32]=Oop [40]=Oop [56]=Oop [64]=NarrowOop [88]=Oop }
                      ;*invokevirtual equals {reexecute=0 rethrow=0 return_oop=0}
                      ; - java.util.concurrent.ConcurrentHashMap::get@149
                      ; - java.lang.ClassLoader::getNamedPackage@5
                      ; - java.lang.ClassLoader::postDefineClass@9
                      ; - java.lang.ClassLoader::defineClass@37
                      ; - java.security.SecureClassLoader::defineClass@12
  0x000001fa0ebc396c: 10b1 79ff 

  0x000001fa0ebc3970: ;   {other}
  0x000001fa0ebc3970: 0f1f 8400 | e00f 0009 | 4d8b 9758 

  0x000001fa0ebc397c: ; ImmutableOopMap {rbp=Oop [32]=Oop [40]=Oop [56]=Oop [64]=NarrowOop [88]=Oop }
                      ;*ifeq {reexecute=1 rethrow=0 return_oop=0}
                      ; - (reexecute) java.util.concurrent.ConcurrentHashMap::get@152
                      ; - java.lang.ClassLoader::getNamedPackage@5
                      ; - java.lang.ClassLoader::postDefineClass@9
                      ; - java.lang.ClassLoader::defineClass@37
                      ; - java.security.SecureClassLoader::defineClass@12
                      ;   {poll}
  0x000001fa0ebc397c: 0400 0041 | 8502 85c0 | 0f84 1211 | 0000 4c8b | 4c24 204c | 8b54 2428 | 4c89 5424 | 4848 896c 
  0x000001fa0ebc399c: 2420 4c8b | 5c24 3844 | 8b6c 2440 | 488b 7c24 | 588b 6f14 | 85ed 0f85 | 2e01 0000 | e91d 0200 
  0x000001fa0ebc39bc: 0041 8b68 | 1048 8bcd | 493b cb0f | 840d 0100 | 008b 4d08 | 488b fd4c | 3bdf 0f84 | fe00 0000 
  0x000001fa0ebc39dc: ;   {metadata('java/lang/String')}
  0x000001fa0ebc39dc: 81f9 1284 | 0020 0f85 | 6819 0000 | 410f be5b | 100f be6f | 103b dd0f | 8537 1c00 | 008b 5714 
  0x000001fa0ebc39fc: 418b 7b14 | 8b5a 0c8b | 4f0c 3bcb | 0f85 4219 | 0000 488b | da48 8d72 | 1048 8bdf | 488d 7f10 
  0x000001fa0ebc3a1c: 85c9 0f84 | 9d00 0000 | 8bc1 83e0 | 1f83 e1e0 | 0f84 4b00 | 0000 488d | 3c0f 488d | 340e 48f7 
  0x000001fa0ebc3a3c: d9c5 fe6f | 040f c5fe | 6f0c 0ec5 | fdef c1c4 | e27d 17c0 | 0f85 7200 | 0000 4883 | c120 75e1 
  0x000001fa0ebc3a5c: 85c0 0f84 | 5d00 0000 | c5fe 6f44 | 07e0 c5fe | 6f4c 06e0 | c5fd efc1 | c4e2 7d17 | c075 4deb 
  0x000001fa0ebc3a7c: 448b c883 | e1fc 7419 | 488d 3c0f | 488d 340e | 48f7 d98b | 1c0f 3b1c | 0e75 3148 | 83c1 0475 
  0x000001fa0ebc3a9c: f2a8 0274 | 120f b71f | 0fb7 0e3b | d975 1d48 | 8d7f 0248 | 8d76 02a8 | 0174 0a0f | b61f 0fb6 
  0x000001fa0ebc3abc: 0e3b d975 | 07b8 0100 | 0000 eb02 | 33c0 c5fd | efc0 c5f5 | efc9 85c0 | 0f84 7618 

  0x000001fa0ebc3ad8: ;   {no_reloc}
  0x000001fa0ebc3ad8: 0000 418b | 6814 85ed | 0f84 f400 | 0000 448b | 5d08 4d33 | d24f 8d14 | da4d 8b52 

  0x000001fa0ebc3af4: ;   {metadata('java/lang/NamedPackage')}
  0x000001fa0ebc3af4: 3849 bb58 | 7609 0001 | 0000 004d | 3bd3 0f85 | 8c15 0000 | 4c8b 5424 | 4845 8b42 | 1041 8b58 
  0x000001fa0ebc3b14: 1485 db0f | 85fa 0800 | 0045 8b50 | 1045 85d2 | 0f85 8909 | 0000 488b | 4424 20c5 | f877 4881 
  0x000001fa0ebc3b34: c4c0 0000 

  0x000001fa0ebc3b38: ;   {poll_return}
  0x000001fa0ebc3b38: 005d 493b | a750 0400 | 000f 87bb | 2500 00c3 | 418b 7808 

  0x000001fa0ebc3b4c: ;   {metadata('java/util/concurrent/ConcurrentHashMap$ReservationNode')}
  0x000001fa0ebc3b4c: 81ff 50d6 | 0020 0f84 | 8200 0000 

  0x000001fa0ebc3b58: ;   {metadata('java/util/concurrent/ConcurrentHashMap$ForwardingNode')}
  0x000001fa0ebc3b58: 81ff b339 | 0120 0f85 | 141f 0000 | 458b c244 | 896c 2440 | 4c89 5c24 | 384c 8b54 | 2420 4c89 
  0x000001fa0ebc3b78: 5424 304c | 8b54 2448 | 4c89 5424 | 284c 894c | 2420 488b | d34d 8bcb | 488b 6c24 | 3066 6690 
  0x000001fa0ebc3b98: ;   {optimized virtual_call}
  0x000001fa0ebc3b98: c5f8 77e8 

  0x000001fa0ebc3b9c: ; ImmutableOopMap {rbp=Oop [32]=Oop [40]=Oop [48]=Oop [56]=Oop [64]=NarrowOop }
                      ;*invokevirtual find {reexecute=0 rethrow=0 return_oop=1}
                      ; - java.util.concurrent.ConcurrentHashMap::get@93
                      ; - java.lang.ClassLoader::getNamedPackage@5
                      ; - java.lang.ClassLoader::postDefineClass@9
                      ; - java.lang.ClassLoader::defineClass@37
                      ; - java.security.SecureClassLoader::defineClass@12
  0x000001fa0ebc3b9c: e0ae 79ff 

  0x000001fa0ebc3ba0: ;   {other}
  0x000001fa0ebc3ba0: 0f1f 8400 | 1012 000b | 4885 c00f | 84c7 1200 | 008b 6814 | 85ed 0f84 | 9419 0000 | 4c8b 4c24 
  0x000001fa0ebc3bc0: 204c 8b54 | 2428 4c89 | 5424 484c | 8b54 2430 | 4c89 5424 | 20e9 0cff | ffff 498b | 87b8 0100 
  0x000001fa0ebc3be0: 004c 8bd0 | 4983 c218 | 4d3b 97c8 | 0100 000f | 83dd 1000 | 004d 8997 | b801 0000 | 410f 0d8a 
  0x000001fa0ebc3c00: 0001 0000 | 48c7 0001 

  0x000001fa0ebc3c08: ;   {metadata('java/lang/NamedPackage')}
  0x000001fa0ebc3c08: 0000 00c7 | 4008 cb2e | 0120 4489 | 600c 4c89 | 6010 4c89 | 4c24 284c | 895c 2430 | 4489 6c24 
  0x000001fa0ebc3c28: 3848 8944 | 2450 488b | 5424 3090 

  0x000001fa0ebc3c34: ;   {optimized virtual_call}
  0x000001fa0ebc3c34: c5f8 77e8 

  0x000001fa0ebc3c38: ; ImmutableOopMap {[32]=Oop [40]=Oop [48]=Oop [56]=NarrowOop [72]=Oop [80]=Oop }
                      ;*invokevirtual isEmpty {reexecute=0 rethrow=0 return_oop=0}
                      ; - java.lang.NamedPackage::<init>@5
                      ; - java.lang.ClassLoader::getNamedPackage@22
                      ; - java.lang.ClassLoader::postDefineClass@9
                      ; - java.lang.ClassLoader::defineClass@37
                      ; - java.security.SecureClassLoader::defineClass@12
  0x000001fa0ebc3c38: 04bf d5ff 

  0x000001fa0ebc3c3c: ;   {other}
  0x000001fa0ebc3c3c: 0f1f 8400 | ac12 000c | 85c0 742c | 448b 5424 | 3845 85d2 | 0f84 1a16 | 0000 498b | d266 6690 
  0x000001fa0ebc3c5c: ;   {optimized virtual_call}
  0x000001fa0ebc3c5c: c5f8 77e8 

  0x000001fa0ebc3c60: ; ImmutableOopMap {[32]=Oop [40]=Oop [48]=Oop [56]=NarrowOop [72]=Oop [80]=Oop }
                      ;*invokevirtual isNamed {reexecute=0 rethrow=0 return_oop=0}
                      ; - java.lang.NamedPackage::<init>@12
                      ; - java.lang.ClassLoader::getNamedPackage@22
                      ; - java.lang.ClassLoader::postDefineClass@9
                      ; - java.lang.ClassLoader::defineClass@37
                      ; - java.security.SecureClassLoader::defineClass@12
  0x000001fa0ebc3c60: dc65 eeff 

  0x000001fa0ebc3c64: ;   {other}
  0x000001fa0ebc3c64: 0f1f 8400 | d412 000d | 85c0 0f85 | 1416 0000 | 448b 5424 | 3849 8bea | 488b 5424 | 3066 6690 
  0x000001fa0ebc3c84: ;   {optimized virtual_call}
  0x000001fa0ebc3c84: c5f8 77e8 

  0x000001fa0ebc3c88: ; ImmutableOopMap {rbp=Oop [32]=Oop [40]=Oop [48]=Oop [56]=NarrowOop [72]=Oop [80]=Oop }
                      ;*invokevirtual intern {reexecute=0 rethrow=0 return_oop=1}
                      ; - java.lang.NamedPackage::<init>@47
                      ; - java.lang.ClassLoader::getNamedPackage@22
                      ; - java.lang.ClassLoader::postDefineClass@9
                      ; - java.lang.ClassLoader::defineClass@37
                      ; - java.security.SecureClassLoader::defineClass@12
  0x000001fa0ebc3c88: cc23 d1ff 

  0x000001fa0ebc3c8c: ;   {other}
  0x000001fa0ebc3c8c: 0f1f 8400 | fc12 000e | 488b d841 | 807f 4000 | 0f85 c20a | 0000 488b | 7424 504c | 8bdb 4489 
  0x000001fa0ebc3cac: 5e0c 4c8b | d64c 8bdb | 4d33 da49 | c1eb 144d | 85db 741f | 4885 db74 | 1a49 c1ea | 0948 b900 
  0x000001fa0ebc3ccc: 00de 15fa | 0100 0049 | 03ca 8039 | 020f 8518 | 0b00 0041 | 807f 4000 | 0f85 470a | 0000 8b7c 
  0x000001fa0ebc3cec: 2438 897e | 104c 8bd5 | 4c8b de4d | 33d3 49c1 | ea14 4d85 | d274 1e85 | ff74 1a49 | c1eb 0948 
  0x000001fa0ebc3d0c: b900 00de | 15fa 0100 | 0049 03cb | 8039 020f | 8585 0a00 | 004c 8b54 | 2428 458b | 5a38 4585 
  0x000001fa0ebc3d2c: db0f 84fd | 1400 0048 | 8974 2450 | 498b d34c | 8b44 2430 | 4c8b ce90 

  0x000001fa0ebc3d44: ;   {optimized virtual_call}
  0x000001fa0ebc3d44: c5f8 77e8 

  0x000001fa0ebc3d48: ; ImmutableOopMap {[32]=Oop [40]=Oop [56]=NarrowOop [72]=Oop [80]=Oop }
                      ;*invokevirtual putIfAbsent {reexecute=0 rethrow=0 return_oop=1}
                      ; - java.lang.ClassLoader::getNamedPackage@32
                      ; - java.lang.ClassLoader::postDefineClass@9
                      ; - java.lang.ClassLoader::defineClass@37
                      ; - java.security.SecureClassLoader::defineClass@12
  0x000001fa0ebc3d48: 74c9 daff 

  0x000001fa0ebc3d4c: ;   {other}
  0x000001fa0ebc3d4c: 0f1f 8400 | bc13 000f | 4885 c00f | 843f 0a00 | 0044 8b58 | 084d 33d2 | 4f8d 14da | 4d8b 5238 
  0x000001fa0ebc3d6c: ;   {metadata('java/lang/NamedPackage')}
  0x000001fa0ebc3d6c: 49bb 5876 | 0900 0100 | 0000 4d3b | d30f 84cd | 1400 00ba | deff ffff | 488b e890 

  0x000001fa0ebc3d88: ;   {runtime_call UncommonTrapBlob}
  0x000001fa0ebc3d88: c5f8 77e8 

  0x000001fa0ebc3d8c: ; ImmutableOopMap {rbp=Oop }
                      ;*checkcast {reexecute=0 rethrow=0 return_oop=0}
                      ; - java.lang.ClassLoader::getNamedPackage@35
                      ; - java.lang.ClassLoader::postDefineClass@9
                      ; - java.lang.ClassLoader::defineClass@37
                      ; - java.security.SecureClassLoader::defineClass@12
  0x000001fa0ebc3d8c: 7005 7aff 

  0x000001fa0ebc3d90: ;   {other}
  0x000001fa0ebc3d90: 0f1f 8400 | 0014 0010 | 4183 fb04 | 0f86 d617 | 0000 4180 | 7d11 610f | 853b f3ff | ff41 807d 
  0x000001fa0ebc3db0: 1276 0f85 | 30f3 ffff | 4180 7d13 | 610f 8525 | f3ff ff41 | 807d 142e | 0f85 1af3 

  0x000001fa0ebc3dcc: ;   {oop(a 'jdk/internal/loader/ClassLoaders$PlatformClassLoader'{0x000000008078b188})}
  0x000001fa0ebc3dcc: ffff 49ba | 88b1 7880 | 0000 0000 | 488b 4c24 | 2849 3bca | 0f85 fe1c 

  0x000001fa0ebc3de4: ;   {oop(a 'jdk/internal/loader/ClassLoaders$PlatformClassLoader'{0x000000008078b188})}
  0x000001fa0ebc3de4: 0000 48bb | 88b1 7880 | 0000 0000 | e9f8 f2ff | ff48 8bd0 

  0x000001fa0ebc3df8: ;   {optimized virtual_call}
  0x000001fa0ebc3df8: c5f8 77e8 

  0x000001fa0ebc3dfc: ; ImmutableOopMap {[32]=Oop [40]=Oop [72]=Oop [88]=Oop }
                      ;*invokevirtual initClassName {reexecute=0 rethrow=0 return_oop=1}
                      ; - java.lang.Class::getName@14
                      ; - java.lang.Class::getPackageName@40
                      ; - java.lang.ClassLoader::postDefineClass@2
                      ; - java.lang.ClassLoader::defineClass@37
                      ; - java.security.SecureClassLoader::defineClass@12
  0x000001fa0ebc3dfc: 58dc d2ff 

  0x000001fa0ebc3e00: ;   {other}
  0x000001fa0ebc3e00: 0f1f 8400 | 7014 0011 | 4c8b c048 | 85c0 0f85 | b7f6 ffff | baf6 ffff | ff66 6690 

  0x000001fa0ebc3e1c: ;   {runtime_call UncommonTrapBlob}
  0x000001fa0ebc3e1c: c5f8 77e8 

  0x000001fa0ebc3e20: ; ImmutableOopMap {}
                      ;*invokevirtual lastIndexOf {reexecute=0 rethrow=0 return_oop=0}
                      ; - java.lang.Class::getPackageName@47
                      ; - java.lang.ClassLoader::postDefineClass@2
                      ; - java.lang.ClassLoader::defineClass@37
                      ; - java.security.SecureClassLoader::defineClass@12
  0x000001fa0ebc3e20: dc04 7aff 

  0x000001fa0ebc3e24: ;   {other}
  0x000001fa0ebc3e24: 0f1f 8400 | 9414 0012 | 498b f6e9 | 3ff5 ffff | 498b f0e9 | 23f9 ffff 

  0x000001fa0ebc3e3c: ;   {oop(""{0x00000000807a35a0})}
  0x000001fa0ebc3e3c: 48be a035 | 7a80 0000 | 0000 e928 

  0x000001fa0ebc3e48: ;   {oop(""{0x00000000807a35a0})}
  0x000001fa0ebc3e48: f5ff ff48 | bea0 357a | 8000 0000 | 00e9 05f9 

  0x000001fa0ebc3e58: ;   {oop(""{0x00000000807a35a0})}
  0x000001fa0ebc3e58: ffff 48bf | a035 7a80 | 0000 0000 | e90d f5ff | ff44 8b5e | 1445 85db | 0f84 c6f4 | ffff 4d8b 
  0x000001fa0ebc3e78: 5728 498b | cb4d 85d2 | 0f84 6e13 | 0000 4d8b | 5f38 4b89 | 4c13 f849 | 83c2 f84d | 8957 28e9 
  0x000001fa0ebc3e98: a0f4 ffff | 4d8b 5748 | 4d8b 5f58 | f083 4424 | c000 8039 | 000f 84bc | f4ff ff44 | 8821 4d85 
  0x000001fa0ebc3eb8: d275 2049 | 8bd7 c5f8 | 7749 bae0 | 2968 3cff | 7f00 0041 

  0x000001fa0ebc3ecc: ;   {other}
  0x000001fa0ebc3ecc: ffd2 0f1f | 8400 0000 | 0000 e994 | f4ff ff4b | 894c 13f8 | 4983 c2f8 | 4d89 5748 | e982 f4ff 
  0x000001fa0ebc3eec: ff4c 63c5 | 4d8d 5010 | 498b ca48 | 83e1 f849 | 8bfd 4803 | f949 c1ea | 034d 2bca | 498b c948 
  0x000001fa0ebc3f0c: 33c0 4883 | f908 7f10 | 48ff c978 | 4f48 8904 | cf48 ffc9 | 7df7 eb44 | c5f5 efc9 | e90d 0000 
  0x000001fa0ebc3f2c: 00c5 fe7f | 0fc5 fe7f | 4f20 4883 | c740 4883 | e908 7ded | 4883 c104 | 7c0c c5fe | 7f0f 4883 
  0x000001fa0ebc3f4c: c720 4883 | e904 4883 | c104 7e10 | 48ff c9c5 | f9d6 0f48 | 83c7 0848 | ffc9 7df3 | c4e1 f97e 
  0x000001fa0ebc3f6c: c149 8bd3 | c5f8 7749 | ba40 9734 | 0efa 0100 | 0041 ffd2 

  0x000001fa0ebc3f80: ;   {other}
  0x000001fa0ebc3f80: 0f1f 8400 | 0000 0000 | e9a4 f3ff | ff45 8b43 | 0c45 8b53 | 084d 63e8 | 498b eb49 | c1e5 0241 
  0x000001fa0ebc3fa0: 81f8 0000 | 0400 0f87 | 0417 0000 | 498b b7b8 | 0100 004d | 8d4d 1749 | 83e1 f848 | 8bce 4903 
  0x000001fa0ebc3fc0: c949 3b8f | c801 0000 | 0f83 e216 | 0000 4989 | 8fb8 0100 | 000f 0d89 | 0001 0000 | 48c7 0601 
  0x000001fa0ebc3fe0: 0000 0044 | 8956 0844 | 8946 0c0f | 0d89 4001 | 0000 0f0d | 8980 0100 | 0049 8d4b | 1048 8bd6 
  0x000001fa0ebc4000: 4883 c210 | 4983 c507 | 49c1 ed03 | 4d8b c5c5 | f877 49ba | e09d 340e | fa01 0000 

  0x000001fa0ebc401c: ;   {other}
  0x000001fa0ebc401c: 41ff d20f | 1f84 0000 

  0x000001fa0ebc4024: ;   {oop(""{0x00000000807a35a0})}
  0x000001fa0ebc4024: 0000 0049 | b9a0 357a | 8000 0000 | 0049 b800 | 00de 15fa | 0100 00e9 | 0803 0000 | 498b 87b8 
  0x000001fa0ebc4044: 0100 004c | 8bd0 4983 | c218 448b | 5c24 4049 | 8bd3 4d3b | 97c8 0100 | 000f 8349 | 1700 004d 
  0x000001fa0ebc4064: 8997 b801 | 0000 410f | 0d8a 0001 | 0000 48c7 | 0001 0000 

  0x000001fa0ebc4078: ;   {metadata('java/util/ArrayList')}
  0x000001fa0ebc4078: 00c7 4008 | c2af 0020 | 4489 600c | 4489 6010 

  0x000001fa0ebc4088: ;   {oop(a 'java/lang/Object'[0] {0x00000000807bdc78})}
  0x000001fa0ebc4088: c740 1478 | dc7b 804c | 8bc8 448b | 510c 4585 

  0x000001fa0ebc4098: ;   {oop(""{0x00000000807a35a0})}
  0x000001fa0ebc4098: d276 1948 | bea0 357a | 8000 0000 | 0048 b800 | 00de 15fa | 0100 0045 | 33c0 eb44 

  0x000001fa0ebc40b4: ;   {oop(""{0x00000000807a35a0})}
  0x000001fa0ebc40b4: 49ba a035 | 7a80 0000 | 0000 49bb | 0000 de15 | fa01 0000 | e9de 0000 | 0066 6690 | 4889 6c24 
  0x000001fa0ebc40d4: 284c 8b74 | 2420 488b | 5c24 5048 | 8b74 2458 | 488b 4424 | 6048 8b7c | 2468 488b | 5424 704c 
  0x000001fa0ebc40f4: 8b4c 2478 

  0x000001fa0ebc40f8: ; implicit exception: dispatches to 0x000001fa0ebc5e84
  0x000001fa0ebc40f8: 448b 510c | 453b c20f | 83e3 1800 | 0046 8b54 | 8110 458b | 5a10 458b | 5310 4489 | 8424 8000 
  0x000001fa0ebc4118: 0000 4c89 | 4c24 7848 | 8954 2470 | 4889 7c24 | 6848 8944 | 2460 4889 | 7424 5848 | 895c 2450 
  0x000001fa0ebc4138: 4c89 7424 | 2048 8b6c | 2428 4d8b | c249 8bd1 

  0x000001fa0ebc4148: ;   {optimized virtual_call}
  0x000001fa0ebc4148: c5f8 77e8 

  0x000001fa0ebc414c: ; ImmutableOopMap {rbp=Oop [32]=Oop [48]=Oop [64]=NarrowOop [72]=Oop [80]=Oop [88]=Oop [104]=Oop [112]=Oop [120]=Oop }
                      ;*invokevirtual addAll {reexecute=0 rethrow=0 return_oop=0}
                      ; - java.security.CodeSource::getCertificates@57
                      ; - java.lang.ClassLoader::checkCerts@34
                      ; - java.lang.ClassLoader::preDefineClass@113
                      ; - java.lang.ClassLoader::defineClass@4
                      ; - java.security.SecureClassLoader::defineClass@12
  0x000001fa0ebc414c: 30a9 79ff 

  0x000001fa0ebc4150: ;   {other}
  0x000001fa0ebc4150: 0f1f 8400 | c017 0013 | 4d8b 9f58 | 0400 0044 | 8b54 2440 | 418b 4a10 | 448b 8424 | 8000 0000 
  0x000001fa0ebc4170: ; ImmutableOopMap {rcx=NarrowOop rbp=Oop [32]=Oop [48]=Oop [64]=NarrowOop [72]=Oop [80]=Oop [88]=Oop [104]=Oop [112]=Oop [120]=Oop }
                      ;*goto {reexecute=1 rethrow=0 return_oop=0}
                      ; - (reexecute) java.security.CodeSource::getCertificates@64
                      ; - java.lang.ClassLoader::checkCerts@34
                      ; - java.lang.ClassLoader::preDefineClass@113
                      ; - java.lang.ClassLoader::defineClass@4
                      ; - java.security.SecureClassLoader::defineClass@12
                      ;   {poll}
  0x000001fa0ebc4170: 41ff c041 | 8503 448b | 590c 453b | c30f 8c4d | ffff ff48 | 896c 2428 | 4c8b 7424 | 2048 8b5c 
  0x000001fa0ebc4190: 2450 4c8b | 5424 584c | 8b5c 2460 | 488b 7c24 | 6848 8b54 | 2470 4c8b | 4c24 7849 | 8b87 b801 
  0x000001fa0ebc41b0: 0000 4c8b | c049 83c0 | 104d 3b87 | c801 0000 | 0f83 7616 | 0000 4d89 | 87b8 0100 | 0041 0f0d 
  0x000001fa0ebc41d0: 8800 0100 | 0048 c700 | 0100 0000 | 410f 0d88 | 4001 0000 

  0x000001fa0ebc41e4: ;   {metadata('java/security/cert/Certificate'[])}
  0x000001fa0ebc41e4: c740 081b | 6100 2041 | 0f0d 8880 | 0100 0044 | 8960 0c48 | 8b6c 2428 | 4c89 7424 | 2048 895c 
  0x000001fa0ebc4204: 2450 4c89 | 5424 584c | 895c 2460 | 4889 7c24 | 6848 8954 | 2470 4c89 | 4c24 784c | 8bc0 488b 
  0x000001fa0ebc4224: 5424 7890 

  0x000001fa0ebc4228: ;   {optimized virtual_call}
  0x000001fa0ebc4228: c5f8 77e8 

  0x000001fa0ebc422c: ; ImmutableOopMap {rbp=Oop [32]=Oop [48]=Oop [64]=NarrowOop [72]=Oop [80]=Oop [88]=Oop [104]=Oop [112]=Oop }
                      ;*invokevirtual toArray {reexecute=0 rethrow=0 return_oop=1}
                      ; - java.security.CodeSource::getCertificates@73
                      ; - java.lang.ClassLoader::checkCerts@34
                      ; - java.lang.ClassLoader::preDefineClass@113
                      ; - java.lang.ClassLoader::defineClass@4
                      ; - java.security.SecureClassLoader::defineClass@12
  0x000001fa0ebc422c: 50a8 79ff 

  0x000001fa0ebc4230: ;   {other}
  0x000001fa0ebc4230: 0f1f 8400 | a018 0015 | 488b d844 

  0x000001fa0ebc423c: ;   {metadata('java/security/cert/Certificate'[])}
  0x000001fa0ebc423c: 8b50 0841 | 81fa 1b61 | 0020 0f85 | f019 0000 | 4180 7f40 | 000f 85c9 | 1100 008b | 7c24 404c 
  0x000001fa0ebc425c: 8b54 2470 | 4d8b da4c | 8bd3 4489 | 5714 4c8b | d34d 33d3 | 49c1 ea14 | 4d85 d274 | 1a49 c1eb 
  0x000001fa0ebc427c: 0948 b900 | 00de 15fa | 0100 0049 | 03cb 8039 | 020f 85c4 | 1100 0044 | 8b5b 0c44 | 8b53 084d 
  0x000001fa0ebc429c: 63c3 49c1 | e002 4181 | fb00 0004 | 000f 87da | 1500 0049 | 8bb7 b801 | 0000 4d8d | 4817 4983 
  0x000001fa0ebc42bc: e1f8 488b | ce49 03c9 | 493b 8fc8 | 0100 000f | 83b8 1500 | 0049 898f | b801 0000 | 0f0d 8900 
  0x000001fa0ebc42dc: 0100 0048 | c706 0100 | 0000 4489 | 5608 4489 | 5e0c 0f0d | 8940 0100 | 000f 0d89 | 8001 0000 
  0x000001fa0ebc42fc: 488b cb48 | 83c1 1048 | 8bd6 4883 | c210 4983 | c007 49c1 | e803 c5f8 | 7749 bae0 | 9d34 0efa 
  0x000001fa0ebc431c: 0100 0041 

  0x000001fa0ebc4320: ;   {other}
  0x000001fa0ebc4320: ffd2 0f1f | 8400 0000 | 0000 4889 | 6c24 284c | 8b74 2420 | 488b 5c24 | 504c 8b4c | 2458 4c8b 
  0x000001fa0ebc4340: 4424 6048 | 8b7c 2468 | 4c8b dee9 | 62f0 ffff | 33c9 894c | 2444 e9ea | edff ff4c | 8b54 2420 
  0x000001fa0ebc4360: 458b 5a3c | 4585 db0f | 8417 f4ff | ff4d 8b57 | 2849 8bcb | 4d85 d20f | 844b 1000 | 004d 8b5f 
  0x000001fa0ebc4380: 384b 894c | 13f8 4983 | c2f8 4d89 | 5728 e9f1 | f3ff ff44 | 8b5e 1445 | 85db 0f84 | 88f3 ffff 
  0x000001fa0ebc43a0: 4d8b 5728 | 498b cb4d | 85d2 0f84 | 4011 0000 | 4d8b 5f38 | 4b89 4c13 | f849 83c2 | f84d 8957 
  0x000001fa0ebc43c0: 28e9 62f3 | ffff 4d8b | 5748 4d8b | 5f58 f083 | 4424 c000 | 8039 000f | 847e f3ff | ff44 8821 
  0x000001fa0ebc43e0: 4d85 d275 | 2049 8bd7 | c5f8 7749 | bae0 2968 | 3cff 7f00 | 0041 ffd2 

  0x000001fa0ebc43f8: ;   {other}
  0x000001fa0ebc43f8: 0f1f 8400 | 0000 0000 | e956 f3ff | ff4b 894c | 13f8 4983 | c2f8 4d89 | 5748 e944 | f3ff ff8b 
  0x000001fa0ebc4418: 530c 448b | 5308 488b | eb4c 63c2 | 49c1 e002 | 81fa 0000 | 0400 0f87 | f512 0000 | 498b 87b8 
  0x000001fa0ebc4438: 0100 004d | 8d58 1749 | 83e3 f848 | 8bc8 4903 | cb49 3b8f | c801 0000 | 0f83 d312 | 0000 4989 
  0x000001fa0ebc4458: 8fb8 0100 | 000f 0d89 | 0001 0000 | 48c7 0001 | 0000 0044 | 8950 0889 | 500c 0f0d | 8940 0100 
  0x000001fa0ebc4478: 000f 0d89 | 8001 0000 | 488b f848 | 8d4b 1048 | 8bd7 4883 | c210 4983 | c007 49c1 | e803 c5f8 
  0x000001fa0ebc4498: 7749 bae0 | 9d34 0efa | 0100 0041 

  0x000001fa0ebc44a4: ;   {other}
  0x000001fa0ebc44a4: ffd2 0f1f | 8400 0000 | 0000 e960 | 0200 0049 | 8b87 b801 | 0000 4c8b | d849 83c3 | 1849 8bd8 
  0x000001fa0ebc44c4: 4d3b 9fc8 | 0100 000f | 83f1 1300 | 004d 899f | b801 0000 | 410f 0d8b | 0001 0000 | 48c7 0001 
  0x000001fa0ebc44e4: ;   {metadata('java/util/ArrayList')}
  0x000001fa0ebc44e4: 0000 00c7 | 4008 c2af | 0020 4489 | 600c 4489 | 6010 418b 

  0x000001fa0ebc44f8: ;   {oop(a 'java/lang/Object'[0] {0x00000000807bdc78})}
  0x000001fa0ebc44f8: 520c c740 | 1478 dc7b | 8048 8bc8 | 85d2 0f86 | 8c00 0000 | 4533 dbeb | 0d4c 8bcd | 488b 5c24 
  0x000001fa0ebc4518: 3048 8b4c | 2438 418b | 520c 443b | da0f 831d | 1500 0043 | 8b7c 9a10 

  0x000001fa0ebc4530: ; implicit exception: dispatches to 0x000001fa0ebc5efc
  0x000001fa0ebc4530: 448b 5710 

  0x000001fa0ebc4534: ; implicit exception: dispatches to 0x000001fa0ebc5f14
  0x000001fa0ebc4534: 458b 5210 | 4489 5c24 | 2c48 894c | 2438 4889 | 5c24 3044 | 8944 2428 | 498b e94d | 8bc2 488b 
  0x000001fa0ebc4554: d166 6690 

  0x000001fa0ebc4558: ;   {optimized virtual_call}
  0x000001fa0ebc4558: c5f8 77e8 

  0x000001fa0ebc455c: ; ImmutableOopMap {rbp=Oop [32]=Oop [40]=NarrowOop [48]=Oop [56]=Oop }
                      ;*invokevirtual addAll {reexecute=0 rethrow=0 return_oop=0}
                      ; - java.security.CodeSource::getCertificates@57
                      ; - java.lang.ClassLoader::postDefineClass@24
                      ; - java.lang.ClassLoader::defineClass@37
                      ; - java.security.SecureClassLoader::defineClass@12
  0x000001fa0ebc455c: 20a5 79ff 

  0x000001fa0ebc4560: ;   {other}
  0x000001fa0ebc4560: 0f1f 8400 | d01b 0016 | 498b 8f58 | 0400 0044 | 8b44 2428 | 458b 5010 | 448b 5c24 

  0x000001fa0ebc457c: ; ImmutableOopMap {r10=NarrowOop r8=NarrowOop rbp=Oop [32]=Oop [48]=Oop [56]=Oop }
                      ;*goto {reexecute=1 rethrow=0 return_oop=0}
                      ; - (reexecute) java.security.CodeSource::getCertificates@64
                      ; - java.lang.ClassLoader::postDefineClass@24
                      ; - java.lang.ClassLoader::defineClass@37
                      ; - java.security.SecureClassLoader::defineClass@12
  0x000001fa0ebc457c: 2c41 ffc3 

  0x000001fa0ebc4580: ;   {poll}
  0x000001fa0ebc4580: 8501 458b | 4a0c 453b | d97c 864c | 8bcd 488b | 5c24 3048 | 8b4c 2438 | 498b 87b8 | 0100 004c 
  0x000001fa0ebc45a0: 8bd0 4983 | c210 4d3b | 97c8 0100 | 000f 8354 | 1300 004d | 8997 b801 | 0000 410f | 0d8a 0001 
  0x000001fa0ebc45c0: 0000 48c7 | 0001 0000 | 0041 0f0d | 8a40 0100 

  0x000001fa0ebc45d0: ;   {metadata('java/security/cert/Certificate'[])}
  0x000001fa0ebc45d0: 00c7 4008 | 1b61 0020 | 410f 0d8a | 8001 0000 | 4489 600c | 4c89 4c24 | 2841 8be8 | 4889 5c24 
  0x000001fa0ebc45f0: 3048 894c | 2438 4c8b | c048 8b54 | 2438 6690 

  0x000001fa0ebc4600: ;   {optimized virtual_call}
  0x000001fa0ebc4600: c5f8 77e8 

  0x000001fa0ebc4604: ; ImmutableOopMap {rbp=NarrowOop [32]=Oop [40]=Oop [48]=Oop }
                      ;*invokevirtual toArray {reexecute=0 rethrow=0 return_oop=1}
                      ; - java.security.CodeSource::getCertificates@73
                      ; - java.lang.ClassLoader::postDefineClass@24
                      ; - java.lang.ClassLoader::defineClass@37
                      ; - java.security.SecureClassLoader::defineClass@12
  0x000001fa0ebc4604: 78a4 79ff 

  0x000001fa0ebc4608: ;   {other}
  0x000001fa0ebc4608: 0f1f 8400 | 781c 0018 | 488b d844 

  0x000001fa0ebc4614: ;   {metadata('java/security/cert/Certificate'[])}
  0x000001fa0ebc4614: 8b58 0841 | 81fb 1b61 | 0020 0f85 | fc15 0000 | 4180 7f40 | 000f 8569 | 0f00 008b | fd4c 8bd3 
  0x000001fa0ebc4634: 4c89 5424 | 384c 8b54 | 2430 4c8b | 5c24 384d | 8bc3 4489 | 4714 4d33 | da49 c1eb | 144d 85db 
  0x000001fa0ebc4654: 7416 49c1 | ea09 4c8b | 4424 604d | 03c2 4180 | 3802 0f85 | 610f 0000 | 4c8b 5424 | 3845 8b5a 
  0x000001fa0ebc4674: 0c45 8b52 | 0849 63eb | 48c1 e502 | 4181 fb00 | 0004 000f | 87b0 1200 | 0049 8b87 | b801 0000 
  0x000001fa0ebc4694: 4c8d 4517 | 4983 e0f8 | 4c8b c84d | 03c8 4d3b | 8fc8 0100 | 000f 838e | 1200 004d | 898f b801 
  0x000001fa0ebc46b4: 0000 410f | 0d89 0001 | 0000 48c7 | 0001 0000 | 0044 8950 | 0844 8958 | 0c41 0f0d | 8940 0100 
  0x000001fa0ebc46d4: 0041 0f0d | 8980 0100 | 0048 8bf8 | 488b 4c24 | 3848 83c1 | 1048 8bd7 | 4883 c210 | 4883 c507 
  0x000001fa0ebc46f4: 48c1 ed03 | 4c8b c5c5 | f877 49ba | e09d 340e | fa01 0000 

  0x000001fa0ebc4708: ;   {other}
  0x000001fa0ebc4708: 41ff d20f | 1f84 0000 | 0000 0048 | 8b54 2420 | 4c8b c790 

  0x000001fa0ebc471c: ;   {optimized virtual_call}
  0x000001fa0ebc471c: c5f8 77e8 

  0x000001fa0ebc4720: ; ImmutableOopMap {[32]=Oop }
                      ;*invokevirtual setSigners {reexecute=0 rethrow=0 return_oop=0}
                      ; - java.lang.ClassLoader::setSigners@2
                      ; - java.lang.ClassLoader::postDefineClass@35
                      ; - java.lang.ClassLoader::defineClass@37
                      ; - java.security.SecureClassLoader::defineClass@12
  0x000001fa0ebc4720: 5ca3 79ff 

  0x000001fa0ebc4724: ;   {other}
  0x000001fa0ebc4724: 0f1f 8400 | 941d 0019 | e9f9 f3ff | ff44 8b5e | 1045 85db | 0f84 acf5 | ffff 4d8b | 5728 498b 
  0x000001fa0ebc4744: cb4d 85d2 | 0f84 e20d | 0000 4d8b | 5f38 4b89 | 4c13 f849 | 83c2 f84d | 8957 28e9 | 86f5 ffff 
  0x000001fa0ebc4764: 488b 7424 | 5044 8b56 | 0c45 85d2 | 0f84 31f5 | ffff 4d8b | 5f28 498b | ca4d 85db | 0f84 8a0d 
  0x000001fa0ebc4784: 0000 4d8b | 5738 4b89 | 4c1a f849 | 83c3 f84d | 895f 28e9 | 0bf5 ffff | 4c8b 4c24 | 28e9 62f3 
  0x000001fa0ebc47a4: ffff 4d8b | 5748 4d8b | 5f58 f083 | 4424 c000 | 8039 000f | 8464 f5ff | ff44 8821 | 4d85 d275 
  0x000001fa0ebc47c4: 2049 8bd7 | c5f8 7749 | bae0 2968 | 3cff 7f00 | 0041 ffd2 

  0x000001fa0ebc47d8: ;   {other}
  0x000001fa0ebc47d8: 0f1f 8400 | 0000 0000 | e93c f5ff | ff4b 894c | 13f8 4983 | c2f8 4d89 | 5748 e92a | f5ff ff4d 
  0x000001fa0ebc47f8: 8b57 584d | 8b5f 48f0 | 8344 24c0 | 0080 3900 | 0f84 d1f4 | ffff 4488 | 214d 85db | 7520 498b 
  0x000001fa0ebc4818: d7c5 f877 | 49ba e029 | 683c ff7f | 0000 41ff 

  0x000001fa0ebc4828: ;   {other}
  0x000001fa0ebc4828: d20f 1f84 | 0000 0000 | 00e9 a9f4 | ffff 4b89 | 4c1a f849 | 83c3 f84d | 895f 48e9 | 97f4 ffff 
  0x000001fa0ebc4848: 4c63 c54d | 8d48 1049 | 8bc9 4883 | e1f8 488b | fb48 03f9 | 49c1 e903 | 4d2b d949 | 8bcb 4833 
  0x000001fa0ebc4868: c048 83f9 | 087f 1048 | ffc9 784f | 4889 04cf | 48ff c97d | f7eb 44c5 | fdef c0e9 | 0d00 0000 
  0x000001fa0ebc4888: c5fe 7f07 | c5fe 7f47 | 2048 83c7 | 4048 83e9 | 087d ed48 | 83c1 047c | 0cc5 fe7f | 0748 83c7 
  0x000001fa0ebc48a8: 2048 83e9 | 0448 83c1 | 047e 1048 | ffc9 c5f9 | d607 4883 | c708 48ff | c97d f349 | 8bca c5f8 
  0x000001fa0ebc48c8: 7749 ba40 | 9734 0efa | 0100 0041 

  0x000001fa0ebc48d4: ;   {other}
  0x000001fa0ebc48d4: ffd2 0f1f | 8400 0000 | 0000 e93a | eeff ff4c | 8b5c 2430 | 41c6 4311 | 0133 c04c | 8b4c 2428 
  0x000001fa0ebc48f4: 8b7c 2438 | 448b 6c24 | 3ce9 91ef | ffff 33c0 | e98a efff | ff45 3bc3 | 0f85 ed00 | 0000 458d 
  0x000001fa0ebc4914: 50ff 453b | d00f 8391 | 1100 0045 | 85db 0f86 | 8811 0000 | 418d 73ff | 33ff eb37 | 8bbc 2480 
  0x000001fa0ebc4934: 0000 00ff | c73b bc24 | 9400 0000 | 0f8d d600 | 0000 488b | 4c24 704c | 8b4c 2450 | 448b 8424 
  0x000001fa0ebc4954: 9400 0000 | 448b 9c24 | 9000 0000 | 8bb4 2498 | 0000 008b | 5cb9 1041 | 3bf3 0f83 | e90f 0000 
  0x000001fa0ebc4974: 85db 0f84 | e10f 0000 | 4c8b d333 | ed48 894c | 2470 4489 | 8424 9400 | 0000 4489 | 9c24 9000 
  0x000001fa0ebc4994: 0000 89b4 | 2498 0000 | 0089 bc24 | 8000 0000 | 899c 2484 | 0000 004c | 8994 24a0 | 0000 00eb 
  0x000001fa0ebc49b4: 1066 6666 | 0f1f 8400 | 0000 0000 | 4c8b 4c24 | 5045 8b5c | a910 4c89 | 4c24 504d | 8bc3 488b 
  0x000001fa0ebc49d4: ;   {no_reloc}
  0x000001fa0ebc49d4: 9424 a000 | 0000 6690 

  0x000001fa0ebc49dc: ;   {optimized virtual_call}
  0x000001fa0ebc49dc: c5f8 77e8 

  0x000001fa0ebc49e0: ; ImmutableOopMap {[32]=Oop [40]=Oop [48]=Oop [72]=Oop [80]=Oop [88]=Oop [112]=Oop [132]=NarrowOop [160]=Oop }
                      ;*invokevirtual equals {reexecute=0 rethrow=0 return_oop=0}
                      ; - java.lang.ClassLoader::compareCerts@81
                      ; - java.lang.ClassLoader::checkCerts@80
                      ; - java.lang.ClassLoader::preDefineClass@113
                      ; - java.lang.ClassLoader::defineClass@4
                      ; - java.security.SecureClassLoader::defineClass@12
  0x000001fa0ebc49e0: 9ca0 79ff 

  0x000001fa0ebc49e4: ;   {other}
  0x000001fa0ebc49e4: 0f1f 8400 | 5420 001a | 85c0 0f85 | 3cff ffff | ffc5 3bac | 2490 0000 | 007c c1ba | 45ff ffff 
  0x000001fa0ebc4a04: 488b 6c24 | 2866 6690 

  0x000001fa0ebc4a0c: ;   {runtime_call UncommonTrapBlob}
  0x000001fa0ebc4a0c: c5f8 77e8 

  0x000001fa0ebc4a10: ; ImmutableOopMap {rbp=Oop [32]=Oop [48]=Oop [72]=Oop }
                      ;*ifne {reexecute=1 rethrow=0 return_oop=0}
                      ; - (reexecute) java.lang.ClassLoader::checkCerts@83
                      ; - java.lang.ClassLoader::preDefineClass@113
                      ; - java.lang.ClassLoader::defineClass@4
                      ; - java.security.SecureClassLoader::defineClass@12
  0x000001fa0ebc4a10: ecf8 79ff 

  0x000001fa0ebc4a14: ;   {other}
  0x000001fa0ebc4a14: 0f1f 8400 | 8420 001b | 4533 dbeb | 1644 8b5c | 2478 41ff | c344 3b9c | 2490 0000 | 000f 8d01 
  0x000001fa0ebc4a34: eaff ff4c | 8b54 2450 | 478b 4c9a | 1045 85c9 | 0f84 560f | 0000 4d8b | c133 ed44 | 895c 2478 
  0x000001fa0ebc4a54: 4489 4c24 | 7c4c 8984 | 2498 0000 | 004c 8b54 | 2470 458b | 5caa 104d | 8bc3 488b | 9424 9800 
  0x000001fa0ebc4a74: 0000 6690 

  0x000001fa0ebc4a78: ;   {optimized virtual_call}
  0x000001fa0ebc4a78: c5f8 77e8 

  0x000001fa0ebc4a7c: ; ImmutableOopMap {[32]=Oop [40]=Oop [48]=Oop [72]=Oop [80]=Oop [88]=Oop [112]=Oop [124]=NarrowOop [152]=Oop }
                      ;*invokevirtual equals {reexecute=0 rethrow=0 return_oop=0}
                      ; - java.lang.ClassLoader::compareCerts@166
                      ; - java.lang.ClassLoader::checkCerts@80
                      ; - java.lang.ClassLoader::preDefineClass@113
                      ; - java.lang.ClassLoader::defineClass@4
                      ; - java.security.SecureClassLoader::defineClass@12
  0x000001fa0ebc4a7c: 00a0 79ff 

  0x000001fa0ebc4a80: ;   {other}
  0x000001fa0ebc4a80: 0f1f 8400 | f020 001c | 85c0 7595 | ffc5 3bac | 2494 0000 | 007c cae9 | 63ff ffff | 4c8b 4c24 
  0x000001fa0ebc4aa0: 204c 8b54 | 2428 4c89 | 5424 4848 | 896c 2420 | 4c8b 5c24 | 3844 8b6c | 2440 448b | 5424 5048 
  0x000001fa0ebc4ac0: 8b5c 2458 | e91f eeff 

  0x000001fa0ebc4ac8: ;   {metadata('java/security/SecureClassLoader$CodeSourceKey')}
  0x000001fa0ebc4ac8: ff48 ba58 | 8709 0001 | 0000 0090 

  0x000001fa0ebc4ad4: ;   {runtime_call _new_instance_Java}
  0x000001fa0ebc4ad4: c5f8 77e8 

  0x000001fa0ebc4ad8: ; ImmutableOopMap {rbp=Oop [32]=Oop [40]=Oop [48]=Oop }
                      ;*new {reexecute=0 rethrow=0 return_oop=1}
                      ; - java.security.SecureClassLoader::getProtectionDomain@6
                      ; - java.security.SecureClassLoader::defineClass@9
  0x000001fa0ebc4ad8: a49f 85ff 

  0x000001fa0ebc4adc: ;   {other}
  0x000001fa0ebc4adc: 0f1f 8400 | 4c21 001d | 4c8b c0e9 | 2ee4 ffff 

  0x000001fa0ebc4aec: ;   {metadata('java/security/SecureClassLoader$1')}
  0x000001fa0ebc4aec: 48ba 9889 | 0900 0100 | 0000 4c89 | 4424 5090 

  0x000001fa0ebc4afc: ;   {runtime_call _new_instance_Java}
  0x000001fa0ebc4afc: c5f8 77e8 

  0x000001fa0ebc4b00: ; ImmutableOopMap {rbp=NarrowOop [32]=Oop [40]=Oop [48]=Oop [80]=Oop }
                      ;*new {reexecute=0 rethrow=0 return_oop=1}
                      ; - java.security.SecureClassLoader::getProtectionDomain@20
                      ; - java.security.SecureClassLoader::defineClass@9
  0x000001fa0ebc4b00: 7c9f 85ff 

  0x000001fa0ebc4b04: ;   {other}
  0x000001fa0ebc4b04: 0f1f 8400 | 7421 001e | 4c8b c84c | 8b44 2450 | e94a e4ff | ff44 8954 | 2478 448b | 4c24 4044 
  0x000001fa0ebc4b24: 894c 245c | 4889 5c24 | 70c5 fb11 | 4424 684c | 8944 2460 | 448b 5424 | 4444 8954 | 2458 4489 
  0x000001fa0ebc4b44: 5c24 5444 | 896c 2450 | 4c8b 5424 | 484c 8954 | 2440 4c89 | 7424 2048 | 8b6c 2428 

  0x000001fa0ebc4b60: ;   {metadata('java/lang/String')}
  0x000001fa0ebc4b60: 48ba 9020 | 0400 0100 | 0000 6690 

  0x000001fa0ebc4b6c: ;   {runtime_call _new_instance_Java}
  0x000001fa0ebc4b6c: c5f8 77e8 

  0x000001fa0ebc4b70: ; ImmutableOopMap {rbp=Oop [32]=Oop [48]=Oop [64]=Oop [80]=NarrowOop [92]=NarrowOop [96]=Oop [104]=Derived_oop_[96] [112]=Oop }
                      ;*new {reexecute=0 rethrow=0 return_oop=1}
                      ; - java.lang.StringLatin1::newString@7
                      ; - java.lang.String::substring@41
                      ; - java.lang.ClassLoader::checkCerts@21
                      ; - java.lang.ClassLoader::preDefineClass@113
                      ; - java.lang.ClassLoader::defineClass@4
                      ; - java.security.SecureClassLoader::defineClass@12
  0x000001fa0ebc4b70: 0c9f 85ff 

  0x000001fa0ebc4b74: ;   {other}
  0x000001fa0ebc4b74: 0f1f 8400 | e421 001f | 4889 6c24 | 284c 8b74 | 2420 4c8b | 5424 404c | 8954 2448 | 448b 6c24 
  0x000001fa0ebc4b94: 5044 8b5c | 2454 448b | 4424 5844 | 8944 2444 | 4c8b 4424 | 6048 8b4c | 2468 488b | 5c24 7044 
  0x000001fa0ebc4bb4: 8b54 245c | 4489 5424 | 4044 8b54 | 2478 488b | f0c4 e1f9 | 6ec1 e9ea | e5ff ff48 | 89bc 2488 
  0x000001fa0ebc4bd4: 0000 004c | 898c 2480 | 0000 0048 | 8974 2478 | 4489 5424 | 7044 8b5c | 2440 4489 | 5c24 5448 
  0x000001fa0ebc4bf4: 895c 2468 | c5fb 1144 | 2460 4c89 | 4424 5844 | 8b54 2444 | 4489 5424 | 504c 8974 | 2440 4c8b 
  0x000001fa0ebc4c14: 5424 284c | 8954 2420 

  0x000001fa0ebc4c1c: ;   {metadata({type array byte})}
  0x000001fa0ebc4c1c: 48ba c80a | 0400 0100 | 0000 448b | 4424 7090 

  0x000001fa0ebc4c2c: ;   {runtime_call _new_array_nozero_Java}
  0x000001fa0ebc4c2c: c5f8 77e8 

  0x000001fa0ebc4c30: ; ImmutableOopMap {[32]=Oop [48]=Oop [64]=Oop [72]=Oop [84]=NarrowOop [88]=Oop [96]=Derived_oop_[88] [104]=Oop [120]=Oop }
                      ;*newarray {reexecute=0 rethrow=0 return_oop=1}
                      ; - java.util.Arrays::copyOfRangeByte@10
                      ; - java.util.Arrays::copyOfRange@13
                      ; - java.lang.StringLatin1::newString@16
                      ; - java.lang.String::substring@41
                      ; - java.lang.ClassLoader::checkCerts@21
                      ; - java.lang.ClassLoader::preDefineClass@113
                      ; - java.lang.ClassLoader::defineClass@4
                      ; - java.security.SecureClassLoader::defineClass@12
  0x000001fa0ebc4c30: 4ca4 85ff 

  0x000001fa0ebc4c34: ;   {other}
  0x000001fa0ebc4c34: 0f1f 8400 | a422 0020 | 4c8b 5424 | 204c 8954 | 2428 4c8b | 7424 4044 | 8b5c 2450 | 4489 5c24 
  0x000001fa0ebc4c54: 44c5 fb10 | 4424 6048 | 8b5c 2468 | 448b 5424 | 5444 8954 | 2440 448b | 5424 7048 | 8b74 2478 
  0x000001fa0ebc4c74: 4c8b 8c24 | 8000 0000 | 488b bc24 | 8800 0000 | 4c8b e8e9 | 5ee6 ffff | 4489 4c24 | 3889 4c24 
  0x000001fa0ebc4c94: 3489 5c24 | 3048 8b6c 

  0x000001fa0ebc4c9c: ;   {metadata('java/lang/String')}
  0x000001fa0ebc4c9c: 2448 48ba | 9020 0400 | 0100 0000 

  0x000001fa0ebc4ca8: ;   {runtime_call _new_instance_Java}
  0x000001fa0ebc4ca8: c5f8 77e8 

  0x000001fa0ebc4cac: ; ImmutableOopMap {rbp=Oop [32]=Oop [40]=Oop [48]=NarrowOop [144]=Oop }
                      ;*new {reexecute=0 rethrow=0 return_oop=1}
                      ; - java.lang.StringLatin1::newString@7
                      ; - java.lang.String::substring@41
                      ; - java.lang.Class::getPackageName@62
                      ; - java.lang.ClassLoader::postDefineClass@2
                      ; - java.lang.ClassLoader::defineClass@37
                      ; - java.security.SecureClassLoader::defineClass@12
  0x000001fa0ebc4cac: d09d 85ff 

  0x000001fa0ebc4cb0: ;   {other}
  0x000001fa0ebc4cb0: 0f1f 8400 | 2023 0021 | 4889 6c24 | 488b 5c24 | 308b 4c24 | 3444 8b4c | 2438 488b | f0e9 d9e8 
  0x000001fa0ebc4cd0: ffff 4489 | 6c24 384c | 895c 2430 | 4c89 4c24 

  0x000001fa0ebc4ce0: ;   {metadata('java/lang/NamedPackage')}
  0x000001fa0ebc4ce0: 2848 ba58 | 7609 0001 | 0000 0090 

  0x000001fa0ebc4cec: ;   {runtime_call _new_instance_Java}
  0x000001fa0ebc4cec: c5f8 77e8 

  0x000001fa0ebc4cf0: ; ImmutableOopMap {[32]=Oop [40]=Oop [48]=Oop [56]=NarrowOop [72]=Oop }
                      ;*new {reexecute=0 rethrow=0 return_oop=1}
                      ; - java.lang.ClassLoader::getNamedPackage@16
                      ; - java.lang.ClassLoader::postDefineClass@9
                      ; - java.lang.ClassLoader::defineClass@37
                      ; - java.security.SecureClassLoader::defineClass@12
  0x000001fa0ebc4cf0: 8c9d 85ff 

  0x000001fa0ebc4cf4: ;   {other}
  0x000001fa0ebc4cf4: 0f1f 8400 | 6423 0022 | e928 efff | ffba e4ff | ffff 4489 | 5424 2044 | 8b54 2438 | 4489 5424 
  0x000001fa0ebc4d14: 2444 8b5c | 243c 4489 | 5c24 3848 | 895c 2458 | 4c89 7424 | 6044 8b5c | 2440 4489 | 5c24 3c44 
  0x000001fa0ebc4d34: 896c 2444 

  0x000001fa0ebc4d38: ;   {runtime_call UncommonTrapBlob}
  0x000001fa0ebc4d38: c5f8 77e8 

  0x000001fa0ebc4d3c: ; ImmutableOopMap {[40]=Oop [48]=Oop [60]=NarrowOop [68]=NarrowOop [72]=Oop [88]=Oop [96]=Oop }
                      ;*baload {reexecute=0 rethrow=0 return_oop=0}
                      ; - java.lang.StringLatin1::lastIndexOf@24
                      ; - java.lang.String::lastIndexOf@13
                      ; - java.lang.String::lastIndexOf@8
                      ; - java.lang.ClassLoader::checkCerts@3
                      ; - java.lang.ClassLoader::preDefineClass@113
                      ; - java.lang.ClassLoader::defineClass@4
                      ; - java.security.SecureClassLoader::defineClass@12
  0x000001fa0ebc4d3c: c0f5 79ff 

  0x000001fa0ebc4d40: ;   {other}
  0x000001fa0ebc4d40: 0f1f 8400 | b023 0023 | 4889 7c24 | 704c 895c | 2468 4c89 | 5424 5848 | 8974 2450 | 4489 4c24 
  0x000001fa0ebc4d60: 384c 8b54 | 2420 4c89 | 5424 304c | 8b54 2448 | 4c89 5424 

  0x000001fa0ebc4d74: ;   {metadata({type array byte})}
  0x000001fa0ebc4d74: 2048 bac8 | 0a04 0001 | 0000 0045 | 8bc1 6690 

  0x000001fa0ebc4d84: ;   {runtime_call _new_array_nozero_Java}
  0x000001fa0ebc4d84: c5f8 77e8 

  0x000001fa0ebc4d88: ; ImmutableOopMap {[32]=Oop [40]=Oop [48]=Oop [80]=Oop [144]=Oop [88]=Derived_oop_[144] }
                      ;*newarray {reexecute=0 rethrow=0 return_oop=1}
                      ; - java.util.Arrays::copyOfRangeByte@10
                      ; - java.util.Arrays::copyOfRange@13
                      ; - java.lang.StringLatin1::newString@16
                      ; - java.lang.String::substring@41
                      ; - java.lang.Class::getPackageName@62
                      ; - java.lang.ClassLoader::postDefineClass@2
                      ; - java.lang.ClassLoader::defineClass@37
                      ; - java.security.SecureClassLoader::defineClass@12
  0x000001fa0ebc4d88: f4a2 85ff 

  0x000001fa0ebc4d8c: ;   {other}
  0x000001fa0ebc4d8c: 0f1f 8400 | fc23 0024 | 4c8b 5424 | 204c 8954 | 2448 4c8b | 5424 304c | 8954 2420 | 448b 4c24 
  0x000001fa0ebc4dac: 3848 8b74 | 2450 4c8b | 5424 584c | 8b5c 2468 | 488b 7c24 | 7048 8bd8 | e912 e9ff | ff4c 8994 
  0x000001fa0ebc4dcc: 2480 0000 | 0048 8974 | 2478 448b | 4c24 4044 | 894c 2470 | 4889 5c24 | 68c5 fb11 | 4424 604c 
  0x000001fa0ebc4dec: 8944 2458 | 448b 5424 | 4444 8954 | 2454 4489 | 6c24 504c | 8b54 2448 | 4c89 5424 | 404c 8974 
  0x000001fa0ebc4e0c: 2420 488b 

  0x000001fa0ebc4e10: ;   {metadata({type array byte})}
  0x000001fa0ebc4e10: 6c24 2848 | bac8 0a04 | 0001 0000 | 0045 8bc3 

  0x000001fa0ebc4e20: ;   {runtime_call _new_array_nozero_Java}
  0x000001fa0ebc4e20: c5f8 77e8 

  0x000001fa0ebc4e24: ; ImmutableOopMap {rbp=Oop [32]=Oop [48]=Oop [64]=Oop [80]=NarrowOop [88]=Oop [96]=Derived_oop_[88] [104]=Oop [112]=NarrowOop [120]=Oop }
                      ;*invokevirtual clone {reexecute=1 rethrow=0 return_oop=1}
                      ; - (reexecute) java.util.Arrays::copyOfRange@18
                      ; - java.lang.StringLatin1::newString@16
                      ; - java.lang.String::substring@41
                      ; - java.lang.ClassLoader::checkCerts@21
                      ; - java.lang.ClassLoader::preDefineClass@113
                      ; - java.lang.ClassLoader::defineClass@4
                      ; - java.security.SecureClassLoader::defineClass@12
  0x000001fa0ebc4e24: 58a2 85ff 

  0x000001fa0ebc4e28: ;   {other}
  0x000001fa0ebc4e28: 0f1f 8400 | 9824 0025 | 4889 6c24 | 284c 8b74 | 2420 4c8b | 5424 404c | 8954 2448 | 448b 5c24 
  0x000001fa0ebc4e48: 5444 895c | 2444 c5fb | 1044 2460 | 488b 5c24 | 6844 8b54 | 2470 4489 | 5424 4048 | 8b74 2478 
  0x000001fa0ebc4e68: 4c8b 9424 | 8000 0000 | 488b f8e9 | aae3 ffff | 4c8b 4c24 | 204c 8b54 | 2428 4c89 | 5424 4848 
  0x000001fa0ebc4e88: 896c 2420 | 4c8b 5c24 | 3844 8b6c | 2440 e93f | edff ffba | e4ff ffff | 488b 6c24 | 204c 8b54 
  0x000001fa0ebc4ea8: 2448 4c89 | 5424 304c | 8944 2448 | 895c 2458 | 4489 4c24 | 5c66 6690 

  0x000001fa0ebc4ec0: ;   {runtime_call UncommonTrapBlob}
  0x000001fa0ebc4ec0: c5f8 77e8 

  0x000001fa0ebc4ec4: ; ImmutableOopMap {rbp=Oop [40]=Oop [48]=Oop [72]=Oop [88]=NarrowOop }
                      ;*baload {reexecute=0 rethrow=0 return_oop=0}
                      ; - java.lang.StringLatin1::lastIndexOf@24
                      ; - java.lang.String::lastIndexOf@13
                      ; - java.lang.String::lastIndexOf@8
                      ; - java.lang.Class::getPackageName@47
                      ; - java.lang.ClassLoader::postDefineClass@2
                      ; - java.lang.ClassLoader::defineClass@37
                      ; - java.security.SecureClassLoader::defineClass@12
  0x000001fa0ebc4ec4: 38f4 79ff 

  0x000001fa0ebc4ec8: ;   {other}
  0x000001fa0ebc4ec8: 0f1f 8400 | 3825 0026 | 4c89 4c24 | 584c 8954 | 2450 4889 | 7424 3889 | 5c24 3048 | 8b6c 2448 
  0x000001fa0ebc4ee8: ;   {metadata({type array byte})}
  0x000001fa0ebc4ee8: 48ba c80a | 0400 0100 | 0000 448b | c166 6690 

  0x000001fa0ebc4ef8: ;   {runtime_call _new_array_nozero_Java}
  0x000001fa0ebc4ef8: c5f8 77e8 

  0x000001fa0ebc4efc: ; ImmutableOopMap {rbp=Oop [32]=Oop [40]=Oop [48]=NarrowOop [56]=Oop [144]=Oop [80]=Derived_oop_[144] }
                      ;*invokevirtual clone {reexecute=1 rethrow=0 return_oop=1}
                      ; - (reexecute) java.util.Arrays::copyOfRange@18
                      ; - java.lang.StringLatin1::newString@16
                      ; - java.lang.String::substring@41
                      ; - java.lang.Class::getPackageName@62
                      ; - java.lang.ClassLoader::postDefineClass@2
                      ; - java.lang.ClassLoader::defineClass@37
                      ; - java.security.SecureClassLoader::defineClass@12
  0x000001fa0ebc4efc: 80a1 85ff 

  0x000001fa0ebc4f00: ;   {other}
  0x000001fa0ebc4f00: 0f1f 8400 | 7025 0027 | 4889 6c24 | 4848 8b74 | 2438 4c8b | 5424 504c | 8b4c 2458 | 488b f8e9 
  0x000001fa0ebc4f20: f5e6 ffff | baf6 ffff | ff48 8bef | 4c89 5c24 | 2066 6690 

  0x000001fa0ebc4f34: ;   {runtime_call UncommonTrapBlob}
  0x000001fa0ebc4f34: c5f8 77e8 

  0x000001fa0ebc4f38: ; ImmutableOopMap {rbp=Oop [32]=Oop }
                      ;*invokevirtual putIfAbsent {reexecute=0 rethrow=0 return_oop=0}
                      ; - java.lang.ClassLoader::checkCerts@62
                      ; - java.lang.ClassLoader::preDefineClass@113
                      ; - java.lang.ClassLoader::defineClass@4
                      ; - java.security.SecureClassLoader::defineClass@12
  0x000001fa0ebc4f38: c4f3 79ff 

  0x000001fa0ebc4f3c: ;   {other}
  0x000001fa0ebc4f3c: 0f1f 8400 | ac25 0028 | baf6 ffff | ff66 6690 

  0x000001fa0ebc4f4c: ;   {runtime_call UncommonTrapBlob}
  0x000001fa0ebc4f4c: c5f8 77e8 

  0x000001fa0ebc4f50: ; ImmutableOopMap {rbp=NarrowOop }
                      ;*invokevirtual toExternalForm {reexecute=0 rethrow=0 return_oop=0}
                      ; - java.net.URL::toExternalForm@5
                      ; - java.net.URL::toString@1
                      ; - java.lang.ClassLoader::defineClassSourceLocation@22
                      ; - java.lang.ClassLoader::defineClass@12
                      ; - java.security.SecureClassLoader::defineClass@12
  0x000001fa0ebc4f50: acf3 79ff 

  0x000001fa0ebc4f54: ;   {other}
  0x000001fa0ebc4f54: 0f1f 8400 | c425 0029 | baf6 ffff | ff48 8beb 

  0x000001fa0ebc4f64: ;   {runtime_call UncommonTrapBlob}
  0x000001fa0ebc4f64: c5f8 77e8 

  0x000001fa0ebc4f68: ; ImmutableOopMap {rbp=Oop }
                      ;*invokevirtual get {reexecute=0 rethrow=0 return_oop=0}
                      ; - java.lang.ClassLoader::getNamedPackage@5
                      ; - java.lang.ClassLoader::postDefineClass@9
                      ; - java.lang.ClassLoader::defineClass@37
                      ; - java.security.SecureClassLoader::defineClass@12
  0x000001fa0ebc4f68: 94f3 79ff 

  0x000001fa0ebc4f6c: ;   {other}
  0x000001fa0ebc4f6c: 0f1f 8400 | dc25 002a | bade ffff | ff4c 8944 | 2440 4c89 | 4c24 4890 

  0x000001fa0ebc4f84: ;   {runtime_call UncommonTrapBlob}
  0x000001fa0ebc4f84: c5f8 77e8 

  0x000001fa0ebc4f88: ; ImmutableOopMap {rbp=NarrowOop [32]=Oop [40]=Oop [48]=Oop [64]=Oop [72]=Oop }
                      ;*invokeinterface computeIfAbsent {reexecute=0 rethrow=0 return_oop=0}
                      ; - java.security.SecureClassLoader::getProtectionDomain@28
                      ; - java.security.SecureClassLoader::defineClass@9
  0x000001fa0ebc4f88: 74f3 79ff 

  0x000001fa0ebc4f8c: ;   {other}
  0x000001fa0ebc4f8c: 0f1f 8400 | fc25 002b | ba45 ffff | ff48 8b6c | 2428 6690 

  0x000001fa0ebc4fa0: ;   {runtime_call UncommonTrapBlob}
  0x000001fa0ebc4fa0: c5f8 77e8 

  0x000001fa0ebc4fa4: ; ImmutableOopMap {rbp=Oop [32]=Oop [48]=Oop [72]=Oop }
                      ;*ifeq {reexecute=1 rethrow=0 return_oop=0}
                      ; - (reexecute) java.lang.ClassLoader::checkName@8
                      ; - java.lang.ClassLoader::preDefineClass@1
                      ; - java.lang.ClassLoader::defineClass@4
                      ; - java.security.SecureClassLoader::defineClass@12
  0x000001fa0ebc4fa4: 58f3 79ff 

  0x000001fa0ebc4fa8: ;   {other}
  0x000001fa0ebc4fa8: 0f1f 8400 | 1826 002c | bace ffff | ff48 8b6c | 2428 4489 | 6c24 5844 | 8954 245c 

  0x000001fa0ebc4fc4: ;   {runtime_call UncommonTrapBlob}
  0x000001fa0ebc4fc4: c5f8 77e8 

  0x000001fa0ebc4fc8: ; ImmutableOopMap {rbp=Oop [32]=Oop [48]=Oop [72]=Oop [88]=NarrowOop }
                      ;*invokestatic indexOfChar {reexecute=0 rethrow=0 return_oop=0}
                      ; - java.lang.StringLatin1::indexOf@33
                      ; - java.lang.String::indexOf@17
                      ; - java.lang.String::indexOf@3
                      ; - java.lang.ClassLoader::checkName@16
                      ; - java.lang.ClassLoader::preDefineClass@1
                      ; - java.lang.ClassLoader::defineClass@4
                      ; - java.security.SecureClassLoader::defineClass@12
  0x000001fa0ebc4fc8: 34f3 79ff 

  0x000001fa0ebc4fcc: ;   {other}
  0x000001fa0ebc4fcc: 0f1f 8400 | 3c26 002d | 4d63 cae9 | 8de2 ffff | 4983 c1fe | 498b c949 | 8bfb 4833 | c048 83f9 
  0x000001fa0ebc4fec: 087f 1048 | ffc9 784f | 4889 04cf | 48ff c97d | f7eb 44c5 | fdef c0e9 | 0d00 0000 | c5fe 7f07 
  0x000001fa0ebc500c: c5fe 7f47 | 2048 83c7 | 4048 83e9 | 087d ed48 | 83c1 047c | 0cc5 fe7f | 0748 83c7 | 2048 83e9 
  0x000001fa0ebc502c: 0448 83c1 | 047e 1048 | ffc9 c5f9 | d607 4883 | c708 48ff | c97d f3e9 | e9e2 ffff | bacc ffff 
  0x000001fa0ebc504c: ff44 8954 | 2420 448b | 5424 3844 | 8954 2424 | 448b 5c24 | 3c44 895c | 2438 4889 | 5c24 584c 
  0x000001fa0ebc506c: 8974 2460 | 448b 5c24 | 4044 895c | 243c 4889 | 7424 6844 | 896c 2470 

  0x000001fa0ebc5084: ;   {runtime_call UncommonTrapBlob}
  0x000001fa0ebc5084: c5f8 77e8 

  0x000001fa0ebc5088: ; ImmutableOopMap {[40]=Oop [48]=Oop [60]=NarrowOop [72]=Oop [88]=Oop [96]=Oop [104]=Oop [112]=NarrowOop }
                      ;*newarray {reexecute=1 rethrow=0 return_oop=0}
                      ; - (reexecute) java.util.Arrays::copyOfRangeByte@10
                      ; - java.util.Arrays::copyOfRange@13
                      ; - java.lang.StringLatin1::newString@16
                      ; - java.lang.String::substring@41
                      ; - java.lang.ClassLoader::checkCerts@21
                      ; - java.lang.ClassLoader::preDefineClass@113
                      ; - java.lang.ClassLoader::defineClass@4
                      ; - java.security.SecureClassLoader::defineClass@12
  0x000001fa0ebc5088: 74f2 79ff 

  0x000001fa0ebc508c: ;   {other}
  0x000001fa0ebc508c: 0f1f 8400 | fc26 002e | bade ffff | ff66 6690 

  0x000001fa0ebc509c: ;   {runtime_call UncommonTrapBlob}
  0x000001fa0ebc509c: c5f8 77e8 

  0x000001fa0ebc50a0: ; ImmutableOopMap {rbp=NarrowOop }
                      ;*checkcast {reexecute=0 rethrow=0 return_oop=0}
                      ; - java.lang.ClassLoader::getNamedPackage@8
                      ; - java.lang.ClassLoader::postDefineClass@9
                      ; - java.lang.ClassLoader::defineClass@37
                      ; - java.security.SecureClassLoader::defineClass@12
  0x000001fa0ebc50a0: 5cf2 79ff 

  0x000001fa0ebc50a4: ;   {other}
  0x000001fa0ebc50a4: 0f1f 8400 | 1427 002f | 4533 db45 | 85d2 410f | 94c3 ba45 | ffff ff48 | 8b6c 2428 | 4489 5c24 
  0x000001fa0ebc50c4: 6066 6690 

  0x000001fa0ebc50c8: ;   {runtime_call UncommonTrapBlob}
  0x000001fa0ebc50c8: c5f8 77e8 

  0x000001fa0ebc50cc: ; ImmutableOopMap {rbp=Oop [32]=Oop [48]=Oop [72]=Oop }
                      ;*ifeq {reexecute=1 rethrow=0 return_oop=0}
                      ; - (reexecute) java.lang.String::indexOf@4
                      ; - java.lang.String::indexOf@3
                      ; - java.lang.ClassLoader::checkName@16
                      ; - java.lang.ClassLoader::preDefineClass@1
                      ; - java.lang.ClassLoader::defineClass@4
                      ; - java.security.SecureClassLoader::defineClass@12
  0x000001fa0ebc50cc: 30f2 79ff 

  0x000001fa0ebc50d0: ;   {other}
  0x000001fa0ebc50d0: 0f1f 8400 | 4027 0030 | ba45 ffff | ff44 8954 | 2420 4489 | 5424 2448 | 895c 2458 | 4c89 7424 
  0x000001fa0ebc50f0: 604c 8974 | 2468 4489 | 4c24 7090 

  0x000001fa0ebc50fc: ;   {runtime_call UncommonTrapBlob}
  0x000001fa0ebc50fc: c5f8 77e8 

  0x000001fa0ebc5100: ; ImmutableOopMap {[40]=Oop [48]=Oop [64]=NarrowOop [72]=Oop [88]=Oop [96]=Oop [104]=Oop }
                      ;*if_icmpgt {reexecute=1 rethrow=0 return_oop=0}
                      ; - (reexecute) jdk.internal.util.Preconditions::checkFromToIndex@6
                      ; - java.lang.String::checkBoundsBeginEnd@6
                      ; - java.lang.String::substring@8
                      ; - java.lang.ClassLoader::checkCerts@21
                      ; - java.lang.ClassLoader::preDefineClass@113
                      ; - java.lang.ClassLoader::defineClass@4
                      ; - java.security.SecureClassLoader::defineClass@12
  0x000001fa0ebc5100: fcf1 79ff 

  0x000001fa0ebc5104: ;   {other}
  0x000001fa0ebc5104: 0f1f 8400 | 7427 0031 | ba45 ffff | ff48 8b6c | 2428 895c | 2450 6690 

  0x000001fa0ebc511c: ;   {runtime_call UncommonTrapBlob}
  0x000001fa0ebc511c: c5f8 77e8 

  0x000001fa0ebc5120: ; ImmutableOopMap {rbp=Oop [32]=Oop [48]=Oop [72]=Oop }
                      ;*if_icmpne {reexecute=1 rethrow=0 return_oop=0}
                      ; - (reexecute) java.lang.ClassLoader::checkName@20
                      ; - java.lang.ClassLoader::preDefineClass@1
                      ; - java.lang.ClassLoader::defineClass@4
                      ; - java.security.SecureClassLoader::defineClass@12
  0x000001fa0ebc5120: dcf1 79ff 

  0x000001fa0ebc5124: ;   {other}
  0x000001fa0ebc5124: 0f1f 8400 | 9427 0032 | ba45 ffff | ff66 6690 

  0x000001fa0ebc5134: ;   {runtime_call UncommonTrapBlob}
  0x000001fa0ebc5134: c5f8 77e8 

  0x000001fa0ebc5138: ; ImmutableOopMap {rbp=Oop [32]=Oop [40]=Oop [48]=Oop }
                      ;*ifnonnull {reexecute=1 rethrow=0 return_oop=0}
                      ; - (reexecute) java.security.SecureClassLoader::getProtectionDomain@1
                      ; - java.security.SecureClassLoader::defineClass@9
  0x000001fa0ebc5138: c4f1 79ff 

  0x000001fa0ebc513c: ;   {other}
  0x000001fa0ebc513c: 0f1f 8400 | ac27 0033 | ba45 ffff | ff4c 8974 | 2450 6690 

  0x000001fa0ebc5150: ;   {runtime_call UncommonTrapBlob}
  0x000001fa0ebc5150: c5f8 77e8 

  0x000001fa0ebc5154: ; ImmutableOopMap {[40]=Oop [48]=Oop [72]=Oop [80]=Oop }
                      ;*if_icmpne {reexecute=1 rethrow=0 return_oop=0}
                      ; - (reexecute) java.lang.ClassLoader::checkName@30
                      ; - java.lang.ClassLoader::preDefineClass@1
                      ; - java.lang.ClassLoader::defineClass@4
                      ; - java.security.SecureClassLoader::defineClass@12
  0x000001fa0ebc5154: a8f1 79ff 

  0x000001fa0ebc5158: ;   {other}
  0x000001fa0ebc5158: 0f1f 8400 | c827 0034 | ba45 ffff | ff48 8b6c | 2428 4c8b | 5424 484c | 8954 2440 | 4489 5c24 
  0x000001fa0ebc5178: 4866 6690 

  0x000001fa0ebc517c: ;   {runtime_call UncommonTrapBlob}
  0x000001fa0ebc517c: c5f8 77e8 

  0x000001fa0ebc5180: ; ImmutableOopMap {rbp=Oop [32]=Oop [48]=Oop [64]=Oop }
                      ;*ifne {reexecute=1 rethrow=0 return_oop=0}
                      ; - (reexecute) java.lang.ClassLoader::compareCerts@7
                      ; - java.lang.ClassLoader::checkCerts@80
                      ; - java.lang.ClassLoader::preDefineClass@113
                      ; - java.lang.ClassLoader::defineClass@4
                      ; - java.security.SecureClassLoader::defineClass@12
  0x000001fa0ebc5180: 7cf1 79ff 

  0x000001fa0ebc5184: ;   {other}
  0x000001fa0ebc5184: 0f1f 8400 | f427 0035 | ba45 ffff | ff44 8954 | 2420 4489 | 5424 2448 | 895c 2458 | 4c89 7424 
  0x000001fa0ebc51a4: 604c 8974 | 2468 4489 | 4c24 7044 | 894c 2474 

  0x000001fa0ebc51b4: ;   {runtime_call UncommonTrapBlob}
  0x000001fa0ebc51b4: c5f8 77e8 

  0x000001fa0ebc51b8: ; ImmutableOopMap {[40]=Oop [48]=Oop [64]=NarrowOop [72]=Oop [88]=Oop [96]=Oop [104]=Oop }
                      ;*if_icmple {reexecute=1 rethrow=0 return_oop=0}
                      ; - (reexecute) jdk.internal.util.Preconditions::checkFromToIndex@11
                      ; - java.lang.String::checkBoundsBeginEnd@6
                      ; - java.lang.String::substring@8
                      ; - java.lang.ClassLoader::checkCerts@21
                      ; - java.lang.ClassLoader::preDefineClass@113
                      ; - java.lang.ClassLoader::defineClass@4
                      ; - java.security.SecureClassLoader::defineClass@12
  0x000001fa0ebc51b8: 44f1 79ff 

  0x000001fa0ebc51bc: ;   {other}
  0x000001fa0ebc51bc: 0f1f 8400 | 2c28 0036 | ba45 ffff | ff4c 8b54 | 2448 4c89 | 5424 384c | 894c 2440 | 4c89 5c24 
  0x000001fa0ebc51dc: 4844 896c | 2450 6690 

  0x000001fa0ebc51e4: ;   {runtime_call UncommonTrapBlob}
  0x000001fa0ebc51e4: c5f8 77e8 

  0x000001fa0ebc51e8: ; ImmutableOopMap {[32]=Oop [56]=Oop [64]=Oop [72]=Oop [80]=NarrowOop }
                      ;*ifle {reexecute=1 rethrow=0 return_oop=0}
                      ; - (reexecute) java.util.concurrent.ConcurrentHashMap::get@23
                      ; - java.lang.ClassLoader::getNamedPackage@5
                      ; - java.lang.ClassLoader::postDefineClass@9
                      ; - java.lang.ClassLoader::defineClass@37
                      ; - java.security.SecureClassLoader::defineClass@12
  0x000001fa0ebc51e8: 14f1 79ff 

  0x000001fa0ebc51ec: ;   {other}
  0x000001fa0ebc51ec: 0f1f 8400 | 5c28 0037 | 498b d7c5 | f877 49ba | 002a 683c | ff7f 0000 

  0x000001fa0ebc5204: ;   {other}
  0x000001fa0ebc5204: 41ff d20f | 1f84 0000 | 0000 00e9 | 28e1 ffff | ba45 ffff | ff48 8944 | 2440 6690 

  0x000001fa0ebc5220: ;   {runtime_call UncommonTrapBlob}
  0x000001fa0ebc5220: c5f8 77e8 

  0x000001fa0ebc5224: ; ImmutableOopMap {[32]=Oop [40]=Oop [64]=Oop [72]=Oop }
                      ;*ifeq {reexecute=1 rethrow=0 return_oop=0}
                      ; - (reexecute) java.lang.Class::getPackageName@13
                      ; - java.lang.ClassLoader::postDefineClass@2
                      ; - java.lang.ClassLoader::defineClass@37
                      ; - java.security.SecureClassLoader::defineClass@12
  0x000001fa0ebc5224: d8f0 79ff 

  0x000001fa0ebc5228: ;   {other}
  0x000001fa0ebc5228: 0f1f 8400 | 9828 0038 | baf6 ffff | ff48 8974 | 2420 6690 

  0x000001fa0ebc523c: ;   {runtime_call UncommonTrapBlob}
  0x000001fa0ebc523c: c5f8 77e8 

  0x000001fa0ebc5240: ; ImmutableOopMap {[32]=Oop [48]=Oop }
                      ;*invokevirtual putIfAbsent {reexecute=0 rethrow=0 return_oop=0}
                      ; - java.lang.ClassLoader::getNamedPackage@32
                      ; - java.lang.ClassLoader::postDefineClass@9
                      ; - java.lang.ClassLoader::defineClass@37
                      ; - java.security.SecureClassLoader::defineClass@12
  0x000001fa0ebc5240: bcf0 79ff 

  0x000001fa0ebc5244: ;   {other}
  0x000001fa0ebc5244: 0f1f 8400 | b428 0039 | 488b e8ba | 54ff ffff | 4c8b 5424 | 484c 8954 | 2440 6690 

  0x000001fa0ebc5260: ;   {runtime_call UncommonTrapBlob}
  0x000001fa0ebc5260: c5f8 77e8 

  0x000001fa0ebc5264: ; ImmutableOopMap {rbp=Oop [32]=Oop [40]=Oop [56]=NarrowOop [64]=Oop [80]=Oop }
                      ;*ifnull {reexecute=1 rethrow=0 return_oop=0}
                      ; - (reexecute) java.lang.ClassLoader::getNamedPackage@42
                      ; - java.lang.ClassLoader::postDefineClass@9
                      ; - java.lang.ClassLoader::defineClass@37
                      ; - java.security.SecureClassLoader::defineClass@12
  0x000001fa0ebc5264: 98f0 79ff 

  0x000001fa0ebc5268: ;   {other}
  0x000001fa0ebc5268: 0f1f 8400 | d828 003a | baf6 ffff | ff66 6690 

  0x000001fa0ebc5278: ;   {runtime_call UncommonTrapBlob}
  0x000001fa0ebc5278: c5f8 77e8 

  0x000001fa0ebc527c: ; ImmutableOopMap {}
                      ;*invokevirtual isNamed {reexecute=0 rethrow=0 return_oop=0}
                      ; - java.lang.NamedPackage::<init>@12
                      ; - java.lang.ClassLoader::getNamedPackage@22
                      ; - java.lang.ClassLoader::postDefineClass@9
                      ; - java.lang.ClassLoader::defineClass@37
                      ; - java.security.SecureClassLoader::defineClass@12
  0x000001fa0ebc527c: 80f0 79ff 

  0x000001fa0ebc5280: ;   {other}
  0x000001fa0ebc5280: 0f1f 8400 | f028 003b | ba12 0000 | 004c 8b54 | 2448 4c89 | 5424 4090 

  0x000001fa0ebc5298: ;   {runtime_call UncommonTrapBlob}
  0x000001fa0ebc5298: c5f8 77e8 

  0x000001fa0ebc529c: ; ImmutableOopMap {[32]=Oop [40]=Oop [48]=Oop [56]=NarrowOop [64]=Oop [80]=Oop }
                      ;*new {reexecute=0 rethrow=0 return_oop=0}
                      ; - java.lang.NamedPackage::<init>@18
                      ; - java.lang.ClassLoader::getNamedPackage@22
                      ; - java.lang.ClassLoader::postDefineClass@9
                      ; - java.lang.ClassLoader::defineClass@37
                      ; - java.security.SecureClassLoader::defineClass@12
  0x000001fa0ebc529c: 60f0 79ff 

  0x000001fa0ebc52a0: ;   {other}
  0x000001fa0ebc52a0: 0f1f 8400 | 1029 003c | 4d63 d9e9 | aee3 ffff | 4983 c3fe | 498b cb48 | 8bfa 4833 | c048 83f9 
  0x000001fa0ebc52c0: 087f 1048 | ffc9 784f | 4889 04cf | 48ff c97d | f7eb 44c5 | fdef c0e9 | 0d00 0000 | c5fe 7f07 
  0x000001fa0ebc52e0: c5fe 7f47 | 2048 83c7 | 4048 83e9 | 087d ed48 | 83c1 047c | 0cc5 fe7f | 0748 83c7 | 2048 83e9 
  0x000001fa0ebc5300: 0448 83c1 | 047e 1048 | ffc9 c5f9 | d607 4883 | c708 48ff | c97d f3e9 | 01e4 ffff | bacc ffff 
  0x000001fa0ebc5320: ff48 8b6c | 2420 4c8b | 5424 484c | 8954 2430 | 4889 7424 | 5089 5c24 | 5844 894c | 2460 6690 
  0x000001fa0ebc5340: ;   {runtime_call UncommonTrapBlob}
  0x000001fa0ebc5340: c5f8 77e8 

  0x000001fa0ebc5344: ; ImmutableOopMap {rbp=Oop [40]=Oop [48]=Oop [80]=Oop [88]=NarrowOop }
                      ;*newarray {reexecute=1 rethrow=0 return_oop=0}
                      ; - (reexecute) java.util.Arrays::copyOfRangeByte@10
                      ; - java.util.Arrays::copyOfRange@13
                      ; - java.lang.StringLatin1::newString@16
                      ; - java.lang.String::substring@41
                      ; - java.lang.Class::getPackageName@62
                      ; - java.lang.ClassLoader::postDefineClass@2
                      ; - java.lang.ClassLoader::defineClass@37
                      ; - java.security.SecureClassLoader::defineClass@12
  0x000001fa0ebc5344: b8ef 79ff 

  0x000001fa0ebc5348: ;   {other}
  0x000001fa0ebc5348: 0f1f 8400 | b829 003d | ba45 ffff | ff48 8b4c | 2448 4889 | 4c24 304c | 894c 2438 | 4489 6c24 
  0x000001fa0ebc5368: 484c 895c | 2450 4489 | 4424 4c44 | 8954 2458 

  0x000001fa0ebc5378: ;   {runtime_call UncommonTrapBlob}
  0x000001fa0ebc5378: c5f8 77e8 

  0x000001fa0ebc537c: ; ImmutableOopMap {[32]=Oop [48]=Oop [56]=Oop [72]=NarrowOop [76]=NarrowOop [80]=Oop }
                      ;*ifeq {reexecute=1 rethrow=0 return_oop=0}
                      ; - (reexecute) java.util.concurrent.ConcurrentHashMap::get@76
                      ; - java.lang.ClassLoader::getNamedPackage@5
                      ; - java.lang.ClassLoader::postDefineClass@9
                      ; - java.lang.ClassLoader::defineClass@37
                      ; - java.security.SecureClassLoader::defineClass@12
  0x000001fa0ebc537c: 80ef 79ff 

  0x000001fa0ebc5380: ;   {other}
  0x000001fa0ebc5380: 0f1f 8400 | f029 003e | 85ff 448b | 5c24 4441 | 0f94 c3ba | 45ff ffff | 488b 6c24 | 204c 8b4c 
  0x000001fa0ebc53a0: 2448 4c89 | 4c24 304c | 8944 2450 | 4489 5424 | 5844 895c | 245c 6690 

  0x000001fa0ebc53b8: ;   {runtime_call UncommonTrapBlob}
  0x000001fa0ebc53b8: c5f8 77e8 

  0x000001fa0ebc53bc: ; ImmutableOopMap {rbp=Oop [40]=Oop [48]=Oop [80]=Oop }
                      ;*ifeq {reexecute=1 rethrow=0 return_oop=0}
                      ; - (reexecute) java.lang.String::lastIndexOf@4
                      ; - java.lang.String::lastIndexOf@8
                      ; - java.lang.Class::getPackageName@47
                      ; - java.lang.ClassLoader::postDefineClass@2
                      ; - java.lang.ClassLoader::defineClass@37
                      ; - java.security.SecureClassLoader::defineClass@12
  0x000001fa0ebc53bc: 40ef 79ff 

  0x000001fa0ebc53c0: ;   {other}
  0x000001fa0ebc53c0: 0f1f 8400 | 302a 003f | 498b d7c5 | f877 49ba | 002a 683c | ff7f 0000 

  0x000001fa0ebc53d8: ;   {other}
  0x000001fa0ebc53d8: 41ff d20f | 1f84 0000 | 0000 00e9 | 9ce3 ffff | ba45 ffff | ff48 8b6c | 2420 4c8b | 5424 484c 
  0x000001fa0ebc53f8: 8954 2430 | 4c89 4424 | 4844 894c | 2458 4489 | 5c24 5c44 | 894c 2460 

  0x000001fa0ebc5410: ;   {runtime_call UncommonTrapBlob}
  0x000001fa0ebc5410: c5f8 77e8 

  0x000001fa0ebc5414: ; ImmutableOopMap {rbp=Oop [40]=Oop [48]=Oop [72]=Oop }
                      ;*if_icmpgt {reexecute=1 rethrow=0 return_oop=0}
                      ; - (reexecute) jdk.internal.util.Preconditions::checkFromToIndex@6
                      ; - java.lang.String::checkBoundsBeginEnd@6
                      ; - java.lang.String::substring@8
                      ; - java.lang.Class::getPackageName@62
                      ; - java.lang.ClassLoader::postDefineClass@2
                      ; - java.lang.ClassLoader::defineClass@37
                      ; - java.security.SecureClassLoader::defineClass@12
  0x000001fa0ebc5414: e8ee 79ff 

  0x000001fa0ebc5418: ;   {other}
  0x000001fa0ebc5418: 0f1f 8400 | 882a 0040 | 8b7c 2440 | 448b 5f14 | 4585 db0f | 842a eeff | ff4d 8b57 | 2849 8bcb 
  0x000001fa0ebc5438: 4d85 d20f | 84db 0600 | 004d 8b5f | 384b 894c | 13f8 4983 | c2f8 4d89 | 5728 e904 | eeff ff4d 
  0x000001fa0ebc5458: 8b57 484d | 8b5f 58f0 | 8344 24c0 | 0080 3900 | 7432 4488 | 214d 85d2 | 740f 4b89 | 4c13 f849 
  0x000001fa0ebc5478: 83c2 f84d | 8957 48eb | 1b49 8bd7 | c5f8 7749 | bae0 2968 | 3cff 7f00 | 0041 ffd2 

  0x000001fa0ebc5494: ;   {other}
  0x000001fa0ebc5494: 0f1f 8400 | 0000 0000 | 448b 5f14 | 4585 db0f | 84b3 0600 | 0049 8bdb | e9e2 edff | ffba 45ff 
  0x000001fa0ebc54b4: ffff 488b | 6c24 204c | 8b54 2448 | 4c89 5424 | 304c 8944 | 2448 4489 | 4c24 5844 | 895c 245c 
  0x000001fa0ebc54d4: 4489 4c24 | 6044 895c | 2464 6690 

  0x000001fa0ebc54e0: ;   {runtime_call UncommonTrapBlob}
  0x000001fa0ebc54e0: c5f8 77e8 

  0x000001fa0ebc54e4: ; ImmutableOopMap {rbp=Oop [40]=Oop [48]=Oop [72]=Oop }
                      ;*if_icmple {reexecute=1 rethrow=0 return_oop=0}
                      ; - (reexecute) jdk.internal.util.Preconditions::checkFromToIndex@11
                      ; - java.lang.String::checkBoundsBeginEnd@6
                      ; - java.lang.String::substring@8
                      ; - java.lang.Class::getPackageName@62
                      ; - java.lang.ClassLoader::postDefineClass@2
                      ; - java.lang.ClassLoader::defineClass@37
                      ; - java.security.SecureClassLoader::defineClass@12
  0x000001fa0ebc54e4: 18ee 79ff 

  0x000001fa0ebc54e8: ;   {other}
  0x000001fa0ebc54e8: 0f1f 8400 | 582b 0041 | 498b d7c5 | f877 49ba | 002a 683c | ff7f 0000 

  0x000001fa0ebc5500: ;   {other}
  0x000001fa0ebc5500: 41ff d20f | 1f84 0000 | 0000 00e9 | 18e2 ffff | 498b d7c5 | f877 49ba | 002a 683c | ff7f 0000 
  0x000001fa0ebc5520: ;   {other}
  0x000001fa0ebc5520: 41ff d20f | 1f84 0000 | 0000 00e9 | 77e7 ffff | 498b d7c5 | f877 49ba | 002a 683c | ff7f 0000 
  0x000001fa0ebc5540: ;   {other}
  0x000001fa0ebc5540: 41ff d20f | 1f84 0000 | 0000 00e9 | 9ae7 ffff | 4c8b 4c24 | 204c 8b54 | 2428 4c89 | 5424 484c 
  0x000001fa0ebc5560: 8b54 2430 | 4c89 5424 | 204c 8b5c | 2438 448b | 6c24 40e9 | 62e6 ffff | bae4 ffff | ff48 8b6c 
  0x000001fa0ebc5580: 2428 4489 | 6c24 5490 

  0x000001fa0ebc5588: ;   {runtime_call UncommonTrapBlob}
  0x000001fa0ebc5588: c5f8 77e8 

  0x000001fa0ebc558c: ; ImmutableOopMap {rbp=Oop [32]=Oop [48]=Oop [72]=Oop [84]=NarrowOop }
                      ;*baload {reexecute=0 rethrow=0 return_oop=0}
                      ; - jdk.internal.util.ArraysSupport::mismatch@82
                      ; - java.lang.String::startsWith@70
                      ; - java.lang.String::startsWith@3
                      ; - java.lang.ClassLoader::preDefineClass@43
                      ; - java.lang.ClassLoader::defineClass@4
                      ; - java.security.SecureClassLoader::defineClass@12
  0x000001fa0ebc558c: 70ed 79ff 

  0x000001fa0ebc5590: ;   {other}
  0x000001fa0ebc5590: 0f1f 8400 | 002c 0042 | 8bfd 448b | 5514 4585 | d20f 848a | f0ff ff4d | 8b5f 2849 | 8bca 4d85 
  0x000001fa0ebc55b0: db0f 8485 | 0500 004d | 8b57 384b | 894c 1af8 | 4983 c3f8 | 4d89 5f28 | e964 f0ff | ff4d 8b57 
  0x000001fa0ebc55d0: 484d 8b5f | 58f0 8344 | 24c0 0041 | 8038 0074 | 3545 8820 | 4d85 d274 | 0f4f 8944 | 13f8 4983 
  0x000001fa0ebc55f0: c2f8 4d89 | 5748 eb1e | 498b c849 | 8bd7 c5f8 | 7749 bae0 | 2968 3cff | 7f00 0041 

  0x000001fa0ebc560c: ;   {other}
  0x000001fa0ebc560c: ffd2 0f1f | 8400 0000 | 0000 448b | 5f14 4585 | db0f 8451 | 0500 004d | 8bd3 4c89 | 5424 38e9 
  0x000001fa0ebc562c: 3cf0 ffff | ba45 ffff | ff48 8b4c | 2448 4889 | 4c24 384c | 894c 2440 | 4489 6c24 | 504c 895c 
  0x000001fa0ebc564c: 2458 4489 | 4424 5444 | 8954 2460 | 895c 2464 

  0x000001fa0ebc565c: ;   {runtime_call UncommonTrapBlob}
  0x000001fa0ebc565c: c5f8 77e8 

  0x000001fa0ebc5660: ; ImmutableOopMap {[32]=Oop [56]=Oop [64]=Oop [80]=NarrowOop [84]=NarrowOop [88]=Oop }
                      ;*if_icmpne {reexecute=1 rethrow=0 return_oop=0}
                      ; - (reexecute) java.lang.String::equals@33
                      ; - java.util.concurrent.ConcurrentHashMap::get@73
                      ; - java.lang.ClassLoader::getNamedPackage@5
                      ; - java.lang.ClassLoader::postDefineClass@9
                      ; - java.lang.ClassLoader::defineClass@37
                      ; - java.security.SecureClassLoader::defineClass@12
  0x000001fa0ebc5660: 9cec 79ff 

  0x000001fa0ebc5664: ;   {other}
  0x000001fa0ebc5664: 0f1f 8400 | d42c 0043 | 4585 d244 | 8b54 2444 | 410f 94c2 | ba45 ffff | ff4c 8b44 | 2448 4c89 
  0x000001fa0ebc5684: 4424 3044 | 896c 2448 | 897c 244c | 4889 5c24 | 5048 895c | 2458 4489 | 5424 6090 

  0x000001fa0ebc56a0: ;   {runtime_call UncommonTrapBlob}
  0x000001fa0ebc56a0: c5f8 77e8 

  0x000001fa0ebc56a4: ; ImmutableOopMap {[32]=Oop [40]=Oop [48]=Oop [72]=NarrowOop [76]=NarrowOop [80]=Oop [88]=Oop }
                      ;*ifeq {reexecute=1 rethrow=0 return_oop=0}
                      ; - (reexecute) java.lang.String::hashCode@20
                      ; - java.util.concurrent.ConcurrentHashMap::get@1
                      ; - java.lang.ClassLoader::getNamedPackage@5
                      ; - java.lang.ClassLoader::postDefineClass@9
                      ; - java.lang.ClassLoader::defineClass@37
                      ; - java.security.SecureClassLoader::defineClass@12
  0x000001fa0ebc56a4: 58ec 79ff 

  0x000001fa0ebc56a8: ;   {other}
  0x000001fa0ebc56a8: 0f1f 8400 | 182d 0044 | 4c89 6c24 | 6844 895c | 2454 4889 | 7c24 6048 | 895c 2458 | 448b 5c24 
  0x000001fa0ebc56c8: 4444 895c | 2450 4c89 | 7424 404c | 8b5c 2428 | 4c89 5c24 | 2048 33d2 | 4a8d 14d2 

  0x000001fa0ebc56e4: ;   {runtime_call _new_array_Java}
  0x000001fa0ebc56e4: c5f8 77e8 

  0x000001fa0ebc56e8: ; ImmutableOopMap {rbp=Oop [32]=Oop [48]=Oop [64]=Oop [72]=Oop [84]=NarrowOop [88]=Oop [96]=Oop }
                      ;*invokevirtual clone {reexecute=1 rethrow=0 return_oop=1}
                      ; - (reexecute) java.security.CodeSource::getCertificates@11
                      ; - java.lang.ClassLoader::checkCerts@34
                      ; - java.lang.ClassLoader::preDefineClass@113
                      ; - java.lang.ClassLoader::defineClass@4
                      ; - java.security.SecureClassLoader::defineClass@12
  0x000001fa0ebc56e8: 9496 85ff 

  0x000001fa0ebc56ec: ;   {other}
  0x000001fa0ebc56ec: 0f1f 8400 | 5c2d 0045 | 4c8b 5c24 | 204c 895c | 2428 4c8b | 7424 4044 | 8b5c 2450 | 4489 5c24 
  0x000001fa0ebc570c: 4448 8b5c | 2458 488b | 7c24 6044 | 8b5c 2454 | 4c8b 6c24 | 6848 8bf0 | e9d0 e8ff | ff4c 8944 
  0x000001fa0ebc572c: 2438 448b | c289 5c24 | 304c 8b5c | 2420 4c89 | 5c24 284c | 894c 2420 | 4833 d24a | 8d14 d290 
  0x000001fa0ebc574c: ;   {runtime_call _new_array_Java}
  0x000001fa0ebc574c: c5f8 77e8 

  0x000001fa0ebc5750: ; ImmutableOopMap {rbp=Oop [32]=Oop [40]=Oop [48]=NarrowOop }
                      ;*invokevirtual clone {reexecute=1 rethrow=0 return_oop=1}
                      ; - (reexecute) java.security.CodeSource::getCertificates@11
                      ; - java.lang.ClassLoader::postDefineClass@24
                      ; - java.lang.ClassLoader::defineClass@37
                      ; - java.security.SecureClassLoader::defineClass@12
  0x000001fa0ebc5750: 2c96 85ff 

  0x000001fa0ebc5754: ;   {other}
  0x000001fa0ebc5754: 0f1f 8400 | c42d 0046 | 4c8b 5424 | 284c 8954 | 2420 8b5c | 2430 4c8b | 4424 38e9 | 0ced ffff 
  0x000001fa0ebc5774: ba45 ffff | ff4c 8b44 | 2448 4c89 | 4424 384c | 894c 2440 | 4489 6c24 | 504c 895c | 2458 4889 
  0x000001fa0ebc5794: 7c24 6044 | 8954 2454 

  0x000001fa0ebc579c: ;   {runtime_call UncommonTrapBlob}
  0x000001fa0ebc579c: c5f8 77e8 

  0x000001fa0ebc57a0: ; ImmutableOopMap {rbp=NarrowOop [32]=Oop [56]=Oop [64]=Oop [80]=NarrowOop [88]=Oop [96]=Oop }
                      ;*ifnull {reexecute=1 rethrow=0 return_oop=0}
                      ; - (reexecute) java.util.concurrent.ConcurrentHashMap::get@143
                      ; - java.lang.ClassLoader::getNamedPackage@5
                      ; - java.lang.ClassLoader::postDefineClass@9
                      ; - java.lang.ClassLoader::defineClass@37
                      ; - java.security.SecureClassLoader::defineClass@12
  0x000001fa0ebc57a0: 5ceb 79ff 

  0x000001fa0ebc57a4: ;   {other}
  0x000001fa0ebc57a4: 0f1f 8400 | 142e 0047 | 4889 5424 | 7089 4c24 | 6848 897c | 2460 4489 | 5c24 5448 | 895c 2458 
  0x000001fa0ebc57c4: 448b 5424 | 4444 8954 | 2450 4c8b | 5424 484c | 8954 2440 | 4c89 7424 | 2048 8b6c 

  0x000001fa0ebc57e0: ;   {metadata('java/util/ArrayList')}
  0x000001fa0ebc57e0: 2428 48ba | 107e 0500 | 0100 0000 

  0x000001fa0ebc57ec: ;   {runtime_call _new_instance_Java}
  0x000001fa0ebc57ec: c5f8 77e8 

  0x000001fa0ebc57f0: ; ImmutableOopMap {rbp=Oop [32]=Oop [48]=Oop [64]=Oop [84]=NarrowOop [88]=Oop [96]=Oop [104]=NarrowOop [112]=Oop }
                      ;*new {reexecute=0 rethrow=0 return_oop=1}
                      ; - java.security.CodeSource::getCertificates@25
                      ; - java.lang.ClassLoader::checkCerts@34
                      ; - java.lang.ClassLoader::preDefineClass@113
                      ; - java.lang.ClassLoader::defineClass@4
                      ; - java.security.SecureClassLoader::defineClass@12
  0x000001fa0ebc57f0: 8c92 85ff 

  0x000001fa0ebc57f4: ;   {other}
  0x000001fa0ebc57f4: 0f1f 8400 | 642e 0048 | 4889 6c24 | 284c 8b74 | 2420 4c8b | 5424 404c | 8954 2448 | 448b 5c24 
  0x000001fa0ebc5814: 5044 895c | 2444 488b | 5c24 5844 | 8b54 2454 | 4489 5424 | 4048 8b7c | 2460 8b4c | 2468 488b 
  0x000001fa0ebc5834: 5424 70e9 | 4ce8 ffff | 4c89 4c24 | 7848 8954 | 2470 4889 | 7c24 684c | 895c 2460 | 4c89 5424 
  0x000001fa0ebc5854: 5848 895c | 2450 4c89 | 7424 2048 | 8b6c 2428 

  0x000001fa0ebc5864: ;   {metadata('java/security/cert/Certificate'[])}
  0x000001fa0ebc5864: 48ba d808 | 0300 0100 | 0000 448b | 4424 4490 

  0x000001fa0ebc5874: ;   {runtime_call _new_array_Java}
  0x000001fa0ebc5874: c5f8 77e8 

  0x000001fa0ebc5878: ; ImmutableOopMap {rbp=Oop [32]=Oop [48]=Oop [64]=NarrowOop [72]=Oop [80]=Oop [88]=Oop [104]=Oop [112]=Oop [120]=Oop }
                      ;*anewarray {reexecute=0 rethrow=0 return_oop=1}
                      ; - java.security.CodeSource::getCertificates@70
                      ; - java.lang.ClassLoader::checkCerts@34
                      ; - java.lang.ClassLoader::preDefineClass@113
                      ; - java.lang.ClassLoader::defineClass@4
                      ; - java.security.SecureClassLoader::defineClass@12
  0x000001fa0ebc5878: 0495 85ff 

  0x000001fa0ebc587c: ;   {other}
  0x000001fa0ebc587c: 0f1f 8400 | ec2e 0049 | e996 e9ff | ff4c 8944 | 2470 4889 | 5c24 2848 | 33d2 4a8d | 14d2 458b 
  0x000001fa0ebc589c: c366 6690 

  0x000001fa0ebc58a0: ;   {runtime_call _new_array_Java}
  0x000001fa0ebc58a0: c5f8 77e8 

  0x000001fa0ebc58a4: ; ImmutableOopMap {rbp=Oop [32]=Oop [40]=Oop [48]=Oop [72]=Oop [80]=Oop [88]=Oop [104]=Oop }
                      ;*invokevirtual clone {reexecute=1 rethrow=0 return_oop=1}
                      ; - (reexecute) java.security.CodeSource::getCertificates@86
                      ; - java.lang.ClassLoader::checkCerts@34
                      ; - java.lang.ClassLoader::preDefineClass@113
                      ; - java.lang.ClassLoader::defineClass@4
                      ; - java.security.SecureClassLoader::defineClass@12
  0x000001fa0ebc58a4: d894 85ff 

  0x000001fa0ebc58a8: ;   {other}
  0x000001fa0ebc58a8: 0f1f 8400 | 182f 004a | 488b 5c24 | 284c 8b44 | 2470 488b | f0e9 3aea | ffff 4889 | 5c24 3044 
  0x000001fa0ebc58c8: 8954 242c | 4489 4424 | 2849 8be9 

  0x000001fa0ebc58d4: ;   {metadata('java/util/ArrayList')}
  0x000001fa0ebc58d4: 48ba 107e | 0500 0100 | 0000 6690 

  0x000001fa0ebc58e0: ;   {runtime_call _new_instance_Java}
  0x000001fa0ebc58e0: c5f8 77e8 

  0x000001fa0ebc58e4: ; ImmutableOopMap {rbp=Oop [32]=Oop [40]=NarrowOop [44]=NarrowOop [48]=Oop }
                      ;*new {reexecute=0 rethrow=0 return_oop=1}
                      ; - java.security.CodeSource::getCertificates@25
                      ; - java.lang.ClassLoader::postDefineClass@24
                      ; - java.lang.ClassLoader::defineClass@37
                      ; - java.security.SecureClassLoader::defineClass@12
  0x000001fa0ebc58e4: 9891 85ff 

  0x000001fa0ebc58e8: ;   {other}
  0x000001fa0ebc58e8: 0f1f 8400 | 582f 004b | 4c8b cd44 | 8b44 2428 | 448b 5424 | 2c48 8b5c | 2430 e9ef | ebff ff48 
  0x000001fa0ebc5908: 894c 2438 | 4889 5c24 | 3041 8be8 | 4c89 4c24 

  0x000001fa0ebc5918: ;   {metadata('java/security/cert/Certificate'[])}
  0x000001fa0ebc5918: 2848 bad8 | 0803 0001 | 0000 0044 | 8b44 2444 

  0x000001fa0ebc5928: ;   {runtime_call _new_array_Java}
  0x000001fa0ebc5928: c5f8 77e8 

  0x000001fa0ebc592c: ; ImmutableOopMap {rbp=NarrowOop [32]=Oop [40]=Oop [48]=Oop [56]=Oop }
                      ;*anewarray {reexecute=0 rethrow=0 return_oop=1}
                      ; - java.security.CodeSource::getCertificates@70
                      ; - java.lang.ClassLoader::postDefineClass@24
                      ; - java.lang.ClassLoader::defineClass@37
                      ; - java.security.SecureClassLoader::defineClass@12
  0x000001fa0ebc592c: 5094 85ff 

  0x000001fa0ebc5930: ;   {other}
  0x000001fa0ebc5930: 0f1f 8400 | a02f 004c | e9b9 ecff | ff48 33d2 | 4a8d 14d2 | 458b c390 

  0x000001fa0ebc5948: ;   {runtime_call _new_array_Java}
  0x000001fa0ebc5948: c5f8 77e8 

  0x000001fa0ebc594c: ; ImmutableOopMap {[32]=Oop [40]=Oop [56]=Oop }
                      ;*invokevirtual clone {reexecute=1 rethrow=0 return_oop=1}
                      ; - (reexecute) java.security.CodeSource::getCertificates@86
                      ; - java.lang.ClassLoader::postDefineClass@24
                      ; - java.lang.ClassLoader::defineClass@37
                      ; - java.security.SecureClassLoader::defineClass@12
  0x000001fa0ebc594c: 3094 85ff 

  0x000001fa0ebc5950: ;   {other}
  0x000001fa0ebc5950: 0f1f 8400 | c02f 004d | e980 edff | ffba 76ff | ffff 488b | 6c24 284c | 8b54 2448 | 4c89 5424 
  0x000001fa0ebc5970: 4048 894c | 2458 4489 | 4424 6089 | 7c24 6489 | 5c24 684c | 894c 2470 | 4489 5c24 | 7866 6690 
  0x000001fa0ebc5990: ;   {runtime_call UncommonTrapBlob}
  0x000001fa0ebc5990: c5f8 77e8 

  0x000001fa0ebc5994: ; ImmutableOopMap {rbp=Oop [32]=Oop [48]=Oop [64]=Oop [88]=Oop [104]=NarrowOop [112]=Oop }
                      ;*if_icmpge {reexecute=1 rethrow=0 return_oop=0}
                      ; - (reexecute) java.lang.ClassLoader::compareCerts@67
                      ; - java.lang.ClassLoader::checkCerts@80
                      ; - java.lang.ClassLoader::preDefineClass@113
                      ; - java.lang.ClassLoader::defineClass@4
                      ; - java.security.SecureClassLoader::defineClass@12
  0x000001fa0ebc5994: 68e9 79ff 

  0x000001fa0ebc5998: ;   {other}
  0x000001fa0ebc5998: 0f1f 8400 | 0830 004e | ba76 ffff | ff48 8b6c | 2428 4c8b | 4424 484c | 8944 2440 | 4c8b 4424 
  0x000001fa0ebc59b8: 7044 895c | 245c 4489 | 4c24 604c | 8944 2468 | 448b 9c24 | 9400 0000 | 4489 5c24 | 7066 6690 
  0x000001fa0ebc59d8: ;   {runtime_call UncommonTrapBlob}
  0x000001fa0ebc59d8: c5f8 77e8 

  0x000001fa0ebc59dc: ; ImmutableOopMap {rbp=Oop [32]=Oop [48]=Oop [64]=Oop [80]=Oop [96]=NarrowOop [104]=Oop }
                      ;*if_icmpge {reexecute=1 rethrow=0 return_oop=0}
                      ; - (reexecute) java.lang.ClassLoader::compareCerts@152
                      ; - java.lang.ClassLoader::checkCerts@80
                      ; - java.lang.ClassLoader::preDefineClass@113
                      ; - java.lang.ClassLoader::defineClass@4
                      ; - java.security.SecureClassLoader::defineClass@12
  0x000001fa0ebc59dc: 20e9 79ff 

  0x000001fa0ebc59e0: ;   {other}
  0x000001fa0ebc59e0: 0f1f 8400 | 5030 004f | bae4 ffff | ff48 8b6c | 2428 4c8b | 5424 304c | 8954 2428 | 448b 5c24 
  0x000001fa0ebc5a00: 3844 895c | 2430 448b | 5424 3c44 | 8954 2434 | 4c8b 5424 | 484c 8954 | 2438 4889 | 5c24 484c 
  0x000001fa0ebc5a20: 8974 2450 | 4889 7c24 | 584c 894c | 2468 894c | 2470 4489 | 4424 7490 

  0x000001fa0ebc5a38: ;   {runtime_call UncommonTrapBlob}
  0x000001fa0ebc5a38: c5f8 77e8 

  0x000001fa0ebc5a3c: ; ImmutableOopMap {rbp=Oop [40]=Oop [56]=Oop [64]=NarrowOop [72]=Oop [80]=Oop [88]=Oop [104]=Oop [112]=NarrowOop }
                      ;*aaload {reexecute=0 rethrow=0 return_oop=0}
                      ; - java.security.CodeSource::getCertificates@50
                      ; - java.lang.ClassLoader::checkCerts@34
                      ; - java.lang.ClassLoader::preDefineClass@113
                      ; - java.lang.ClassLoader::defineClass@4
                      ; - java.security.SecureClassLoader::defineClass@12
  0x000001fa0ebc5a3c: c0e8 79ff 

  0x000001fa0ebc5a40: ;   {other}
  0x000001fa0ebc5a40: 0f1f 8400 | b030 0050 | bae4 ffff | ff4c 894c | 2428 4489 | 4424 3048 | 894c 2440 | 4489 5424 
  0x000001fa0ebc5a60: 4844 895c | 244c 6690 

  0x000001fa0ebc5a68: ;   {runtime_call UncommonTrapBlob}
  0x000001fa0ebc5a68: c5f8 77e8 

  0x000001fa0ebc5a6c: ; ImmutableOopMap {[32]=Oop [40]=Oop [48]=NarrowOop [64]=Oop [72]=NarrowOop }
                      ;*aaload {reexecute=0 rethrow=0 return_oop=0}
                      ; - java.security.CodeSource::getCertificates@50
                      ; - java.lang.ClassLoader::postDefineClass@24
                      ; - java.lang.ClassLoader::defineClass@37
                      ; - java.security.SecureClassLoader::defineClass@12
  0x000001fa0ebc5a6c: 90e8 79ff 

  0x000001fa0ebc5a70: ;   {other}
  0x000001fa0ebc5a70: 0f1f 8400 | e030 0051 | bac6 ffff | ff48 8b4c | 2448 4889 | 4c24 304c | 894c 2438 | 4489 6c24 
  0x000001fa0ebc5a90: 4844 8944 | 244c 4489 | 5424 504c | 895c 2458 

  0x000001fa0ebc5aa0: ;   {runtime_call UncommonTrapBlob}
  0x000001fa0ebc5aa0: c5f8 77e8 

  0x000001fa0ebc5aa4: ; ImmutableOopMap {[32]=Oop [48]=Oop [56]=Oop [72]=NarrowOop [76]=NarrowOop [88]=Oop }
                      ;*invokevirtual find {reexecute=0 rethrow=0 return_oop=0}
                      ; - java.util.concurrent.ConcurrentHashMap::get@93
                      ; - java.lang.ClassLoader::getNamedPackage@5
                      ; - java.lang.ClassLoader::postDefineClass@9
                      ; - java.lang.ClassLoader::defineClass@37
                      ; - java.security.SecureClassLoader::defineClass@12
  0x000001fa0ebc5aa4: 58e8 79ff 

  0x000001fa0ebc5aa8: ;   {other}
  0x000001fa0ebc5aa8: 0f1f 8400 | 1831 0052 | ba76 ffff | ff48 8b6c | 2428 4c8b | 5424 484c | 8954 2440 | 4c89 4c24 
  0x000001fa0ebc5ac8: 4848 894c | 2458 4489 | 4424 6490 

  0x000001fa0ebc5ad4: ;   {runtime_call UncommonTrapBlob}
  0x000001fa0ebc5ad4: c5f8 77e8 

  0x000001fa0ebc5ad8: ; ImmutableOopMap {rbp=Oop [32]=Oop [48]=Oop [64]=Oop [72]=Oop [88]=Oop [104]=Oop }
                      ;*if_icmpge {reexecute=1 rethrow=0 return_oop=0}
                      ; - (reexecute) java.lang.ClassLoader::compareCerts@40
                      ; - java.lang.ClassLoader::checkCerts@80
                      ; - java.lang.ClassLoader::preDefineClass@113
                      ; - java.lang.ClassLoader::defineClass@4
                      ; - java.security.SecureClassLoader::defineClass@12
  0x000001fa0ebc5ad8: 24e8 79ff 

  0x000001fa0ebc5adc: ;   {other}
  0x000001fa0ebc5adc: 0f1f 8400 | 4c31 0053 | ba37 0100 | 0048 8be9 | 4c8b 5424 | 304c 8954 | 2428 448b | 5c24 3844 
  0x000001fa0ebc5afc: 895c 2430 | 448b 5424 | 3c44 8954 | 2434 6690 

  0x000001fa0ebc5b0c: ;   {runtime_call UncommonTrapBlob}
  0x000001fa0ebc5b0c: c5f8 77e8 

  0x000001fa0ebc5b10: ; ImmutableOopMap {rbp=Oop [32]=Oop [40]=Oop }
                      ;*new {reexecute=0 rethrow=0 return_oop=0}
                      ; - java.lang.ClassLoader::preDefineClass@56
                      ; - java.lang.ClassLoader::defineClass@4
                      ; - java.security.SecureClassLoader::defineClass@12
  0x000001fa0ebc5b10: ece7 79ff 

  0x000001fa0ebc5b14: ;   {other}
  0x000001fa0ebc5b14: 0f1f 8400 | 8431 0054 | 498b d7c5 | f877 49ba | 002a 683c | ff7f 0000 

  0x000001fa0ebc5b2c: ;   {other}
  0x000001fa0ebc5b2c: 41ff d20f | 1f84 0000 | 0000 00e9 | 1fe7 ffff | 498b d7c5 | f877 49ba | 002a 683c | ff7f 0000 
  0x000001fa0ebc5b4c: ;   {other}
  0x000001fa0ebc5b4c: 41ff d20f | 1f84 0000 | 0000 00e9 | d5ea ffff | baf6 ffff | ff66 6690 

  0x000001fa0ebc5b64: ;   {runtime_call UncommonTrapBlob}
  0x000001fa0ebc5b64: c5f8 77e8 

  0x000001fa0ebc5b68: ; ImmutableOopMap {}
                      ;*invokevirtual clone {reexecute=1 rethrow=0 return_oop=0}
                      ; - (reexecute) java.security.CodeSource::getCertificates@86
                      ; - java.lang.ClassLoader::checkCerts@34
                      ; - java.lang.ClassLoader::preDefineClass@113
                      ; - java.lang.ClassLoader::defineClass@4
                      ; - java.security.SecureClassLoader::defineClass@12
  0x000001fa0ebc5b68: 94e7 79ff 

  0x000001fa0ebc5b6c: ;   {other}
  0x000001fa0ebc5b6c: 0f1f 8400 | dc31 0055 | baf6 ffff | ff66 6690 

  0x000001fa0ebc5b7c: ;   {runtime_call UncommonTrapBlob}
  0x000001fa0ebc5b7c: c5f8 77e8 

  0x000001fa0ebc5b80: ; ImmutableOopMap {}
                      ;*invokevirtual clone {reexecute=1 rethrow=0 return_oop=0}
                      ; - (reexecute) java.security.CodeSource::getCertificates@86
                      ; - java.lang.ClassLoader::postDefineClass@24
                      ; - java.lang.ClassLoader::defineClass@37
                      ; - java.security.SecureClassLoader::defineClass@12
  0x000001fa0ebc5b80: 7ce7 79ff 

  0x000001fa0ebc5b84: ;   {other}
  0x000001fa0ebc5b84: 0f1f 8400 | f431 0056 | bade ffff | ff48 8b6c | 2428 4c8b | 5424 304c | 8954 2428 | 448b 5424 
  0x000001fa0ebc5ba4: 3844 8954 | 2430 448b | 5c24 3c44 | 895c 2434 | 4889 4424 | 3866 6690 

  0x000001fa0ebc5bbc: ;   {runtime_call UncommonTrapBlob}
  0x000001fa0ebc5bbc: c5f8 77e8 

  0x000001fa0ebc5bc0: ; ImmutableOopMap {rbp=Oop [32]=Oop [40]=Oop [56]=Oop }
                      ;*checkcast {reexecute=0 rethrow=0 return_oop=0}
                      ; - java.security.SecureClassLoader::getProtectionDomain@33
                      ; - java.security.SecureClassLoader::defineClass@9
  0x000001fa0ebc5bc0: 3ce7 79ff 

  0x000001fa0ebc5bc4: ;   {other}
  0x000001fa0ebc5bc4: 0f1f 8400 | 3432 0057 | bade ffff | ff48 8b6c | 2428 4c8b | 5424 304c | 8954 2428 | 448b 5c24 
  0x000001fa0ebc5be4: 3844 895c | 2430 448b | 5424 3c44 | 8954 2434 | 4c8b 5424 | 484c 8954 | 2438 4c8b | 5424 504c 
  0x000001fa0ebc5c04: 8954 2440 | 4889 4424 | 5866 6690 

  0x000001fa0ebc5c10: ;   {runtime_call UncommonTrapBlob}
  0x000001fa0ebc5c10: c5f8 77e8 

  0x000001fa0ebc5c14: ; ImmutableOopMap {rbp=Oop [32]=Oop [40]=Oop [56]=Oop [64]=Oop [88]=Oop [104]=Oop }
                      ;*checkcast {reexecute=0 rethrow=0 return_oop=0}
                      ; - java.lang.ClassLoader::checkCerts@65
                      ; - java.lang.ClassLoader::preDefineClass@113
                      ; - java.lang.ClassLoader::defineClass@4
                      ; - java.security.SecureClassLoader::defineClass@12
  0x000001fa0ebc5c14: e8e6 79ff 

  0x000001fa0ebc5c18: ;   {other}
  0x000001fa0ebc5c18: 0f1f 8400 | 8832 0058 | bade ffff | ff48 8944 | 2440 6690 

  0x000001fa0ebc5c2c: ;   {runtime_call UncommonTrapBlob}
  0x000001fa0ebc5c2c: c5f8 77e8 

  0x000001fa0ebc5c30: ; ImmutableOopMap {rbp=NarrowOop [32]=Oop [40]=Oop [64]=Oop }
                      ;*checkcast {reexecute=0 rethrow=0 return_oop=0}
                      ; - java.security.CodeSource::getCertificates@76
                      ; - java.lang.ClassLoader::postDefineClass@24
                      ; - java.lang.ClassLoader::defineClass@37
                      ; - java.security.SecureClassLoader::defineClass@12
  0x000001fa0ebc5c30: cce6 79ff 

  0x000001fa0ebc5c34: ;   {other}
  0x000001fa0ebc5c34: 0f1f 8400 | a432 0059 | bade ffff | ff4c 8b54 | 2430 4c89 | 5424 2844 | 8b5c 2438 | 4489 5c24 
  0x000001fa0ebc5c54: 3044 8b54 | 243c 4489 | 5424 344c | 8b54 2448 | 4c89 5424 | 384c 8b54 | 2450 4c89 | 5424 4848 
  0x000001fa0ebc5c74: 8944 2460 

  0x000001fa0ebc5c78: ;   {runtime_call UncommonTrapBlob}
  0x000001fa0ebc5c78: c5f8 77e8 

  0x000001fa0ebc5c7c: ; ImmutableOopMap {rbp=Oop [32]=Oop [40]=Oop [56]=Oop [64]=NarrowOop [72]=Oop [96]=Oop [104]=Oop }
                      ;*checkcast {reexecute=0 rethrow=0 return_oop=0}
                      ; - java.security.CodeSource::getCertificates@76
                      ; - java.lang.ClassLoader::checkCerts@34
                      ; - java.lang.ClassLoader::preDefineClass@113
                      ; - java.lang.ClassLoader::defineClass@4
                      ; - java.security.SecureClassLoader::defineClass@12
  0x000001fa0ebc5c7c: 80e6 79ff 

  0x000001fa0ebc5c80: ;   {other}
  0x000001fa0ebc5c80: 0f1f 8400 | f032 005a | baf6 ffff | ff49 8be8 | 4c89 4c24 | 2066 6690 

  0x000001fa0ebc5c98: ;   {runtime_call UncommonTrapBlob}
  0x000001fa0ebc5c98: c5f8 77e8 

  0x000001fa0ebc5c9c: ; ImmutableOopMap {rbp=Oop [32]=Oop }
                      ;*invokeinterface computeIfAbsent {reexecute=0 rethrow=0 return_oop=0}
                      ; - java.security.SecureClassLoader::getProtectionDomain@28
                      ; - java.security.SecureClassLoader::defineClass@9
  0x000001fa0ebc5c9c: 60e6 79ff 

  0x000001fa0ebc5ca0: ;   {other}
  0x000001fa0ebc5ca0: 0f1f 8400 | 1033 005b | baf4 ffff | ff48 8b6c | 2428 4c8b | 5424 304c | 8954 2428 

  0x000001fa0ebc5cbc: ;   {runtime_call UncommonTrapBlob}
  0x000001fa0ebc5cbc: c5f8 77e8 

  0x000001fa0ebc5cc0: ; ImmutableOopMap {rbp=Oop [32]=Oop [40]=Oop }
                      ;*checkcast {reexecute=0 rethrow=0 return_oop=0}
                      ; - java.security.SecureClassLoader::getProtectionDomain@33
                      ; - java.security.SecureClassLoader::defineClass@9
  0x000001fa0ebc5cc0: 3ce6 79ff 

  0x000001fa0ebc5cc4: ;   {other}
  0x000001fa0ebc5cc4: 0f1f 8400 | 3433 005c | baf6 ffff | ff66 6690 

  0x000001fa0ebc5cd4: ;   {runtime_call UncommonTrapBlob}
  0x000001fa0ebc5cd4: c5f8 77e8 

  0x000001fa0ebc5cd8: ; ImmutableOopMap {}
                      ;*arraylength {reexecute=0 rethrow=0 return_oop=0}
                      ; - java.lang.String::isEmpty@4
                      ; - java.lang.ClassLoader::checkName@5
                      ; - java.lang.ClassLoader::preDefineClass@1
                      ; - java.lang.ClassLoader::defineClass@4
                      ; - java.security.SecureClassLoader::defineClass@12
  0x000001fa0ebc5cd8: 24e6 79ff 

  0x000001fa0ebc5cdc: ;   {other}
  0x000001fa0ebc5cdc: 0f1f 8400 | 4c33 005d | baf6 ffff | ff66 6690 

  0x000001fa0ebc5cec: ;   {runtime_call UncommonTrapBlob}
  0x000001fa0ebc5cec: c5f8 77e8 

  0x000001fa0ebc5cf0: ; ImmutableOopMap {}
                      ;*invokevirtual getPackageName {reexecute=0 rethrow=0 return_oop=0}
                      ; - java.lang.ClassLoader::postDefineClass@2
                      ; - java.lang.ClassLoader::defineClass@37
                      ; - java.security.SecureClassLoader::defineClass@12
  0x000001fa0ebc5cf0: 0ce6 79ff 

  0x000001fa0ebc5cf4: ;   {other}
  0x000001fa0ebc5cf4: 0f1f 8400 | 6433 005e | baf6 ffff | ff66 6690 

  0x000001fa0ebc5d04: ;   {runtime_call UncommonTrapBlob}
  0x000001fa0ebc5d04: c5f8 77e8 

  0x000001fa0ebc5d08: ; ImmutableOopMap {}
                      ;*invokevirtual hashCode {reexecute=0 rethrow=0 return_oop=0}
                      ; - java.util.concurrent.ConcurrentHashMap::get@1
                      ; - java.lang.ClassLoader::getNamedPackage@5
                      ; - java.lang.ClassLoader::postDefineClass@9
                      ; - java.lang.ClassLoader::defineClass@37
                      ; - java.security.SecureClassLoader::defineClass@12
  0x000001fa0ebc5d08: f4e5 79ff 

  0x000001fa0ebc5d0c: ;   {other}
  0x000001fa0ebc5d0c: 0f1f 8400 | 7c33 005f | ba45 ffff | ff48 8b6c | 2428 6690 

  0x000001fa0ebc5d20: ;   {runtime_call UncommonTrapBlob}
  0x000001fa0ebc5d20: c5f8 77e8 

  0x000001fa0ebc5d24: ; ImmutableOopMap {rbp=Oop [32]=Oop [48]=Oop [72]=Oop }
                      ;*ifnull {reexecute=1 rethrow=0 return_oop=0}
                      ; - (reexecute) java.lang.ClassLoader::checkName@1
                      ; - java.lang.ClassLoader::preDefineClass@1
                      ; - java.lang.ClassLoader::defineClass@4
                      ; - java.security.SecureClassLoader::defineClass@12
  0x000001fa0ebc5d24: d8e5 79ff 

  0x000001fa0ebc5d28: ;   {other}
  0x000001fa0ebc5d28: 0f1f 8400 | 9833 0060 | ba45 ffff | ff48 8b6c | 2428 4c8b | 5424 304c | 8954 2428 | 448b 5424 
  0x000001fa0ebc5d48: 3844 8954 | 2430 448b | 5c24 3c44 | 895c 2434 | 4c8b 5424 | 484c 8954 | 2438 4889 | 5c24 484c 
  0x000001fa0ebc5d68: 8974 2450 | 4889 7c24 | 5866 6690 

  0x000001fa0ebc5d74: ;   {runtime_call UncommonTrapBlob}
  0x000001fa0ebc5d74: c5f8 77e8 

  0x000001fa0ebc5d78: ; ImmutableOopMap {rbp=Oop [40]=Oop [56]=Oop [64]=NarrowOop [72]=Oop [80]=Oop [88]=Oop }
                      ;*ifnull {reexecute=1 rethrow=0 return_oop=0}
                      ; - (reexecute) java.lang.ClassLoader::checkCerts@30
                      ; - java.lang.ClassLoader::preDefineClass@113
                      ; - java.lang.ClassLoader::defineClass@4
                      ; - java.security.SecureClassLoader::defineClass@12
  0x000001fa0ebc5d78: 84e5 79ff 

  0x000001fa0ebc5d7c: ;   {other}
  0x000001fa0ebc5d7c: 0f1f 8400 | ec33 0061 | ba45 ffff | ff48 8b6c | 2428 4c8b | 5c24 304c | 895c 2428 | 448b 4424 
  0x000001fa0ebc5d9c: 3844 8944 | 2430 448b | 5c24 3c44 | 895c 2434 | 4489 5424 | 4466 6690 

  0x000001fa0ebc5db4: ;   {runtime_call UncommonTrapBlob}
  0x000001fa0ebc5db4: c5f8 77e8 

  0x000001fa0ebc5db8: ; ImmutableOopMap {rbp=Oop [32]=Oop [40]=Oop [68]=NarrowOop [72]=Oop }
                      ;*ifnull {reexecute=1 rethrow=0 return_oop=0}
                      ; - (reexecute) java.lang.ClassLoader::defineClassSourceLocation@8
                      ; - java.lang.ClassLoader::defineClass@12
                      ; - java.security.SecureClassLoader::defineClass@12
  0x000001fa0ebc5db8: 44e5 79ff 

  0x000001fa0ebc5dbc: ;   {other}
  0x000001fa0ebc5dbc: 0f1f 8400 | 2c34 0062 | ba45 ffff | ff66 6690 

  0x000001fa0ebc5dcc: ;   {runtime_call UncommonTrapBlob}
  0x000001fa0ebc5dcc: c5f8 77e8 

  0x000001fa0ebc5dd0: ; ImmutableOopMap {rbp=NarrowOop [32]=Oop [40]=Oop [48]=Oop [72]=Oop }
                      ;*ifnull {reexecute=1 rethrow=0 return_oop=0}
                      ; - (reexecute) java.lang.ClassLoader::defineClassSourceLocation@15
                      ; - java.lang.ClassLoader::defineClass@12
                      ; - java.security.SecureClassLoader::defineClass@12
  0x000001fa0ebc5dd0: 2ce5 79ff 

  0x000001fa0ebc5dd4: ;   {other}
  0x000001fa0ebc5dd4: 0f1f 8400 | 4434 0063 | 4d85 d244 | 8b5c 2444 | 410f 94c3 | ba45 ffff | ff4c 8b54 | 2448 4c89 
  0x000001fa0ebc5df4: 5424 3048 | 8944 2440 | 4489 5c24 | 4866 6690 

  0x000001fa0ebc5e04: ;   {runtime_call UncommonTrapBlob}
  0x000001fa0ebc5e04: c5f8 77e8 

  0x000001fa0ebc5e08: ; ImmutableOopMap {[32]=Oop [40]=Oop [48]=Oop [64]=Oop }
                      ;*ifeq {reexecute=1 rethrow=0 return_oop=0}
                      ; - (reexecute) java.lang.Class::getPackageName@29
                      ; - java.lang.ClassLoader::postDefineClass@2
                      ; - java.lang.ClassLoader::defineClass@37
                      ; - java.security.SecureClassLoader::defineClass@12
  0x000001fa0ebc5e08: f4e4 79ff 

  0x000001fa0ebc5e0c: ;   {other}
  0x000001fa0ebc5e0c: 0f1f 8400 | 7c34 0064 | baf6 ffff | ff66 6690 

  0x000001fa0ebc5e1c: ;   {runtime_call UncommonTrapBlob}
  0x000001fa0ebc5e1c: c5f8 77e8 

  0x000001fa0ebc5e20: ; ImmutableOopMap {}
                      ;*arraylength {reexecute=0 rethrow=0 return_oop=0}
                      ; - java.lang.String::length@4
                      ; - java.lang.String::lastIndexOf@3
                      ; - java.lang.Class::getPackageName@47
                      ; - java.lang.ClassLoader::postDefineClass@2
                      ; - java.lang.ClassLoader::defineClass@37
                      ; - java.security.SecureClassLoader::defineClass@12
  0x000001fa0ebc5e20: dce4 79ff 

  0x000001fa0ebc5e24: ;   {other}
  0x000001fa0ebc5e24: 0f1f 8400 | 9434 0065 | ba45 ffff | ff48 8b6c | 2420 4489 | 4424 2090 

  0x000001fa0ebc5e3c: ;   {runtime_call UncommonTrapBlob}
  0x000001fa0ebc5e3c: c5f8 77e8 

  0x000001fa0ebc5e40: ; ImmutableOopMap {rbp=Oop [32]=NarrowOop }
                      ;*ifnull {reexecute=1 rethrow=0 return_oop=0}
                      ; - (reexecute) java.lang.ClassLoader::postDefineClass@17
                      ; - java.lang.ClassLoader::defineClass@37
                      ; - java.security.SecureClassLoader::defineClass@12
  0x000001fa0ebc5e40: bce4 79ff 

  0x000001fa0ebc5e44: ;   {other}
  0x000001fa0ebc5e44: 0f1f 8400 | b434 0066 | ba45 ffff | ff48 8b4c | 2448 4889 | 4c24 384c | 894c 2440 | 4489 6c24 
  0x000001fa0ebc5e64: 504c 895c | 2458 4489 | 4424 5444 | 8954 2460 

  0x000001fa0ebc5e74: ;   {runtime_call UncommonTrapBlob}
  0x000001fa0ebc5e74: c5f8 77e8 

  0x000001fa0ebc5e78: ; ImmutableOopMap {rbp=NarrowOop [32]=Oop [56]=Oop [64]=Oop [80]=NarrowOop [84]=NarrowOop [88]=Oop }
                      ;*ifnull {reexecute=1 rethrow=0 return_oop=0}
                      ; - (reexecute) java.util.concurrent.ConcurrentHashMap::get@67
                      ; - java.lang.ClassLoader::getNamedPackage@5
                      ; - java.lang.ClassLoader::postDefineClass@9
                      ; - java.lang.ClassLoader::defineClass@37
                      ; - java.security.SecureClassLoader::defineClass@12
  0x000001fa0ebc5e78: 84e4 79ff 

  0x000001fa0ebc5e7c: ;   {other}
  0x000001fa0ebc5e7c: 0f1f 8400 | ec34 0067 | baf6 ffff | ff41 8be8 

  0x000001fa0ebc5e8c: ;   {runtime_call UncommonTrapBlob}
  0x000001fa0ebc5e8c: c5f8 77e8 

  0x000001fa0ebc5e90: ; ImmutableOopMap {}
                      ;*aaload {reexecute=0 rethrow=0 return_oop=0}
                      ; - java.security.CodeSource::getCertificates@50
                      ; - java.lang.ClassLoader::checkCerts@34
                      ; - java.lang.ClassLoader::preDefineClass@113
                      ; - java.lang.ClassLoader::defineClass@4
                      ; - java.security.SecureClassLoader::defineClass@12
  0x000001fa0ebc5e90: 6ce4 79ff 

  0x000001fa0ebc5e94: ;   {other}
  0x000001fa0ebc5e94: 0f1f 8400 | 0435 0068 | baf6 ffff | ff66 6690 

  0x000001fa0ebc5ea4: ;   {runtime_call UncommonTrapBlob}
  0x000001fa0ebc5ea4: c5f8 77e8 

  0x000001fa0ebc5ea8: ; ImmutableOopMap {}
                      ;*invokevirtual getSignerCertPath {reexecute=0 rethrow=0 return_oop=0}
                      ; - java.security.CodeSource::getCertificates@51
                      ; - java.lang.ClassLoader::checkCerts@34
                      ; - java.lang.ClassLoader::preDefineClass@113
                      ; - java.lang.ClassLoader::defineClass@4
                      ; - java.security.SecureClassLoader::defineClass@12
  0x000001fa0ebc5ea8: 54e4 79ff 

  0x000001fa0ebc5eac: ;   {other}
  0x000001fa0ebc5eac: 0f1f 8400 | 1c35 0069 | baf6 ffff | ff66 6690 

  0x000001fa0ebc5ebc: ;   {runtime_call UncommonTrapBlob}
  0x000001fa0ebc5ebc: c5f8 77e8 

  0x000001fa0ebc5ec0: ; ImmutableOopMap {}
                      ;*invokevirtual getCertificates {reexecute=0 rethrow=0 return_oop=0}
                      ; - java.security.CodeSource::getCertificates@54
                      ; - java.lang.ClassLoader::checkCerts@34
                      ; - java.lang.ClassLoader::preDefineClass@113
                      ; - java.lang.ClassLoader::defineClass@4
                      ; - java.security.SecureClassLoader::defineClass@12
  0x000001fa0ebc5ec0: 3ce4 79ff 

  0x000001fa0ebc5ec4: ;   {other}
  0x000001fa0ebc5ec4: 0f1f 8400 | 3435 006a | baf6 ffff | ff66 6690 

  0x000001fa0ebc5ed4: ;   {runtime_call UncommonTrapBlob}
  0x000001fa0ebc5ed4: c5f8 77e8 

  0x000001fa0ebc5ed8: ; ImmutableOopMap {}
                      ;*arraylength {reexecute=0 rethrow=0 return_oop=0}
                      ; - java.security.CodeSource::getCertificates@40
                      ; - java.lang.ClassLoader::checkCerts@34
                      ; - java.lang.ClassLoader::preDefineClass@113
                      ; - java.lang.ClassLoader::defineClass@4
                      ; - java.security.SecureClassLoader::defineClass@12
  0x000001fa0ebc5ed8: 24e4 79ff 

  0x000001fa0ebc5edc: ;   {other}
  0x000001fa0ebc5edc: 0f1f 8400 | 4c35 006b | baf6 ffff | ff41 8beb 

  0x000001fa0ebc5eec: ;   {runtime_call UncommonTrapBlob}
  0x000001fa0ebc5eec: c5f8 77e8 

  0x000001fa0ebc5ef0: ; ImmutableOopMap {}
                      ;*aaload {reexecute=0 rethrow=0 return_oop=0}
                      ; - java.security.CodeSource::getCertificates@50
                      ; - java.lang.ClassLoader::postDefineClass@24
                      ; - java.lang.ClassLoader::defineClass@37
                      ; - java.security.SecureClassLoader::defineClass@12
  0x000001fa0ebc5ef0: 0ce4 79ff 

  0x000001fa0ebc5ef4: ;   {other}
  0x000001fa0ebc5ef4: 0f1f 8400 | 6435 006c | baf6 ffff | ff66 6690 

  0x000001fa0ebc5f04: ;   {runtime_call UncommonTrapBlob}
  0x000001fa0ebc5f04: c5f8 77e8 

  0x000001fa0ebc5f08: ; ImmutableOopMap {}
                      ;*invokevirtual getSignerCertPath {reexecute=0 rethrow=0 return_oop=0}
                      ; - java.security.CodeSource::getCertificates@51
                      ; - java.lang.ClassLoader::postDefineClass@24
                      ; - java.lang.ClassLoader::defineClass@37
                      ; - java.security.SecureClassLoader::defineClass@12
  0x000001fa0ebc5f08: f4e3 79ff 

  0x000001fa0ebc5f0c: ;   {other}
  0x000001fa0ebc5f0c: 0f1f 8400 | 7c35 006d | baf6 ffff | ff66 6690 

  0x000001fa0ebc5f1c: ;   {runtime_call UncommonTrapBlob}
  0x000001fa0ebc5f1c: c5f8 77e8 

  0x000001fa0ebc5f20: ; ImmutableOopMap {}
                      ;*invokevirtual getCertificates {reexecute=0 rethrow=0 return_oop=0}
                      ; - java.security.CodeSource::getCertificates@54
                      ; - java.lang.ClassLoader::postDefineClass@24
                      ; - java.lang.ClassLoader::defineClass@37
                      ; - java.security.SecureClassLoader::defineClass@12
  0x000001fa0ebc5f20: dce3 79ff 

  0x000001fa0ebc5f24: ;   {other}
  0x000001fa0ebc5f24: 0f1f 8400 | 9435 006e | baf6 ffff | ff66 6690 

  0x000001fa0ebc5f34: ;   {runtime_call UncommonTrapBlob}
  0x000001fa0ebc5f34: c5f8 77e8 

  0x000001fa0ebc5f38: ; ImmutableOopMap {}
                      ;*arraylength {reexecute=0 rethrow=0 return_oop=0}
                      ; - java.security.CodeSource::getCertificates@40
                      ; - java.lang.ClassLoader::postDefineClass@24
                      ; - java.lang.ClassLoader::defineClass@37
                      ; - java.security.SecureClassLoader::defineClass@12
  0x000001fa0ebc5f38: c4e3 79ff 

  0x000001fa0ebc5f3c: ;   {other}
  0x000001fa0ebc5f3c: 0f1f 8400 | ac35 006f | baf4 ffff | ff4c 8b54 | 2430 4c89 | 5424 2844 | 8b5c 2438 | 4489 5c24 
  0x000001fa0ebc5f5c: 3044 8b54 | 243c 4489 | 5424 344c | 8b54 2448 | 4c89 5424 | 384c 8b54 | 2450 4c89 | 5424 4890 
  0x000001fa0ebc5f7c: ;   {runtime_call UncommonTrapBlob}
  0x000001fa0ebc5f7c: c5f8 77e8 

  0x000001fa0ebc5f80: ; ImmutableOopMap {rbp=Oop [32]=Oop [40]=Oop [56]=Oop [64]=NarrowOop [72]=Oop [104]=Oop }
                      ;*checkcast {reexecute=0 rethrow=0 return_oop=0}
                      ; - java.security.CodeSource::getCertificates@76
                      ; - java.lang.ClassLoader::checkCerts@34
                      ; - java.lang.ClassLoader::preDefineClass@113
                      ; - java.lang.ClassLoader::defineClass@4
                      ; - java.security.SecureClassLoader::defineClass@12
  0x000001fa0ebc5f80: 7ce3 79ff 

  0x000001fa0ebc5f84: ;   {other}
  0x000001fa0ebc5f84: 0f1f 8400 | f435 0070 | ba97 ffff | ff4c 8b54 | 2430 4c89 | 5424 2844 | 8b54 2438 | 4489 5424 
  0x000001fa0ebc5fa4: 3044 8b5c | 243c 4489 | 5c24 344c | 8b54 2440 | 4c89 5424 | 384c 8b54 | 2478 4c89 | 5424 6090 
  0x000001fa0ebc5fc4: ;   {runtime_call UncommonTrapBlob}
  0x000001fa0ebc5fc4: c5f8 77e8 

  0x000001fa0ebc5fc8: ; ImmutableOopMap {rbp=Oop [32]=Oop [40]=Oop [56]=Oop [80]=NarrowOop [96]=Oop [104]=Oop [112]=NarrowOop [120]=Oop }
                      ;*invokevirtual clone {reexecute=1 rethrow=0 return_oop=0}
                      ; - (reexecute) java.util.Arrays::copyOfRange@18
                      ; - java.lang.StringLatin1::newString@16
                      ; - java.lang.String::substring@41
                      ; - java.lang.ClassLoader::checkCerts@21
                      ; - java.lang.ClassLoader::preDefineClass@113
                      ; - java.lang.ClassLoader::defineClass@4
                      ; - java.security.SecureClassLoader::defineClass@12
  0x000001fa0ebc5fc8: 34e3 79ff 

  0x000001fa0ebc5fcc: ;   {other}
  0x000001fa0ebc5fcc: 0f1f 8400 | 3c36 0071 | baf4 ffff | ff66 6690 

  0x000001fa0ebc5fdc: ;   {runtime_call UncommonTrapBlob}
  0x000001fa0ebc5fdc: c5f8 77e8 

  0x000001fa0ebc5fe0: ; ImmutableOopMap {rbp=NarrowOop [32]=Oop [40]=Oop }
                      ;*checkcast {reexecute=0 rethrow=0 return_oop=0}
                      ; - java.security.CodeSource::getCertificates@76
                      ; - java.lang.ClassLoader::postDefineClass@24
                      ; - java.lang.ClassLoader::defineClass@37
                      ; - java.security.SecureClassLoader::defineClass@12
  0x000001fa0ebc5fe0: 1ce3 79ff 

  0x000001fa0ebc5fe4: ;   {other}
  0x000001fa0ebc5fe4: 0f1f 8400 | 5436 0072 | ba97 ffff | ff66 6690 

  0x000001fa0ebc5ff4: ;   {runtime_call UncommonTrapBlob}
  0x000001fa0ebc5ff4: c5f8 77e8 

  0x000001fa0ebc5ff8: ; ImmutableOopMap {rbp=Oop [32]=Oop [40]=Oop [48]=NarrowOop [56]=Oop }
                      ;*invokevirtual clone {reexecute=1 rethrow=0 return_oop=0}
                      ; - (reexecute) java.util.Arrays::copyOfRange@18
                      ; - java.lang.StringLatin1::newString@16
                      ; - java.lang.String::substring@41
                      ; - java.lang.Class::getPackageName@62
                      ; - java.lang.ClassLoader::postDefineClass@2
                      ; - java.lang.ClassLoader::defineClass@37
                      ; - java.security.SecureClassLoader::defineClass@12
  0x000001fa0ebc5ff8: 04e3 79ff 

  0x000001fa0ebc5ffc: ;   {other}
  0x000001fa0ebc5ffc: 0f1f 8400 | 6c36 0073 | ba97 ffff | ff48 8b6c | 2420 4c8b | 5424 304c | 8954 2428 | 448b 5c24 
  0x000001fa0ebc601c: 3844 895c | 2430 448b | 5424 3c44 | 8954 2434 | 4c8b 5424 | 484c 8954 | 2438 4c8b | 5424 584c 
  0x000001fa0ebc603c: 8954 2448 

  0x000001fa0ebc6040: ;   {runtime_call UncommonTrapBlob}
  0x000001fa0ebc6040: c5f8 77e8 

  0x000001fa0ebc6044: ; ImmutableOopMap {rbp=Oop [40]=Oop [56]=Oop [64]=Oop [72]=Oop [84]=NarrowOop [96]=Oop }
                      ;*invokevirtual clone {reexecute=1 rethrow=0 return_oop=0}
                      ; - (reexecute) java.security.CodeSource::getCertificates@11
                      ; - java.lang.ClassLoader::checkCerts@34
                      ; - java.lang.ClassLoader::preDefineClass@113
                      ; - java.lang.ClassLoader::defineClass@4
                      ; - java.security.SecureClassLoader::defineClass@12
  0x000001fa0ebc6044: b8e2 79ff 

  0x000001fa0ebc6048: ;   {other}
  0x000001fa0ebc6048: 0f1f 8400 | b836 0074 | ba97 ffff | ff48 8b6c | 2428 6690 

  0x000001fa0ebc605c: ;   {runtime_call UncommonTrapBlob}
  0x000001fa0ebc605c: c5f8 77e8 

  0x000001fa0ebc6060: ; ImmutableOopMap {rbp=Oop [32]=Oop [48]=NarrowOop }
                      ;*invokevirtual clone {reexecute=1 rethrow=0 return_oop=0}
                      ; - (reexecute) java.security.CodeSource::getCertificates@11
                      ; - java.lang.ClassLoader::postDefineClass@24
                      ; - java.lang.ClassLoader::defineClass@37
                      ; - java.security.SecureClassLoader::defineClass@12
  0x000001fa0ebc6060: 9ce2 79ff 

  0x000001fa0ebc6064: ;   {other}
  0x000001fa0ebc6064: 0f1f 8400 | d436 0075 | ba97 ffff | ff4c 8b54 | 2448 4c89 | 5424 404c | 8b54 2450 | 4c89 5424 
  0x000001fa0ebc6084: 4866 6690 

  0x000001fa0ebc6088: ;   {runtime_call UncommonTrapBlob}
  0x000001fa0ebc6088: c5f8 77e8 

  0x000001fa0ebc608c: ; ImmutableOopMap {rbp=Oop [32]=Oop [40]=Oop [48]=Oop [64]=Oop [72]=Oop [104]=Oop }
                      ;*invokevirtual clone {reexecute=1 rethrow=0 return_oop=0}
                      ; - (reexecute) java.security.CodeSource::getCertificates@86
                      ; - java.lang.ClassLoader::checkCerts@34
                      ; - java.lang.ClassLoader::preDefineClass@113
                      ; - java.lang.ClassLoader::defineClass@4
                      ; - java.security.SecureClassLoader::defineClass@12
  0x000001fa0ebc608c: 70e2 79ff 

  0x000001fa0ebc6090: ;   {other}
  0x000001fa0ebc6090: 0f1f 8400 | 0037 0076 | ba97 ffff | ff66 6690 

  0x000001fa0ebc60a0: ;   {runtime_call UncommonTrapBlob}
  0x000001fa0ebc60a0: c5f8 77e8 

  0x000001fa0ebc60a4: ; ImmutableOopMap {[32]=Oop [40]=Oop [56]=Oop }
                      ;*invokevirtual clone {reexecute=1 rethrow=0 return_oop=0}
                      ; - (reexecute) java.security.CodeSource::getCertificates@86
                      ; - java.lang.ClassLoader::postDefineClass@24
                      ; - java.lang.ClassLoader::defineClass@37
                      ; - java.security.SecureClassLoader::defineClass@12
  0x000001fa0ebc60a4: 58e2 79ff 

  0x000001fa0ebc60a8: ;   {other}
  0x000001fa0ebc60a8: 0f1f 8400 | 1837 0077 | eb3d eb3b | eb39 eb37 | eb35 eb33 | eb31 eb2f | eb2d eb26 | eb24 eb27 
  0x000001fa0ebc60c8: eb25 eb23 | eb21 eb1f | eb1d eb1b | eb19 eb17 | eb15 eb13 | eb11 eb0f | eb0d eb0b | eb09 eb07 
  0x000001fa0ebc60e8: eb05 488b | d0eb 0348 | 8bd0 c5f8 | 7748 81c4 | c000 0000 

  0x000001fa0ebc60fc: ;   {runtime_call _rethrow_Java}
  0x000001fa0ebc60fc: 5de9 feb2 

  0x000001fa0ebc6100: ;   {internal_word}
  0x000001fa0ebc6100: 85ff 49ba | 3a3b bc0e | fa01 0000 | 4d89 9768 

  0x000001fa0ebc6110: ;   {runtime_call SafepointBlob}
  0x000001fa0ebc6110: 0400 00e9 | e8f2 79ff 

  0x000001fa0ebc6118: ;   {runtime_call StubRoutines (final stubs)}
  0x000001fa0ebc6118: e8e3 5578 | ffe9 9ccd | ffff f4f4 | f4f4 f4f4 
[Stub Code]
  0x000001fa0ebc6128: ;   {no_reloc}
  0x000001fa0ebc6128: 48bb 0000 | 0000 0000 

  0x000001fa0ebc6130: ;   {runtime_call nmethod}
  0x000001fa0ebc6130: 0000 e9fb 

  0x000001fa0ebc6134: ;   {static_stub}
  0x000001fa0ebc6134: ffff ff48 | bb00 0000 | 0000 0000 

  0x000001fa0ebc6140: ;   {runtime_call nmethod}
  0x000001fa0ebc6140: 00e9 fbff 

  0x000001fa0ebc6144: ;   {static_stub}
  0x000001fa0ebc6144: ffff 48bb | 0000 0000 | 0000 0000 

  0x000001fa0ebc6150: ;   {runtime_call nmethod}
  0x000001fa0ebc6150: e9fb ffff 

  0x000001fa0ebc6154: ;   {static_stub}
  0x000001fa0ebc6154: ff48 bb00 | 0000 0000 

  0x000001fa0ebc615c: ;   {runtime_call nmethod}
  0x000001fa0ebc615c: 0000 00e9 | fbff ffff 

  0x000001fa0ebc6164: ;   {static_stub}
  0x000001fa0ebc6164: 48bb 0000 | 0000 0000 

  0x000001fa0ebc616c: ;   {runtime_call nmethod}
  0x000001fa0ebc616c: 0000 e9fb 

  0x000001fa0ebc6170: ;   {static_stub}
  0x000001fa0ebc6170: ffff ff48 | bb00 0000 | 0000 0000 

  0x000001fa0ebc617c: ;   {runtime_call nmethod}
  0x000001fa0ebc617c: 00e9 fbff 

  0x000001fa0ebc6180: ;   {static_stub}
  0x000001fa0ebc6180: ffff 48bb | 0000 0000 | 0000 0000 

  0x000001fa0ebc618c: ;   {runtime_call nmethod}
  0x000001fa0ebc618c: e9fb ffff 

  0x000001fa0ebc6190: ;   {static_stub}
  0x000001fa0ebc6190: ff48 bb00 | 0000 0000 

  0x000001fa0ebc6198: ;   {runtime_call nmethod}
  0x000001fa0ebc6198: 0000 00e9 | fbff ffff 

  0x000001fa0ebc61a0: ;   {static_stub}
  0x000001fa0ebc61a0: 48bb 0000 | 0000 0000 

  0x000001fa0ebc61a8: ;   {runtime_call nmethod}
  0x000001fa0ebc61a8: 0000 e9fb 

  0x000001fa0ebc61ac: ;   {static_stub}
  0x000001fa0ebc61ac: ffff ff48 | bb00 0000 | 0000 0000 

  0x000001fa0ebc61b8: ;   {runtime_call nmethod}
  0x000001fa0ebc61b8: 00e9 fbff 

  0x000001fa0ebc61bc: ;   {static_stub}
  0x000001fa0ebc61bc: ffff 48bb | 0000 0000 | 0000 0000 

  0x000001fa0ebc61c8: ;   {runtime_call nmethod}
  0x000001fa0ebc61c8: e9fb ffff 

  0x000001fa0ebc61cc: ;   {static_stub}
  0x000001fa0ebc61cc: ff48 bb00 | 0000 0000 

  0x000001fa0ebc61d4: ;   {runtime_call nmethod}
  0x000001fa0ebc61d4: 0000 00e9 | fbff ffff 

  0x000001fa0ebc61dc: ;   {static_stub}
  0x000001fa0ebc61dc: 48bb 0000 | 0000 0000 

  0x000001fa0ebc61e4: ;   {runtime_call nmethod}
  0x000001fa0ebc61e4: 0000 e9fb 

  0x000001fa0ebc61e8: ;   {static_stub}
  0x000001fa0ebc61e8: ffff ff48 | bb00 0000 | 0000 0000 

  0x000001fa0ebc61f4: ;   {runtime_call nmethod}
  0x000001fa0ebc61f4: 00e9 fbff 

  0x000001fa0ebc61f8: ;   {static_stub}
  0x000001fa0ebc61f8: ffff 48bb | 0000 0000 | 0000 0000 

  0x000001fa0ebc6204: ;   {runtime_call nmethod}
  0x000001fa0ebc6204: e9fb ffff 

  0x000001fa0ebc6208: ;   {static_stub}
  0x000001fa0ebc6208: ff48 bb18 | a410 1bfa 

  0x000001fa0ebc6210: ;   {runtime_call I2C/C2I adapters}
  0x000001fa0ebc6210: 0100 00e9 | 4d48 77ff 

  0x000001fa0ebc6218: ;   {static_stub}
  0x000001fa0ebc6218: 48bb 0000 | 0000 0000 

  0x000001fa0ebc6220: ;   {runtime_call nmethod}
  0x000001fa0ebc6220: 0000 e9fb 

  0x000001fa0ebc6224: ;   {static_stub}
  0x000001fa0ebc6224: ffff ff48 | bb00 0000 | 0000 0000 

  0x000001fa0ebc6230: ;   {runtime_call nmethod}
  0x000001fa0ebc6230: 00e9 fbff 

  0x000001fa0ebc6234: ;   {static_stub}
  0x000001fa0ebc6234: ffff 48bb | 0000 0000 | 0000 0000 

  0x000001fa0ebc6240: ;   {runtime_call nmethod}
  0x000001fa0ebc6240: e9fb ffff 

  0x000001fa0ebc6244: ;   {runtime_call ExceptionBlob}
  0x000001fa0ebc6244: ffe9 364f | 85ff e800 | 0000 0048 | 832c 2405 

  0x000001fa0ebc6254: ;   {runtime_call DeoptimizationBlob}
  0x000001fa0ebc6254: e947 e479 | fff4 f4f4 | f4f4 f4f4 
[/MachCode]


Compiled method (c2) 74651 10168   !   4       java.net.URLClassLoader$1::run (81 bytes)
 total in heap  [0x000001fa0ed92090,0x000001fa0ed97718] = 22152
 relocation     [0x000001fa0ed921f0,0x000001fa0ed92520] = 816
 main code      [0x000001fa0ed92520,0x000001fa0ed95590] = 12400
 stub code      [0x000001fa0ed95590,0x000001fa0ed95698] = 264
 oops           [0x000001fa0ed95698,0x000001fa0ed956d8] = 64
 metadata       [0x000001fa0ed956d8,0x000001fa0ed95a70] = 920
 scopes data    [0x000001fa0ed95a70,0x000001fa0ed96ba0] = 4400
 scopes pcs     [0x000001fa0ed96ba0,0x000001fa0ed97220] = 1664
 dependencies   [0x000001fa0ed97220,0x000001fa0ed97328] = 264
 handler table  [0x000001fa0ed97328,0x000001fa0ed97670] = 840
 nul chk table  [0x000001fa0ed97670,0x000001fa0ed97718] = 168

[Constant Pool (empty)]

[MachCode]
[Entry Point]
  # {method} {0x000001fa1b6d6998} 'run' '()Ljava/lang/Class;' in 'java/net/URLClassLoader$1'
  #           [sp+0xd0]  (sp of caller)
  0x000001fa0ed92520: 448b 5208 | 49c1 e203 

  0x000001fa0ed92528: ;   {runtime_call ic_miss_stub}
  0x000001fa0ed92528: 493b c20f | 854f c25c | ff66 6690 | 0f1f 8400 | 0000 0000 | 6666 6690 
[Verified Entry Point]
  0x000001fa0ed92540: 8984 2400 | 80ff ff55 | 4881 ecc0 | 0000 0090 | 4181 7f20 | 1b00 0000 | 0f85 2830 | 0000 4889 
  0x000001fa0ed92560: 5424 5044 | 8b42 0c45 | 0fbe 5010 | 4585 d20f | 8557 1c00 | 0041 8b48 | 148b 590c | 4d8b f085 
  0x000001fa0ed92580: db0f 86c5 | 0300 008d | 7bff 3bfb | 0f83 9e1b | 0000 8d53 | fd48 8bf1 | 8079 102e | 0f84 be0f 
  0x000001fa0ed925a0: 0000 83fa | 010f 8e7d | 0300 00bd | 0100 0000 | 448b d344 | 2bd5 4183 | c2fd 4533 | c93b d545 
  0x000001fa0ed925c0: 0f4c d141 | 81fa a00f | 0000 41bb | a00f 0000 | 450f 47d3 | 4403 d5eb | 0a0f 1f80 | 0000 0000 
  0x000001fa0ed925e0: 418b e948 | 63c5 440f | be4c 0110 | 4183 f92e | 7466 440f | be5c 0111 | 4183 fb2e | 7453 440f 
  0x000001fa0ed92600: be4c 0112 | 4183 f92e | 744b 440f | be5c 0113 | 4183 fb2e | 7438 448d | 4d04 453b | ca7c c14d 
  0x000001fa0ed92620: 8b97 5804 | 0000 83c5 

  0x000001fa0ed92628: ; ImmutableOopMap {r8=NarrowOop rcx=NarrowOop rsi=Oop r14=Oop [80]=Oop }
                      ;*if_icmpne {reexecute=1 rethrow=0 return_oop=0}
                      ; - (reexecute) java.lang.StringLatin1::replace@28
                      ; - java.lang.String::replace@18
                      ; - java.net.URLClassLoader$1::run@8
                      ;   {poll}
  0x000001fa0ed92628: 0341 8502 | 443b ca0f | 8df9 0200 | 0041 8be9 | e973 ffff | ffc4 c179 | 7ec0 418b | cdc5 f97e 
  0x000001fa0ed92648: d2e9 b500 | 0000 83c5 | 02ff c5eb | 0383 c502 | 3beb 0f8d | ec02 0000 | 81fb 0000 | 1000 0f87 
  0x000001fa0ed92668: bc17 0000 | 4d8b 97b8 | 0100 004c | 63db 4983 | c317 4983 | e3f8 4d8b | ca4d 03cb | 4d3b 8fc8 
  0x000001fa0ed92688: 0100 000f | 8397 1700 | 004d 898f | b801 0000 | 410f 0d89 | 0001 0000 | 49c7 0201 | 0000 0041 
  0x000001fa0ed926a8: 0f0d 8940 

  0x000001fa0ed926ac: ;   {metadata({type array byte})}
  0x000001fa0ed926ac: 0100 0041 | c742 0859 | 8100 2041 | 895a 0c41 | 0f0d 8980 | 0100 0085 | ed0f 8ecd | 0000 0044 
  0x000001fa0ed926cc: 8d4d ff44 | 3bcb 0f83 | 181b 0000 | 85db 0f86 | 101b 0000 | 440f be59 | 1045 885a | 1041 83f9 
  0x000001fa0ed926ec: 010f 8e25 | 1b00 0041 | bbd0 0700 | 00b8 0100 | 0000 c4c1 | f96e ca44 | 8bd5 442b | d041 ffca 
  0x000001fa0ed9270c: 4533 ed44 | 3bc8 450f | 4cd5 4181 | fad0 0700 | 0045 0f47 | d344 03d0 | c4c1 796e | c044 8be9 
  0x000001fa0ed9272c: c5f9 6ed2 | 4863 d045 | 0fbe 4415 | 10c4 e1f9 | 7ec9 4488 | 4411 1041 | 0fbe 4c15 | 11c4 c1f9 
  0x000001fa0ed9274c: 7ec8 4188 | 4c10 1183 | c002 413b | c27c d54d | 8b97 5804 

  0x000001fa0ed92760: ; ImmutableOopMap {r8=Oop rsi=Oop r13=NarrowOop r14=Oop xmm0=NarrowOop xmm1=Oop [80]=Oop }
                      ;*goto {reexecute=1 rethrow=0 return_oop=0}
                      ; - (reexecute) java.lang.StringLatin1::replace@76
                      ; - java.lang.String::replace@18
                      ; - java.net.URLClassLoader$1::run@8
                      ;   {poll}
  0x000001fa0ed92760: 0000 4185 | 0241 3bc1 | 0f8c cffe | ffff c4c1 | 797e c041 | 8bcd c5f9 | 7ed2 c4c1 | f97e ca3b 
  0x000001fa0ed92780: c57d 1590 | 4c63 c846 | 0fbe 5c09 | 1047 885c | 0a10 ffc0 | 3bc5 7cec | 3beb 0f8d | 3e01 0000 
  0x000001fa0ed927a0: 3beb 0f83 | fc19 0000 | 3bfb 0f83 | f419 0000 | 448d 4d01 | 4c63 c546 | 0fbe 5c01 | 1041 83fb 
  0x000001fa0ed927c0: 2e0f 8421 | 0d00 0047 | 885c 0210 | 448d 4501 | 453b c17d | 0541 8be8 | ebda 443b | c20f 8dd3 
  0x000001fa0ed927e0: 0000 00ff | c5e9 7d00 | 0000 41b8 | 2f00 0000 | 4588 443a | 1244 0fbe | 4c39 1341 | 83f9 2e74 
  0x000001fa0ed92800: 5045 884c | 3a13 83c5 | 0441 3beb | 7d4b 4863 | fd44 0fbe | 4439 1041 | 83f8 2e74 | 2c45 8844 
  0x000001fa0ed92820: 3a10 440f | be4c 3911 | 4183 f92e | 7413 4588 | 4c3a 1144 | 0fbe 4439 | 1241 83f8 | 2e75 b1eb 
  0x000001fa0ed92840: a941 b92f | 0000 00eb | e541 b82f | 0000 00eb | cc41 b92f | 0000 00eb | a84d 8b87 

  0x000001fa0ed9285c: ; ImmutableOopMap {r10=Oop rcx=NarrowOop rsi=Oop r14=Oop [80]=Oop }
                      ;*goto {reexecute=1 rethrow=0 return_oop=0}
                      ; - (reexecute) java.lang.StringLatin1::replace@113
                      ; - java.lang.String::replace@18
                      ; - java.net.URLClassLoader$1::run@8
  0x000001fa0ed9285c: 5804 0000 

  0x000001fa0ed92860: ;   {poll}
  0x000001fa0ed92860: 4185 003b | ea7d 5244 | 8bdb 442b | dd41 83c3 | fd45 33c0 | 3bd5 450f | 4cd8 4181 | fba0 0f00 
  0x000001fa0ed92880: 0041 b8a0 | 0f00 0045 | 0f47 d844 | 03dd e97b | ffff ffc6 | 441d 102e | c644 1d11 | 63c6 441d 
  0x000001fa0ed928a0: 126c c644 | 1d13 61c6 | 441d 1473 | c644 1d15 | 73e9 9001 | 0000 418b | e83b eb7d | 2166 6690 
  0x000001fa0ed928c0: 4c63 dd46 | 0fbe 4c19 | 1041 83f9 | 2e0f 8420 | 0c00 0047 | 884c 1a10 | ffc5 3beb | 7ce2 4d8b 
  0x000001fa0ed928e0: 87b8 0100 | 004d 8bd8 | 4983 c318 | 4d3b 9fc8 | 0100 000f | 8392 1500 | 004d 899f | b801 0000 
  0x000001fa0ed92900: 410f 0d8b | 0001 0000 | 49c7 0001 

  0x000001fa0ed9290c: ;   {metadata('java/lang/String')}
  0x000001fa0ed9290c: 0000 0041 | c740 0812 | 8400 2045 | 8960 0c4d | 8960 104d | 8bca 4589 | 4814 eb2a | 41b9 0100 
  0x000001fa0ed9292c: 0000 443b | cb7d 1990 | 460f be5c | 0910 4183 | fb2e 0f84 | 7917 0000 | 41ff c144 | 3bcb 7ce8 
  0x000001fa0ed9294c: 4c8b d14d | 8bc6 458b | 4a0c 4585 | c90f 8622 | 0b00 0041 | 0fbe 4810 | c4c2 72f7 | f948 63df 
  0x000001fa0ed9296c: 83f9 010f | 8487 1c00 | 0085 ff0f | 8c23 1c00 | 0048 8d73 | 068b ee85 | ed0f 8c35 | 1c00 004c 
  0x000001fa0ed9298c: 8bde 49c1 | fb20 458b | dbc4 6221 | f7dd 4585 | db0f 8c7d | 1c00 0041 | 81fb 0000 | 1000 0f87 
  0x000001fa0ed929ac: a817 0000 | 4963 d341 | 81fb 0000 | 1000 0f87 | 4c13 0000 | 498b afb8 | 0100 0048 | 83c2 1748 
  0x000001fa0ed929cc: 83e2 f848 | 8bc5 4803 | c249 3b87 | c801 0000 | 0f83 2a13 | 0000 4989 | 87b8 0100 | 000f 0d88 
  0x000001fa0ed929ec: 0001 0000 | 48c7 4500 | 0100 0000 | 0f0d 8840 

  0x000001fa0ed929fc: ;   {metadata({type array byte})}
  0x000001fa0ed929fc: 0100 00c7 | 4508 5981 | 0020 4489 | 5d0c 0f0d | 8880 0100 | 008d 5706 | 443b da0f | 8243 1700 
  0x000001fa0ed92a1c: 0048 63df | 85ff 0f8e | 6bfe ffff | c644 1d15 | 73c6 441d | 1473 c644 | 1d13 61c6 | 441d 126c 
  0x000001fa0ed92a3c: c644 1d11 | 63c6 441d | 102e 85c9 | 0f85 8e1b | 0000 453b | d90f 822d | 1700 0045 | 85c9 7629 
  0x000001fa0ed92a5c: 488b d548 | 83c2 1049 | 83c2 104d | 63c1 498b | cac5 f877 | 49ba 4097 | 340e fa01 | 0000 41ff 
  0x000001fa0ed92a7c: ;   {other}
  0x000001fa0ed92a7c: d20f 1f84 | 0000 0000 | 0049 8b87 | b801 0000 | 4c8b d049 | 83c2 184d | 3b97 c801 | 0000 0f83 
  0x000001fa0ed92a9c: dd12 0000 | 4d89 97b8 | 0100 0041 | 0f0d 8a00 | 0100 0048 | c700 0100 

  0x000001fa0ed92ab4: ;   {metadata('java/lang/String')}
  0x000001fa0ed92ab4: 0000 c740 | 0812 8400 | 2044 8960 | 0c44 8960 | 104c 8bdd | 4489 5814 | 4c8b 5424 | 5045 8b52 
  0x000001fa0ed92ad4: 1045 8b5a | 5445 85db | 0f84 3216 | 0000 498b | d34c 8bc0 | 4533 c990 

  0x000001fa0ed92aec: ;   {optimized virtual_call}
  0x000001fa0ed92aec: c5f8 77e8 

  0x000001fa0ed92af0: ; ImmutableOopMap {[80]=Oop }
                      ;*invokevirtual getResource {reexecute=0 rethrow=0 return_oop=1}
                      ; - java.net.URLClassLoader$1::run@26
  0x000001fa0ed92af0: 0c3e d0ff 

  0x000001fa0ed92af4: ;   {other}
  0x000001fa0ed92af4: 0f1f 8400 | 640a 0003 | 4c8b e848 | 85c0 0f84 | 5e09 0000 | 4c8b 5424 | 5045 8b5a | 1044 895c 
  0x000001fa0ed92b14: 2430 458b | 520c 4489 | 5424 6445 | 85db 0f84 | fa16 0000 | c5f8 7749 | ba20 25a3 | 3cff 7f00 
  0x000001fa0ed92b34: 0041 ffd2 

  0x000001fa0ed92b38: ;   {other}
  0x000001fa0ed92b38: 0f1f 8400 | 0000 0000 | 4889 4424 | 4044 8b5c | 2464 458b | 5b14 458b | 430c 448b | 5424 6445 
  0x000001fa0ed92b58: 0fbe 5210 | c442 2af7 | c841 8d59 | ff45 85d2 | 0f85 d21b | 0000 458d | 50ff 443b | d344 0f4f 
  0x000001fa0ed92b78: d38b 5c24 | 6448 8bd3 | 498b cb45 | 85d2 0f8c | 660e 0000 | 33db 4889 | 9c24 9000 | 0000 6666 
  0x000001fa0ed92b98: 0f1f 8400 | 0000 0000 | 453b d00f | 83b0 1400 | 0043 807c | 1310 2e74 | 1a49 8bbf | 5804 0000 
  0x000001fa0ed92bb8: 41ff ca49 

  0x000001fa0ed92bbc: ; ImmutableOopMap {r11=NarrowOop rcx=Oop rbx=Oop rdx=Oop r13=Oop [48]=NarrowOop [80]=Oop [100]=NarrowOop }
                      ;*goto {reexecute=1 rethrow=0 return_oop=0}
                      ; - (reexecute) java.lang.StringLatin1::lastIndexOf@35
                      ; - java.lang.String::lastIndexOf@13
                      ; - java.lang.String::lastIndexOf@8
                      ; - java.net.URLClassLoader::defineClass@7
                      ; - java.net.URLClassLoader$1::run@43
                      ;   {poll}
  0x000001fa0ed92bbc: 8bdd 8507 | 4585 d27d | db41 baff | ffff ff41 

  0x000001fa0ed92bcc: ;   {metadata('jdk/internal/loader/URLClassPath$JarLoader$2')}
  0x000001fa0ed92bcc: 8b7d 0881 | ff78 2e01 | 200f 85a7 | 0a00 0049 | 8bdd 8b73 | 208b 761c | 8b5c 2430 | 4c8b f341 
  0x000001fa0ed92bec: 83fa ff0f | 84d0 0a00 | 0045 85d2 | 0f8c 9e1b | 0000 453b | d10f 8f55 | 1c00 0045 | 3bd1 0f84 
  0x000001fa0ed92c0c: 4309 0000 | 4585 d20f | 841c 0a00 | 0049 8b9f | b801 0000 | 4c8b cb49 | 83c1 184d | 3b8f c801 
  0x000001fa0ed92c2c: 0000 0f83 | b212 0000 | 4d89 8fb8 | 0100 0041 | 0f0d 8900 | 0100 0048 | c703 0100 

  0x000001fa0ed92c48: ;   {metadata('java/lang/String')}
  0x000001fa0ed92c48: 0000 c743 | 0812 8400 | 2044 8963 | 0c4c 8963 | 1049 8d7b | 1045 3bd0 | 0f85 e100 | 0000 4d63 
  0x000001fa0ed92c68: d041 81f8 | 0000 1000 | 0f87 4f14 | 0000 4889 | 7c24 7048 | 895c 2468 | 4c89 7424 | 5889 7424 
  0x000001fa0ed92c88: 4848 8be9 | 4889 5424 | 2044 895c | 242c 4c89 | 6c24 3849 | 8b9f b801 | 0000 4c89 | 5424 7849 
  0x000001fa0ed92ca8: 83c2 1749 | 83e2 f84c | 8bdb 4d03 | da4d 3b9f | c801 0000 | 0f83 2d14 | 0000 4d89 | 9fb8 0100 
  0x000001fa0ed92cc8: 0041 0f0d | 8b00 0100 | 0048 c703 | 0100 0000 | 410f 0d8b | 4001 0000 

  0x000001fa0ed92ce0: ;   {metadata({type array byte})}
  0x000001fa0ed92ce0: c743 0859 | 8100 2044 | 8943 0c41 | 0f0d 8b80 | 0100 0048 | 8bd3 4883 | c210 4c8b | 4424 7849 
  0x000001fa0ed92d00: 83c0 0749 | c1e8 0348 | 8b4c 2470 | c5f8 7749 | bae0 9d34 | 0efa 0100 | 0041 ffd2 

  0x000001fa0ed92d1c: ;   {other}
  0x000001fa0ed92d1c: 0f1f 8400 | 0000 0000 | 4c8b d34c | 8b6c 2438 | 488b 5424 | 208b 7424 | 484c 8b74 | 2458 488b 
  0x000001fa0ed92d3c: 5c24 684d | 8bda e9ed | 0000 0041 | 81fa 0000 | 1000 0f87 | f018 0000 | 4d63 ca45 | 3bc2 418b 
  0x000001fa0ed92d5c: e841 0f4f | ea44 3bc5 | 0f82 4e19 | 0000 443b | d50f 8245 | 1900 0049 | 83c1 1749 | 8bc1 4883 
  0x000001fa0ed92d7c: e0f8 4181 | fa00 0010 | 000f 8702 | 1200 004d | 8b9f b801 | 0000 4d8b | c34c 03c0 | 4d3b 87c8 
  0x000001fa0ed92d9c: 0100 000f | 83e8 1100 | 004d 8987 | b801 0000 | 410f 0d88 | 0001 0000 | 49c7 0301 | 0000 0041 
  0x000001fa0ed92dbc: 0f0d 8840 

  0x000001fa0ed92dc0: ;   {metadata({type array byte})}
  0x000001fa0ed92dc0: 0100 0041 | c743 0859 | 8100 2045 | 8953 0c41 | 0f0d 8880 | 0100 004d | 8bc3 4983 | c010 49c1 
  0x000001fa0ed92de0: e903 85ed | 0f84 6218 | 0000 413b | ea0f 8c17 | 0b00 004d | 8bc8 498b | eb4c 8bd7 | 488b fb48 
  0x000001fa0ed92e00: 8bda 4883 | c0f0 48c1 | e803 4c8b | c049 8bca | 498b d1c5 | f877 49ba | e09d 340e | fa01 0000 
  0x000001fa0ed92e20: ;   {other}
  0x000001fa0ed92e20: 41ff d20f | 1f84 0000 | 0000 0048 | 8bd3 488b | df4c 8bdd | 4180 7f40 | 000f 8519 | 0900 004c 
  0x000001fa0ed92e40: 8bd3 4d8b | c344 8943 | 144d 33da | 49c1 eb14 | 4d85 db74 | 1a49 c1ea | 0948 b900 | 00de 15fa 
  0x000001fa0ed92e60: 0100 0049 | 03ca 8039 | 020f 851c | 0900 0044 | 8863 1048 | 899c 2498 | 0000 0045 

  0x000001fa0ed92e7c: ;   {metadata('jdk/internal/loader/URLClassPath$JarLoader$2')}
  0x000001fa0ed92e7c: 8b55 0841 | 81fa 782e | 0120 0f85 | 1008 0000 

  0x000001fa0ed92e8c: ;   {oop(a 'java/lang/Class'{0x00000000807a33e0} = 'jdk/internal/access/SharedSecrets')}
  0x000001fa0ed92e8c: 4d8b d549 | bbe0 337a | 8000 0000 | 0045 8b9b | d400 0000 

  0x000001fa0ed92ea0: ; implicit exception: dispatches to 0x000001fa0ed94fc0
  0x000001fa0ed92ea0: 418b 5b08 | 458b 4a20 

  0x000001fa0ed92ea8: ; implicit exception: dispatches to 0x000001fa0ed94e8c
  0x000001fa0ed92ea8: 458b 4118 

  0x000001fa0ed92eac: ;   {metadata('java/util/jar/JavaUtilJarAccessImpl')}
  0x000001fa0ed92eac: 81fb 131c | 0120 0f85 | 1c15 0000 

  0x000001fa0ed92eb8: ; implicit exception: dispatches to 0x000001fa0ed94ecc
  0x000001fa0ed92eb8: 418b 6808 | 4d8b c848 | 8d9c 24a0 | 0000 0049 | 8b01 a802 | 0f85 2300 | 0000 4883 | c801 4889 
  0x000001fa0ed92ed8: 03f0 490f | b119 0f84 | 3700 0000 | 482b c448 | 2507 f0ff | ff48 8903 | e924 0000 | 004c 8bd8 
  0x000001fa0ed92ef8: 4833 c0f0 | 4d0f b17b | 3e48 c703 | 0300 0000 | 7411 4c3b | f875 1549 | ff83 8600 | 0000 4833 
  0x000001fa0ed92f18: c075 0949 | ff87 5005 | 0000 33c0 | 0f85 fa14 | 0000 453b | 6030 750e | 450f b658 | 1245 85db 
  0x000001fa0ed92f38: 0f85 6e06 | 0000 453b | 6030 0f85 | ca08 0000 | 488d 8424 | a000 0000 | 4883 3800 | 0f84 7900 
  0x000001fa0ed92f58: 0000 4d8b | 1941 f6c3 | 020f 8462 | 0000 0049 | 83bb 8600 | 0000 0074 | 0949 ff8b | 8600 0000 
  0x000001fa0ed92f78: eb4b 498b | 8396 0000 | 0049 0b83 | 8e00 0000 | 750a 49c7 | 433e 0000 | 0000 eb3d | 4983 bb9e 
  0x000001fa0ed92f98: 0000 0000 | 7422 4833 | c049 c743 | 3e00 0000 

  0x000001fa0ed92fa8: ;   {no_reloc}
  0x000001fa0ed92fa8: 00f0 8304 | 2400 4983 | bb9e 0000 | 0000 750d | f04d 0fb1 | 7b3e 7505 | 83c8 01eb | 0ca8 00eb 
  0x000001fa0ed92fc8: 084c 8b18 | f04d 0fb1 | 1975 0a49 | ff8f 5005 | 0000 4533 | db0f 8523 | 1500 0045 | 8b5a 2041 
  0x000001fa0ed92fe8: 8b6b 1844 

  0x000001fa0ed92fec: ;   {metadata('java/util/jar/JarFile')}
  0x000001fa0ed92fec: 8b45 0841 | 81f8 6f1b | 0120 0f85 | 6b15 0000 | 4c89 5424 | 584c 8974 | 2448 8974 | 2428 4889 
  0x000001fa0ed9300c: 5424 204c | 896c 2438 | 488b d590 

  0x000001fa0ed93018: ;   {optimized virtual_call}
  0x000001fa0ed93018: c5f8 77e8 

  0x000001fa0ed9301c: ; ImmutableOopMap {[32]=Oop [40]=NarrowOop [48]=NarrowOop [56]=Oop [72]=Oop [80]=Oop [88]=Oop [100]=NarrowOop [152]=Oop }
                      ;*invokevirtual getManifestFromReference {reexecute=0 rethrow=0 return_oop=1}
                      ; - java.util.jar.JarFile::getManifest@1
                      ; - jdk.internal.loader.URLClassPath$JarLoader$2::getManifest@22
                      ; - java.net.URLClassLoader::defineClass@34
                      ; - java.net.URLClassLoader$1::run@43
  0x000001fa0ed9301c: 0085 feff 

  0x000001fa0ed93020: ;   {other}
  0x000001fa0ed93020: 0f1f 8400 | 900f 0005 | 4889 4424 | 688b 7424 | 284c 8bd6 | 4c89 5424 | 5889 7424 | 2848 8b54 
  0x000001fa0ed93040: 2448 4c8b | 8424 9800 | 0000 4c8b | 4c24 6849 | 8bfa 6690 

  0x000001fa0ed93054: ;   {optimized virtual_call}
  0x000001fa0ed93054: c5f8 77e8 

  0x000001fa0ed93058: ; ImmutableOopMap {[32]=Oop [40]=NarrowOop [48]=NarrowOop [56]=Oop [72]=Oop [80]=Oop [88]=Oop [100]=NarrowOop [104]=Oop [152]=Oop }
                      ;*invokevirtual getAndVerifyPackage {reexecute=0 rethrow=0 return_oop=1}
                      ; - java.net.URLClassLoader::defineClass@46
                      ; - java.net.URLClassLoader$1::run@43
  0x000001fa0ed93058: c4c1 feff 

  0x000001fa0ed9305c: ;   {other}
  0x000001fa0ed9305c: 0f1f 8400 | cc0f 0006 | 4885 c00f | 8491 0400 | 004c 8b6c | 2438 488b | 5424 208b | 7424 2889 
  0x000001fa0ed9307c: 7424 5848 | 8954 2420 | 4c89 6c24 | 3849 8bd5 

  0x000001fa0ed9308c: ;   {optimized virtual_call}
  0x000001fa0ed9308c: c5f8 77e8 

  0x000001fa0ed93090: ; ImmutableOopMap {[32]=Oop [48]=NarrowOop [56]=Oop [72]=Oop [80]=Oop [88]=NarrowOop [100]=NarrowOop }
                      ;*invokevirtual cachedInputStream {reexecute=0 rethrow=0 return_oop=1}
                      ; - jdk.internal.loader.Resource::getByteBuffer@1
                      ; - java.net.URLClassLoader::defineClass@132
                      ; - java.net.URLClassLoader$1::run@43
  0x000001fa0ed93090: 2cd6 0000 

  0x000001fa0ed93094: ;   {other}
  0x000001fa0ed93094: 0f1f 8400 | 0410 0007 | 4c8b d044 

  0x000001fa0ed930a0: ;   {metadata('sun/nio/ByteBuffered')}
  0x000001fa0ed930a0: 8b58 0848 | b818 7e09 | 0001 0000 | 0048 33f6 | 4a8d 34de | 4c8b 5e20 | 4c3b d80f | 847b 1100 
  0x000001fa0ed930c0: 0048 33ff | 4c8b 9ea0 | 0000 0049 | 8bd3 48c1 | e230 0f89 | 2100 0000 | f348 0fb8 | d248 8b5e 
  0x000001fa0ed930e0: 2848 3b04 | d374 1549 | 0fba e310 | 730b 49c1 

  0x000001fa0ed930f0: ;   {runtime_call StubRoutines (compiler stubs)}
  0x000001fa0ed930f0: cb0f e8a0 | d55e ffeb | 0348 ffc7 | 4885 ff0f | 8437 1100 | 004c 8b54 | 2438 458b 

  0x000001fa0ed9310c: ;   {metadata('jdk/internal/loader/URLClassPath$JarLoader$2')}
  0x000001fa0ed9310c: 5a08 4181 | fb78 2e01 | 200f 8529 | 0500 004c | 8954 2468 | 498b d290 

  0x000001fa0ed93124: ;   {optimized virtual_call}
  0x000001fa0ed93124: c5f8 77e8 

  0x000001fa0ed93128: ; ImmutableOopMap {[32]=Oop [48]=NarrowOop [56]=Oop [72]=Oop [80]=Oop [88]=NarrowOop [100]=NarrowOop [104]=Oop }
                      ;*invokespecial getBytes {reexecute=0 rethrow=0 return_oop=1}
                      ; - jdk.internal.loader.URLClassPath$JarLoader$2::getBytes@1
                      ; - java.net.URLClassLoader::defineClass@179
                      ; - java.net.URLClassLoader$1::run@43
  0x000001fa0ed93128: 94d0 d7ff 

  0x000001fa0ed9312c: ;   {other}
  0x000001fa0ed9312c: 0f1f 8400 | 9c10 0008 

  0x000001fa0ed93134: ; implicit exception: dispatches to 0x000001fa0ed94dc0
  0x000001fa0ed93134: 448b 500c | 4585 d20f | 8673 1700 | 0041 8d6a | ff41 3bea | 0f83 5e11 | 0000 4889 | 4424 7048 
  0x000001fa0ed93154: 8bd0 4883 | c210 33c9 | 458b c2c5 | f877 49ba | e012 310e | fa01 0000 

  0x000001fa0ed9316c: ;   {other}
  0x000001fa0ed9316c: 41ff d20f | 1f84 0000 | 0000 004c | 8b54 2468 | 458b 521c 

  0x000001fa0ed93180: ; implicit exception: dispatches to 0x000001fa0ed94df4
  0x000001fa0ed93180: 4d8b 5218 | 448b d84d | 3bda 0f85 | 7c17 0000 | 4c8b 4424 | 3845 8b58 

  0x000001fa0ed93198: ;   {metadata('jdk/internal/loader/URLClassPath$JarLoader$2')}
  0x000001fa0ed93198: 0841 81fb | 782e 0120 | 0f85 c804 | 0000 4d8b | d041 8b6a | 1c44 8b55 

  0x000001fa0ed931b0: ;   {metadata('java/util/jar/JarFile$JarFileEntry')}
  0x000001fa0ed931b0: 0841 81fa | 5528 0120 | 0f85 f011 | 0000 4c8b | cd41 8b69 | 6444 0fb6 | 5d12 443b | 6530 7509 
  0x000001fa0ed931d0: 4585 db0f | 858e 0300 | 0045 8b59 | 5c45 85db | 0f85 610a | 0000 458b | 5164 418b | 6a30 85ed 
  0x000001fa0ed931f0: 0f85 bf09 | 0000 488b | ac24 9000 | 0000 498b | 87b8 0100 | 004c 8bd0 | 4983 c228 | 4d3b 97c8 
  0x000001fa0ed93210: 0100 000f | 83a4 0c00 | 004d 8997 | b801 0000 | 410f 0d8a | 0001 0000 | 48c7 0001 

  0x000001fa0ed9322c: ;   {metadata('java/security/CodeSource')}
  0x000001fa0ed9322c: 0000 00c7 | 4008 63ab | 0020 4489 | 600c 4c89 | 6010 4c89 | 6018 4c89 | 6020 448b | 5424 5844 
  0x000001fa0ed9324c: 8950 0c45 | 85d2 0f84 | 9815 0000 | 4889 4424 | 284c 8944 | 2438 498b | d266 6690 

  0x000001fa0ed93268: ;   {static_call}
  0x000001fa0ed93268: c5f8 77e8 

  0x000001fa0ed9326c: ; ImmutableOopMap {rbp=Oop [32]=Oop [40]=Oop [48]=NarrowOop [56]=Oop [72]=Oop [80]=Oop [100]=NarrowOop [112]=Oop }
                      ;*invokestatic urlNoFragString {reexecute=0 rethrow=0 return_oop=1}
                      ; - java.security.CodeSource::<init>@30
                      ; - java.net.URLClassLoader::defineClass@198
                      ; - java.net.URLClassLoader$1::run@43
  0x000001fa0ed9326c: d0de b4ff 

  0x000001fa0ed93270: ;   {other}
  0x000001fa0ed93270: 0f1f 8400 | e011 0009 | 488b d841 | 807f 4000 | 0f85 4904 | 0000 4c8b | 6c24 284c | 8bdb 4589 
  0x000001fa0ed93290: 5d20 4c8b | d34d 8bdd | 4d33 d349 | c1ea 144d | 85d2 741f | 4885 db74 | 1a49 c1eb | 0948 b900 
  0x000001fa0ed932b0: 00de 15fa | 0100 0049 | 03cb 8039 | 020f 8544 | 0400 0048 | 85ed 0f85 | 3607 0000 | c5f8 7749 
  0x000001fa0ed932d0: ba20 25a3 | 3cff 7f00 | 0041 ffd2 

  0x000001fa0ed932dc: ;   {other}
  0x000001fa0ed932dc: 0f1f 8400 | 0000 0000 | 4c8b c04c | 2b44 2440 

  0x000001fa0ed932ec: ;   {oop(a 'jdk/internal/perf/PerfCounter'{0x00000000804c5518})}
  0x000001fa0ed932ec: 49bb 1855 | 4c80 0000 | 0000 488d | 9c24 a000 | 0000 498b | 03a8 020f | 8523 0000 | 0048 83c8 
  0x000001fa0ed9330c: 0148 8903 | f049 0fb1 | 1b0f 8437 | 0000 0048 | 2bc4 4825 | 07f0 ffff | 4889 03e9 | 2400 0000 
  0x000001fa0ed9332c: 4c8b d048 | 33c0 f04d | 0fb1 7a3e | 48c7 0303 | 0000 0074 | 114c 3bf8 | 7515 49ff | 8286 0000 
  0x000001fa0ed9334c: 0048 33c0 | 7509 49ff | 8750 0500 | 0033 c00f | 85a7 0f00 

  0x000001fa0ed93360: ;   {oop(a 'jdk/internal/perf/PerfCounter'{0x00000000804c5518})}
  0x000001fa0ed93360: 0049 ba18 | 554c 8000 | 0000 0045 | 8b4a 1041 | 8b69 2485 | ed0f 85a9 | 1400 0041 | 8b69 1c85 
  0x000001fa0ed93380: ed0f 8cba | 0f00 0085 | ed0f 84e5 | 0e00 004d | 8b51 104d 

  0x000001fa0ed93394: ;   {oop(a 'jdk/internal/perf/PerfCounter'{0x00000000804c5518})}
  0x000001fa0ed93394: 0102 49bb | 1855 4c80 | 0000 0000 | 488d 8424 | a000 0000 | 4883 3800 | 0f84 7900 | 0000 4d8b 
  0x000001fa0ed933b4: 1341 f6c2 | 020f 8462 | 0000 0049 | 83ba 8600 | 0000 0074 | 0949 ff8a | 8600 0000 | eb4b 498b 
  0x000001fa0ed933d4: 8296 0000 | 0049 0b82 | 8e00 0000 | 750a 49c7 | 423e 0000 | 0000 eb3d | 4983 ba9e | 0000 0000 
  0x000001fa0ed933f4: 7422 4833 | c049 c742 | 3e00 0000 | 00f0 8304 | 2400 4983 | ba9e 0000 | 0000 750d | f04d 0fb1 
  0x000001fa0ed93414: 7a3e 7505 | 83c8 01eb | 0ca8 00eb | 084c 8b10 | f04d 0fb1 | 1375 0a49 | ff8f 5005 | 0000 4533 
  0x000001fa0ed93434: d20f 8541 | 0f00 004c | 8b4c 2470 

  0x000001fa0ed93440: ; implicit exception: dispatches to 0x000001fa0ed94d5c
  0x000001fa0ed93440: 418b 710c | 488b 5424 | 484c 8b44 | 2420 33ff | 498b cd90 

  0x000001fa0ed93454: ;   {optimized virtual_call}
  0x000001fa0ed93454: c5f8 77e8 

  0x000001fa0ed93458: ; ImmutableOopMap {[56]=Oop [80]=Oop }
                      ;*invokevirtual defineClass {reexecute=0 rethrow=0 return_oop=1}
                      ; - java.net.URLClassLoader::defineClass@220
                      ; - java.net.URLClassLoader$1::run@43
  0x000001fa0ed93458: 44fa e2ff 

  0x000001fa0ed9345c: ;   {other}
  0x000001fa0ed9345c: 0f1f 8400 | cc13 000a | eb02 33c0 | c5f8 7748 | 81c4 c000 

  0x000001fa0ed93470: ;   {poll_return}
  0x000001fa0ed93470: 0000 5d49 | 3ba7 5004 | 0000 0f87 | f020 0000 | c349 8b87 | b801 0000 | 4c8b d049 | 83c2 184d 
  0x000001fa0ed93490: 3b97 c801 | 0000 0f83 | 000c 0000 | 4d89 97b8 | 0100 0041 | 0f0d 8a00 | 0100 0048 | c700 0100 
  0x000001fa0ed934b0: ;   {metadata('java/lang/String')}
  0x000001fa0ed934b0: 0000 c740 | 0812 8400 | 2044 8960 | 0c44 8960 

  0x000001fa0ed934c0: ;   {oop([B{0x00000000804e1008})}
  0x000001fa0ed934c0: 10c7 4014 | 0810 4e80 

  0x000001fa0ed934c8: ;   {oop(".class"{0x00000000804c55c0})}
  0x000001fa0ed934c8: 49ba c055 | 4c80 0000 | 0000 458b | 5a0c 4489 | 580c 450f | b65a 1144 | 8858 11e9 | e4f5 ffff 
  0x000001fa0ed934e8: 41bb 2f00 | 0000 e9d4 | f2ff ff41 | b92f 0000 | 00e9 d5f3 

  0x000001fa0ed934fc: ;   {metadata('java/lang/IllegalArgumentException')}
  0x000001fa0ed934fc: ffff 48bd | b8f8 0700 | 0100 0000 | 4c8b 5424 | 684d 85d2 | 0f84 3406 | 0000 488b | 5424 484c 
  0x000001fa0ed9351c: 8b84 2498 | 0000 004c | 8b4c 2468 | 488b 7c24 | 5866 6690 

  0x000001fa0ed93530: ;   {optimized virtual_call}
  0x000001fa0ed93530: c5f8 77e8 

  0x000001fa0ed93534: ; ImmutableOopMap {[32]=Oop [40]=NarrowOop [48]=NarrowOop [56]=Oop [72]=Oop [80]=Oop [88]=Oop [100]=NarrowOop [104]=Oop [152]=Oop }
                      ;*invokevirtual definePackage {reexecute=0 rethrow=0 return_oop=1}
                      ; - java.net.URLClassLoader::defineClass@64
                      ; - java.net.URLClassLoader$1::run@43
  0x000001fa0ed93534: e867 56f8 

  0x000001fa0ed93538: ;   {other}
  0x000001fa0ed93538: 0f1f 8400 | a814 000b | 4c8b 6c24 | 3848 8b54 | 2420 8b74 | 2428 e928 | fbff ff48 | 8994 2498 
  0x000001fa0ed93558: 0000 00e9 | 1bf9 ffff | 33ed e9f1 | f0ff ff4c | 894c 2468 | 4c8b d54c | 8954 2428 | 498b d241 
  0x000001fa0ed93578: b801 0000 | 0066 6690 

  0x000001fa0ed93580: ;   {optimized virtual_call}
  0x000001fa0ed93580: c5f8 77e8 

  0x000001fa0ed93584: ; ImmutableOopMap {rbp=NarrowOop [32]=Oop [40]=Oop [48]=NarrowOop [56]=Oop [72]=Oop [80]=Oop [88]=NarrowOop [100]=NarrowOop [104]=Oop [112]=Oop }
                      ;*invokevirtual getManifestName {reexecute=0 rethrow=0 return_oop=1}
                      ; - java.util.zip.ZipFile$1::getManifestName@2
                      ; - java.util.jar.JarFile::maybeInstantiateVerifier@20
                      ; - java.util.jar.JarFile$JarFileEntry::getCodeSigners@4
                      ; - jdk.internal.loader.URLClassPath$JarLoader$2::getCodeSigners@4
                      ; - java.net.URLClassLoader::defineClass@185
                      ; - java.net.URLClassLoader$1::run@43
  0x000001fa0ed93584: f8b4 5cff 

  0x000001fa0ed93588: ;   {other}
  0x000001fa0ed93588: 0f1f 8400 | f814 000c | 4885 c00f | 8504 0800 | 0044 8865 | 124c 8b44 | 2438 4c8b | 4c24 68e9 
  0x000001fa0ed935a8: 2dfc ffff | 4c89 4c24 | 7044 8944 | 2460 4c89 | 5424 684c | 8974 2458 | 8974 244c | 4889 5424 
  0x000001fa0ed935c8: 2848 ffb4 | 2490 0000 | 0048 8f44 | 2420 4c89 | 6c24 3849 | 8bd1 41b8 | 0100 0000 

  0x000001fa0ed935e4: ;   {optimized virtual_call}
  0x000001fa0ed935e4: c5f8 77e8 

  0x000001fa0ed935e8: ; ImmutableOopMap {[40]=Oop [48]=NarrowOop [56]=Oop [76]=NarrowOop [80]=Oop [88]=Oop [96]=NarrowOop [100]=NarrowOop [104]=Oop [112]=Oop [152]=Oop }
                      ;*invokevirtual getManifestName {reexecute=0 rethrow=0 return_oop=1}
                      ; - java.util.zip.ZipFile$1::getManifestName@2
                      ; - java.util.jar.JarFile::maybeInstantiateVerifier@20
                      ; - java.util.jar.JarFile::ensureInitialization@1
                      ; - java.util.jar.JavaUtilJarAccessImpl::ensureInitialization@1
                      ; - jdk.internal.loader.URLClassPath$JarLoader$2::getManifest@10
                      ; - java.net.URLClassLoader::defineClass@34
                      ; - java.net.URLClassLoader$1::run@43
  0x000001fa0ed935e8: 142c 34f8 

  0x000001fa0ed935ec: ;   {other}
  0x000001fa0ed935ec: 0f1f 8400 | 5c15 000d | 4885 c00f | 85d6 0700 | 0044 8b44 | 2460 4588 | 6012 4c8b | 6c24 3848 
  0x000001fa0ed9360c: ff74 2420 | 488f 8424 | 9000 0000 | 488b 5424 | 288b 7424 | 4c4c 8b74 | 2458 4c8b | 5424 684c 
  0x000001fa0ed9362c: 8b4c 2470 | e909 f9ff 

  0x000001fa0ed93634: ;   {oop(""{0x00000000807a35a0})}
  0x000001fa0ed93634: ff48 bba0 | 357a 8000 | 0000 00e9 | 2ff8 ffff | 498b d266 | 6690 c5f8 | 7748 b8ff | ffff ffff 
  0x000001fa0ed93654: ;   {virtual_call}
  0x000001fa0ed93654: ffff ffe8 

  0x000001fa0ed93658: ; ImmutableOopMap {[32]=Oop [48]=NarrowOop [56]=Oop [72]=Oop [80]=Oop [88]=NarrowOop [100]=NarrowOop }
                      ;*invokevirtual getBytes {reexecute=0 rethrow=0 return_oop=1}
                      ; - java.net.URLClassLoader::defineClass@179
                      ; - java.net.URLClassLoader$1::run@43
  0x000001fa0ed93658: 24b7 5cff 

  0x000001fa0ed9365c: ;   {other}
  0x000001fa0ed9365c: 0f1f 8400 | cc15 000e | 4889 4424 | 70e9 22fb 

  0x000001fa0ed9366c: ;   {metadata('jdk/internal/loader/URLClassPath$FileLoader$1')}
  0x000001fa0ed9366c: ffff 4181 | fb28 d009 | 200f 8551 | 1400 0033 | ede9 7cfb 

  0x000001fa0ed93680: ;   {metadata('jdk/internal/loader/URLClassPath$FileLoader$1')}
  0x000001fa0ed93680: ffff 81ff | 28d0 0920 | 0f85 6a14 | 0000 498b | dd8b 7b1c 

  0x000001fa0ed93694: ; implicit exception: dispatches to 0x000001fa0ed9500c
  0x000001fa0ed93694: 8b77 0ce9 | 48f5 ffff 

  0x000001fa0ed9369c: ;   {metadata('jdk/internal/loader/URLClassPath$FileLoader$1')}
  0x000001fa0ed9369c: 4181 fa28 | d009 200f | 858f 1400 | 0045 33d2 | 4c89 6c24 | 3848 8954 | 2420 4c89 | 7424 484c 
  0x000001fa0ed936bc: 8954 2468 | e96c f9ff | ff4c 8974 | 2448 e9ac | f9ff ff4c | 8b6c 2428 | 458b 5520 | 4585 d20f 
  0x000001fa0ed936dc: 84aa fbff | ff4d 8b5f | 2849 8bca | 4d85 db0f | 848b 1000 | 004d 8b57 | 384b 894c | 1af8 4983 
  0x000001fa0ed936fc: c3f8 4d89 | 5f28 e984 | fbff ff4d | 8b57 584d | 8b5f 48f0 | 8344 24c0 | 0080 3900 | 0f84 a5fb 
  0x000001fa0ed9371c: ffff 4488 | 214d 85db | 7520 498b | d7c5 f877 | 49ba e029 | 683c ff7f | 0000 41ff 

  0x000001fa0ed93738: ;   {other}
  0x000001fa0ed93738: d20f 1f84 | 0000 0000 | 00e9 7dfb | ffff 4b89 | 4c1a f849 | 83c3 f84d | 895f 48e9 | 6bfb ffff 
  0x000001fa0ed93758: 448b 5314 | 4585 d20f | 84da f6ff | ff4d 8b47 | 2849 8bca | 4d85 c00f | 84f3 1100 | 004d 8b57 
  0x000001fa0ed93778: 384b 894c | 02f8 4983 | c0f8 4d89 | 4728 e9b4 | f6ff ff4d | 8b57 484d | 8b5f 58f0 | 8344 24c0 
  0x000001fa0ed93798: 0080 3900 | 0f84 cdf6 | ffff 4488 | 214d 85d2 | 7556 4889 | 5c24 484c | 8974 2438 | 8974 2428 
  0x000001fa0ed937b8: 4889 5424 | 2048 8bb4 | 2490 0000 | 0049 8bd7 | c5f8 7749 | bae0 2968 | 3cff 7f00 | 0041 ffd2 
  0x000001fa0ed937d8: ;   {other}
  0x000001fa0ed937d8: 0f1f 8400 | 0000 0000 | 4889 b424 | 9000 0000 | 488b 5424 | 208b 7424 | 284c 8b74 | 2438 488b 
  0x000001fa0ed937f8: 5c24 48e9 | 6ff6 ffff | 4b89 4c13 | f849 83c2 | f84d 8957 | 48e9 5df6 | ffff 410f | b648 1185 
  0x000001fa0ed93818: c90f 8529 | f7ff ff4c | 894c 2470 | 4489 4424 | 604c 8954 | 2458 4c89 | 7424 4889 | 7424 3448 
  0x000001fa0ed93838: 8954 2428 | 4889 4424 | f88b 4424 | 6489 4424 | 2448 8b44 | 24f8 4889 | 4424 f88b | 4424 3089 
  0x000001fa0ed93858: 4424 2048 | 8b44 24f8 | 488b ac24 | 9000 0000 | 4c89 6c24 | 3866 6690 

  0x000001fa0ed93870: ;   {static_call}
  0x000001fa0ed93870: c5f8 77e8 

  0x000001fa0ed93874: ; ImmutableOopMap {[32]=NarrowOop [36]=NarrowOop [40]=Oop [52]=NarrowOop [56]=Oop [72]=Oop [80]=Oop [88]=Oop [96]=NarrowOop [112]=Oop [152]=Oop }
                      ;*invokestatic beginInit {reexecute=0 rethrow=0 return_oop=1}
                      ; - java.util.jar.JarFile::ensureInitialization@31
                      ; - java.util.jar.JavaUtilJarAccessImpl::ensureInitialization@1
                      ; - jdk.internal.loader.URLClassPath$JarLoader$2::getManifest@10
                      ; - java.net.URLClassLoader::defineClass@34
                      ; - java.net.URLClassLoader$1::run@43
  0x000001fa0ed93874: 08b8 5cff 

  0x000001fa0ed93878: ;   {other}
  0x000001fa0ed93878: 0f1f 8400 | e817 000f | 4889 4424 | 6848 8b54 | 2470 6690 

  0x000001fa0ed9388c: ;   {optimized virtual_call}
  0x000001fa0ed9388c: c5f8 77e8 

  0x000001fa0ed93890: ; ImmutableOopMap {[32]=NarrowOop [36]=NarrowOop [40]=Oop [52]=NarrowOop [56]=Oop [72]=Oop [80]=Oop [88]=Oop [96]=NarrowOop [104]=Oop [112]=Oop [152]=Oop }
                      ;*invokevirtual initializeVerifier {reexecute=0 rethrow=0 return_oop=0}
                      ; - java.util.jar.JarFile::ensureInitialization@36
                      ; - java.util.jar.JavaUtilJarAccessImpl::ensureInitialization@1
                      ; - jdk.internal.loader.URLClassPath$JarLoader$2::getManifest@10
                      ; - java.net.URLClassLoader::defineClass@34
                      ; - java.net.URLClassLoader$1::run@43
  0x000001fa0ed93890: ecb1 5cff 

  0x000001fa0ed93894: ;   {other}
  0x000001fa0ed93894: 0f1f 8400 | 0418 0010 | 448b 5c24 | 6041 c643 | 1101 488b | 5424 6890 

  0x000001fa0ed938ac: ;   {static_call}
  0x000001fa0ed938ac: c5f8 77e8 

  0x000001fa0ed938b0: ; ImmutableOopMap {[32]=NarrowOop [36]=NarrowOop [40]=Oop [52]=NarrowOop [56]=Oop [72]=Oop [80]=Oop [88]=Oop [112]=Oop [152]=Oop }
                      ;*invokestatic endInit {reexecute=0 rethrow=0 return_oop=0}
                      ; - java.util.jar.JarFile::ensureInitialization@45
                      ; - java.util.jar.JavaUtilJarAccessImpl::ensureInitialization@1
                      ; - jdk.internal.loader.URLClassPath$JarLoader$2::getManifest@10
                      ; - java.net.URLClassLoader::defineClass@34
                      ; - java.net.URLClassLoader$1::run@43
  0x000001fa0ed938b0: ccb7 5cff 

  0x000001fa0ed938b4: ;   {other}
  0x000001fa0ed938b4: 0f1f 8400 | 2418 0011 | 4c8b 6c24 | 3848 89ac | 2490 0000 | 0048 8944 | 24f8 8b44 | 2420 8944 
  0x000001fa0ed938d4: 2430 488b | 4424 f848 | 8944 24f8 | 8b44 2424 | 8944 2464 | 488b 4424 | f848 8b54 | 2428 8b74 
  0x000001fa0ed938f4: 2434 4c8b | 7424 484c | 8b54 2458 | 4c8b 4c24 | 70e9 3ef6 | ffff c4c1 | f96e c8c4 | e1f9 6ec7 
  0x000001fa0ed93914: 4889 5c24 | 484c 8974 | 2438 8974 | 2434 4889 | 5424 284c | 8bb4 2490 | 0000 004c | 63c5 4d8d 
  0x000001fa0ed93934: 5010 498b | ca48 83e1 | f849 8bfb | 4803 f949 | 8beb 49c1 | ea03 4d2b | ca49 8bc9 | 4833 c048 
  0x000001fa0ed93954: 83f9 087f | 1048 ffc9 | 784f 4889 | 04cf 48ff | c97d f7eb | 44c5 edef | d2e9 0d00 | 0000 c5fe 
  0x000001fa0ed93974: 7f17 c5fe | 7f57 2048 | 83c7 4048 | 83e9 087d | ed48 83c1 | 047c 0cc5 | fe7f 1748 | 83c7 2048 
  0x000001fa0ed93994: 83e9 0448 | 83c1 047e | 1048 ffc9 | c5f9 d617 | 4883 c708 | 48ff c97d | f3c4 e1f9 

  0x000001fa0ed939b0: ;   {no_reloc}
  0x000001fa0ed939b0: 7ec1 c4e1 | f97e cac5 | f877 49ba | 4097 340e | fa01 0000 

  0x000001fa0ed939c4: ;   {other}
  0x000001fa0ed939c4: 41ff d20f | 1f84 0000 | 0000 004c | 89b4 2490 | 0000 0048 | 8b54 2428 | 8b74 2434 | 4c8b 7424 
  0x000001fa0ed939e4: 3848 8b5c | 2448 4c8b | dde9 42f4 | ffff 4533 | d24c 8994 | 2490 0000 | 00e9 c3f1 | ffff 448b 
  0x000001fa0ed93a04: 4d0c 4d63 | c149 c1e0 | 0241 81f9 | 0000 0400 | 0f87 4d10 | 0000 498b | 9fb8 0100 | 004d 8d50 
  0x000001fa0ed93a24: 1749 83e2 | f84c 8bdb | 4d03 da4d | 3b9f c801 | 0000 0f83 | 2b10 0000 | 4d89 9fb8 | 0100 0041 
  0x000001fa0ed93a44: 0f0d 8b00 | 0100 0048 | c703 0100 | 0000 410f | 0d8b 4001 

  0x000001fa0ed93a58: ;   {metadata('java/security/CodeSigner'[])}
  0x000001fa0ed93a58: 0000 c743 | 084c cd09 | 2044 894b | 0c41 0f0d | 8b80 0100 | 004c 896c | 2458 4c89 | 4424 2848 
  0x000001fa0ed93a78: 8bcd 4883 | c110 488b | d348 83c2 | 104c 8b54 | 2428 4983 | c207 49c1 | ea03 4d8b | c2c5 f877 
  0x000001fa0ed93a98: 49ba e09d | 340e fa01 | 0000 41ff 

  0x000001fa0ed93aa4: ;   {other}
  0x000001fa0ed93aa4: d20f 1f84 | 0000 0000 | 0041 807f | 4000 0f85 | 500c 0000 | 4c8b 6c24 | 584d 8bd5 | 4c8b c345 
  0x000001fa0ed93ac4: 8945 104c | 8bdb 4d33 | da49 c1eb | 144d 85db | 0f84 f2f7 | ffff 49c1 | ea09 49b8 | 0000 de15 
  0x000001fa0ed93ae4: fa01 0000 | 4d03 c241 | 8038 020f | 84d7 f7ff | ff4d 8b57 | 484d 8b5f | 58f0 8344 | 24c0 0041 
  0x000001fa0ed93b04: 8038 000f | 84bf f7ff | ff45 8820 | 4d85 d275 | 2349 8bc8 | 498b d7c5 | f877 49ba | e029 683c 
  0x000001fa0ed93b24: ff7f 0000 

  0x000001fa0ed93b28: ;   {other}
  0x000001fa0ed93b28: 41ff d20f | 1f84 0000 | 0000 00e9 | 94f7 ffff | 4f89 4413 | f849 83c2 | f84d 8957 | 48e9 82f7 
  0x000001fa0ed93b48: ffff 488b | 5424 484c | 8b84 2498 | 0000 004c | 8b8c 2490 | 0000 0048 | 8bbc 2490 | 0000 0048 
  0x000001fa0ed93b68: 8bb4 2490 | 0000 0048 | 8b8c 2490 | 0000 004c | 8b94 2490 | 0000 004c | 8914 244c | 8b94 2490 
  0x000001fa0ed93b88: 0000 004c | 8954 2408 | 4c8b 9424 | 9000 0000 | 4c89 5424 | 1066 6690 

  0x000001fa0ed93ba0: ;   {optimized virtual_call}
  0x000001fa0ed93ba0: c5f8 77e8 

  0x000001fa0ed93ba4: ; ImmutableOopMap {[32]=Oop [40]=NarrowOop [48]=NarrowOop [56]=Oop [72]=Oop [80]=Oop [88]=Oop [100]=NarrowOop [152]=Oop }
                      ;*invokevirtual definePackage {reexecute=0 rethrow=0 return_oop=1}
                      ; - java.net.URLClassLoader::defineClass@81
                      ; - java.net.URLClassLoader$1::run@43
  0x000001fa0ed93ba4: d8ae 5cff 

  0x000001fa0ed93ba8: ;   {other}
  0x000001fa0ed93ba8: 0f1f 8400 | 181b 0012 | e98b f9ff | ff4c 894c | 2428 4c89 | 4424 3849 | 8bd1 6690 

  0x000001fa0ed93bc4: ;   {optimized virtual_call}
  0x000001fa0ed93bc4: c5f8 77e8 

  0x000001fa0ed93bc8: ; ImmutableOopMap {rbp=NarrowOop [32]=Oop [40]=Oop [48]=NarrowOop [56]=Oop [72]=Oop [80]=Oop [88]=NarrowOop [100]=NarrowOop [112]=Oop }
                      ;*invokevirtual realEntry {reexecute=0 rethrow=0 return_oop=1}
                      ; - java.util.jar.JarFile$JarFileEntry::getCodeSigners@46
                      ; - jdk.internal.loader.URLClassPath$JarLoader$2::getCodeSigners@4
                      ; - java.net.URLClassLoader::defineClass@185
                      ; - java.net.URLClassLoader$1::run@43
  0x000001fa0ed93bc8: b4ae 5cff 

  0x000001fa0ed93bcc: ;   {other}
  0x000001fa0ed93bcc: 0f1f 8400 | 3c1b 0013 | 488b d54c | 8bc0 6690 

  0x000001fa0ed93bdc: ;   {optimized virtual_call}
  0x000001fa0ed93bdc: c5f8 77e8 

  0x000001fa0ed93be0: ; ImmutableOopMap {[32]=Oop [40]=Oop [48]=NarrowOop [56]=Oop [72]=Oop [80]=Oop [88]=NarrowOop [100]=NarrowOop [112]=Oop }
                      ;*invokevirtual getCodeSigners {reexecute=0 rethrow=0 return_oop=1}
                      ; - java.util.jar.JarFile$JarFileEntry::getCodeSigners@49
                      ; - jdk.internal.loader.URLClassPath$JarLoader$2::getCodeSigners@4
                      ; - java.net.URLClassLoader::defineClass@185
                      ; - java.net.URLClassLoader$1::run@43
  0x000001fa0ed93be0: 9cae 5cff 

  0x000001fa0ed93be4: ;   {other}
  0x000001fa0ed93be4: 0f1f 8400 | 541b 0014 | 488b d841 | 807f 4000 | 0f85 350e | 0000 488b | 7c24 284c | 8bcb 4d8b 
  0x000001fa0ed93c04: d944 895f | 5c4c 8bd7 | 4d8b c14d | 33c2 49c1 | e814 4d85 | c00f 84a9 | 0d00 004d | 85c9 0f84 
  0x000001fa0ed93c24: fd0d 0000 | 49c1 ea09 | 48b9 0000 | de15 fa01 | 0000 4903 | ca80 3902 | 0f85 910d | 0000 4c8b 
  0x000001fa0ed93c44: 4424 3841 | 8b5b 0c49 | 8beb 4863 | cb48 c1e1 | 0281 fb00 | 0004 000f | 8737 0e00 | 0049 8bbf 
  0x000001fa0ed93c64: b801 0000 | 4c8d 5117 | 4983 e2f8 | 4c8b cf4d | 03ca 4d3b | 8fc8 0100 | 000f 8315 | 0e00 004d 
  0x000001fa0ed93c84: 898f b801 | 0000 410f | 0d89 0001 | 0000 48c7 | 0701 0000 | 0041 0f0d | 8940 0100 

  0x000001fa0ed93ca0: ;   {metadata('java/security/CodeSigner'[])}
  0x000001fa0ed93ca0: 00c7 4708 | 4ccd 0920 | 895f 0c41 | 0f0d 8980 | 0100 004c | 8944 2428 | 4489 5c24 | 3848 894c 
  0x000001fa0ed93cc0: 2468 448b | 5c24 3849 | 8d4b 1048 | 8bd7 4883 | c210 4c8b | 5424 6849 | 83c2 0749 | c1ea 034d 
  0x000001fa0ed93ce0: 8bc2 c5f8 | 7749 bae0 | 9d34 0efa | 0100 0041 

  0x000001fa0ed93cf0: ;   {other}
  0x000001fa0ed93cf0: ffd2 0f1f | 8400 0000 | 0000 4889 | bc24 9000 | 0000 4c8b | 4424 28e9 | eaf4 ffff | 4489 5c24 
  0x000001fa0ed93d10: 3c48 895c | 2440 897c | 2438 894c | 2434 4489 | 4c24 304c | 8944 2428 | 4c89 5424 

  0x000001fa0ed93d2c: ;   {metadata({type array byte})}
  0x000001fa0ed93d2c: 2048 bac8 | 0a04 0001 | 0000 0044 | 8b44 243c | 4889 7424 | 4866 6690 

  0x000001fa0ed93d44: ;   {runtime_call _new_array_Java}
  0x000001fa0ed93d44: c5f8 77e8 

  0x000001fa0ed93d48: ; ImmutableOopMap {[32]=Oop [40]=Oop [80]=Oop }
                      ;*invokevirtual allocateUninitializedArray0 {reexecute=0 rethrow=0 return_oop=1}
                      ; - jdk.internal.misc.Unsafe::allocateUninitializedArray@51
                      ; - java.lang.StringConcatHelper::newArray@33
                      ; - java.lang.StringConcatHelper::simpleConcat@61
                      ; - java.lang.String::concat@11
                      ; - java.net.URLClassLoader$1::run@13
  0x000001fa0ed93d48: 34b0 68ff 

  0x000001fa0ed93d4c: ;   {other}
  0x000001fa0ed93d4c: 0f1f 8400 | bc1c 0015 | 4c8b 4424 | 2844 8b4c | 2430 8b4c | 2434 8b7c | 2438 488b | 5c24 4044 
  0x000001fa0ed93d6c: 8b5c 243c | 488b e84c | 8b54 2420 | e994 ecff 

  0x000001fa0ed93d7c: ;   {metadata('java/lang/String')}
  0x000001fa0ed93d7c: ff48 ba90 | 2004 0001 | 0000 0090 

  0x000001fa0ed93d88: ;   {runtime_call _new_instance_Java}
  0x000001fa0ed93d88: c5f8 77e8 

  0x000001fa0ed93d8c: ; ImmutableOopMap {rbp=Oop [80]=Oop }
                      ;*new {reexecute=0 rethrow=0 return_oop=1}
                      ; - java.lang.StringConcatHelper::newString@6
                      ; - java.lang.StringConcatHelper::simpleConcat@90
                      ; - java.lang.String::concat@11
                      ; - java.net.URLClassLoader$1::run@13
  0x000001fa0ed93d8c: f0ac 68ff 

  0x000001fa0ed93d90: ;   {other}
  0x000001fa0ed93d90: 0f1f 8400 | 001d 0016 | e928 edff | ff44 8b55 

  0x000001fa0ed93da0: ;   {metadata('java/util/jar/JarFile')}
  0x000001fa0ed93da0: 0841 81fa | 6f1b 0120 | 0f85 ee0d | 0000 488b | 5424 2890 

  0x000001fa0ed93db4: ;   {optimized virtual_call}
  0x000001fa0ed93db4: c5f8 77e8 

  0x000001fa0ed93db8: ; ImmutableOopMap {[32]=Oop [48]=NarrowOop [56]=Oop [72]=Oop [80]=Oop [88]=NarrowOop [100]=NarrowOop [104]=Oop [112]=Oop }
                      ;*invokevirtual getManifestFromReference {reexecute=0 rethrow=0 return_oop=1}
                      ; - java.util.jar.JarFile::getManifest@1
                      ; - java.util.jar.JarFile::maybeInstantiateVerifier@31
                      ; - java.util.jar.JarFile$JarFileEntry::getCodeSigners@4
                      ; - jdk.internal.loader.URLClassPath$JarLoader$2::getCodeSigners@4
                      ; - java.net.URLClassLoader::defineClass@185
                      ; - java.net.URLClassLoader$1::run@43
  0x000001fa0ed93db8: c4ac 5cff 

  0x000001fa0ed93dbc: ;   {other}
  0x000001fa0ed93dbc: 0f1f 8400 | 2c1d 0017 | 4c8b 4424 | 384c 8b4c | 2468 e906 

  0x000001fa0ed93dd0: ;   {metadata('java/util/jar/JarFile')}
  0x000001fa0ed93dd0: f4ff ff81 | fd6f 1b01 | 200f 85f1 | 0d00 0048 | 8b54 2470 

  0x000001fa0ed93de4: ;   {optimized virtual_call}
  0x000001fa0ed93de4: c5f8 77e8 

  0x000001fa0ed93de8: ; ImmutableOopMap {[40]=Oop [48]=NarrowOop [56]=Oop [76]=NarrowOop [80]=Oop [88]=Oop [96]=NarrowOop [100]=NarrowOop [104]=Oop [112]=Oop [152]=Oop }
                      ;*invokevirtual getManifestFromReference {reexecute=0 rethrow=0 return_oop=1}
                      ; - java.util.jar.JarFile::getManifest@1
                      ; - java.util.jar.JarFile::maybeInstantiateVerifier@31
                      ; - java.util.jar.JarFile::ensureInitialization@1
                      ; - java.util.jar.JavaUtilJarAccessImpl::ensureInitialization@1
                      ; - jdk.internal.loader.URLClassPath$JarLoader$2::getManifest@10
                      ; - java.net.URLClassLoader::defineClass@34
                      ; - java.net.URLClassLoader$1::run@43
  0x000001fa0ed93de8: 94ac 5cff 

  0x000001fa0ed93dec: ;   {other}
  0x000001fa0ed93dec: 0f1f 8400 | 5c1d 0018 | 4c8b 6c24 | 3848 ff74 | 2420 488f | 8424 9000 | 0000 488b | 5424 288b 
  0x000001fa0ed93e0c: 7424 4c4c | 8b74 2458 | 4c8b 5424 | 6844 8b44 | 2460 4c8b | 4c24 70e9 | 16f1 ffff | 4889 7424 
  0x000001fa0ed93e2c: 4889 5424 | 4089 7c24 | 344c 8974 | 2438 895c | 2430 894c | 242c 4489 

  0x000001fa0ed93e44: ;   {metadata({type array byte})}
  0x000001fa0ed93e44: 4424 2848 | bac8 0a04 | 0001 0000 | 0044 8bc3 

  0x000001fa0ed93e54: ;   {runtime_call _new_array_Java}
  0x000001fa0ed93e54: c5f8 77e8 

  0x000001fa0ed93e58: ; ImmutableOopMap {[40]=NarrowOop [44]=NarrowOop [56]=Oop [72]=Oop [80]=Oop }
                      ;*invokevirtual allocateUninitializedArray0 {reexecute=0 rethrow=0 return_oop=1}
                      ; - jdk.internal.misc.Unsafe::allocateUninitializedArray@51
                      ; - java.lang.StringConcatHelper::newArray@33
                      ; - java.lang.StringLatin1::replace@49
                      ; - java.lang.String::replace@18
                      ; - java.net.URLClassLoader$1::run@8
  0x000001fa0ed93e58: 24af 68ff 

  0x000001fa0ed93e5c: ;   {other}
  0x000001fa0ed93e5c: 0f1f 8400 | cc1d 0019 | 448b 4424 | 288b 4c24 | 2c8b 5c24 | 304c 8b74 | 2438 8b7c | 2434 8b54 
  0x000001fa0ed93e7c: 2440 488b | 7424 484c | 8bd0 e938 

  0x000001fa0ed93e88: ;   {metadata('java/lang/String')}
  0x000001fa0ed93e88: e8ff ff48 | ba90 2004 | 0001 0000 | 0049 8bee | 4c89 5424 | 3066 6690 

  0x000001fa0ed93ea0: ;   {runtime_call _new_instance_Java}
  0x000001fa0ed93ea0: c5f8 77e8 

  0x000001fa0ed93ea4: ; ImmutableOopMap {rbp=Oop [48]=Oop [80]=Oop }
                      ;*new {reexecute=0 rethrow=0 return_oop=1}
                      ; - java.lang.StringLatin1::replace@116
                      ; - java.lang.String::replace@18
                      ; - java.net.URLClassLoader$1::run@8
  0x000001fa0ed93ea4: d8ab 68ff 

  0x000001fa0ed93ea8: ;   {other}
  0x000001fa0ed93ea8: 0f1f 8400 | 181e 001a | 4c8b c04c | 8b54 2430 | e962 eaff | ff4c 8944 

  0x000001fa0ed93ec0: ;   {metadata('java/security/CodeSource')}
  0x000001fa0ed93ec0: 2438 48ba | 185b 0500 | 0100 0000 

  0x000001fa0ed93ecc: ;   {runtime_call _new_instance_Java}
  0x000001fa0ed93ecc: c5f8 77e8 

  0x000001fa0ed93ed0: ; ImmutableOopMap {rbp=Oop [32]=Oop [48]=NarrowOop [56]=Oop [72]=Oop [80]=Oop [88]=NarrowOop [100]=NarrowOop [112]=Oop }
                      ;*new {reexecute=0 rethrow=0 return_oop=1}
                      ; - java.net.URLClassLoader::defineClass@190
                      ; - java.net.URLClassLoader$1::run@43
  0x000001fa0ed93ed0: acab 68ff 

  0x000001fa0ed93ed4: ;   {other}
  0x000001fa0ed93ed4: 0f1f 8400 | 441e 001b | 4c8b 4424 | 38e9 60f3 | ffff 4c89 | 7424 6889 | 7424 6048 | 894c 2458 
  0x000001fa0ed93ef4: 4889 5424 | 4844 8954 | 2434 4489 | 4424 2c44 | 895c 2428 | 4889 4424 | f88b 4424 | 3089 4424 
  0x000001fa0ed93f14: 2048 8b44 | 24f8 488b | ac24 9000 | 0000 4c89 

  0x000001fa0ed93f24: ;   {metadata('java/lang/String')}
  0x000001fa0ed93f24: 6c24 3848 | ba90 2004 | 0001 0000 | 0066 6690 

  0x000001fa0ed93f34: ;   {runtime_call _new_instance_Java}
  0x000001fa0ed93f34: c5f8 77e8 

  0x000001fa0ed93f38: ; ImmutableOopMap {[32]=NarrowOop [40]=NarrowOop [56]=Oop [72]=Oop [80]=Oop [88]=Oop [96]=NarrowOop [100]=NarrowOop [104]=Oop }
                      ;*new {reexecute=0 rethrow=0 return_oop=1}
                      ; - java.lang.StringLatin1::newString@7
                      ; - java.lang.String::substring@41
                      ; - java.net.URLClassLoader::defineClass@28
                      ; - java.net.URLClassLoader$1::run@43
  0x000001fa0ed93f38: 44ab 68ff 

  0x000001fa0ed93f3c: ;   {other}
  0x000001fa0ed93f3c: 0f1f 8400 | ac1e 001c | 4c8b 6c24 | 3848 89ac | 2490 0000 | 0048 8944 | 24f8 8b44 | 2420 8944 
  0x000001fa0ed93f5c: 2430 488b | 4424 f844 | 8b5c 2428 | 448b 4424 | 2c44 8b54 | 2434 488b | 5424 4848 | 8b4c 2458 
  0x000001fa0ed93f7c: 8b74 2460 | 4c8b 7424 | 6848 8bd8 | e9cc ecff | ff48 8984 | 2488 0000 | 004c 898c | 2480 0000 
  0x000001fa0ed93f9c: 0048 897c | 2478 4889 | 5c24 704c | 8974 2468 | 8974 244c | 4889 5424 | 5844 8954 | 2448 4889 
  0x000001fa0ed93fbc: 4424 f88b | 4424 6489 | 4424 3448 | 8b44 24f8 | 48ff b424 | 9000 0000 | 488f 4424 | 284c 896c 
  0x000001fa0ed93fdc: ;   {metadata({type array byte})}
  0x000001fa0ed93fdc: 2438 48ba | c80a 0400 | 0100 0000 | 4889 4c24 | 6045 8bc2 

  0x000001fa0ed93ff0: ;   {runtime_call _new_array_nozero_Java}
  0x000001fa0ed93ff0: c5f8 77e8 

  0x000001fa0ed93ff4: ; ImmutableOopMap {[48]=NarrowOop [52]=NarrowOop [56]=Oop [76]=NarrowOop [80]=Oop [88]=Oop [96]=Oop [120]=Derived_oop_[96] [104]=Oop [112]=Oop }
                      ;*newarray {reexecute=0 rethrow=0 return_oop=1}
                      ; - java.util.Arrays::copyOfRangeByte@10
                      ; - java.util.Arrays::copyOfRange@13
                      ; - java.lang.StringLatin1::newString@16
                      ; - java.lang.String::substring@41
                      ; - java.net.URLClassLoader::defineClass@28
                      ; - java.net.URLClassLoader$1::run@43
  0x000001fa0ed93ff4: 88b0 68ff 

  0x000001fa0ed93ff8: ;   {other}
  0x000001fa0ed93ff8: 0f1f 8400 | 681f 001d | 4c8b d84c | 8b6c 2438 | 48ff 7424 | 2848 8f84 | 2490 0000 | 0048 8944 
  0x000001fa0ed94018: 24f8 8b44 | 2434 8944 | 2464 488b | 4424 f844 | 8b54 2448 | 488b 5424 | 588b 7424 | 4c4c 8b74 
  0x000001fa0ed94038: 2468 488b | 5c24 7048 | 8b7c 2478 | 4c8b 8c24 | 8000 0000 | 488b 8424 | 8800 0000 | e97e edff 
  0x000001fa0ed94058: ffba e4ff | ffff 4889 | 4424 f88b | 4424 3089 | 4424 2848 | 8b44 24f8 | 4c89 6c24 | 304c 8b44 
  0x000001fa0ed94078: 2440 4c89 | 4424 3844 | 895c 2444 | 4489 5424 | 4866 6690 

  0x000001fa0ed9408c: ;   {runtime_call UncommonTrapBlob}
  0x000001fa0ed9408c: c5f8 77e8 

  0x000001fa0ed94090: ; ImmutableOopMap {[40]=NarrowOop [48]=Oop [68]=NarrowOop [80]=Oop [100]=NarrowOop }
                      ;*baload {reexecute=0 rethrow=0 return_oop=0}
                      ; - java.lang.StringLatin1::lastIndexOf@24
                      ; - java.lang.String::lastIndexOf@13
                      ; - java.lang.String::lastIndexOf@8
                      ; - java.net.URLClassLoader::defineClass@7
                      ; - java.net.URLClassLoader$1::run@43
  0x000001fa0ed94090: 6c02 5dff 

  0x000001fa0ed94094: ;   {other}
  0x000001fa0ed94094: 0f1f 8400 | 0420 001e 

  0x000001fa0ed9409c: ;   {metadata('java/lang/String')}
  0x000001fa0ed9409c: 48ba 9020 | 0400 0100 | 0000 6690 

  0x000001fa0ed940a8: ;   {runtime_call _new_instance_Java}
  0x000001fa0ed940a8: c5f8 77e8 

  0x000001fa0ed940ac: ; ImmutableOopMap {[80]=Oop }
                      ;*new {reexecute=0 rethrow=0 return_oop=1}
                      ; - java.lang.StringConcatHelper::simpleConcat@17
                      ; - java.lang.String::concat@11
                      ; - java.net.URLClassLoader$1::run@13
  0x000001fa0ed940ac: d0a9 68ff 

  0x000001fa0ed940b0: ;   {other}
  0x000001fa0ed940b0: 0f1f 8400 | 2020 001f | e904 f4ff | ff41 8be9 | e993 e5ff | ff4c 896c | 2438 4489 | 5c24 2c48 
  0x000001fa0ed940d0: 8954 2420 | 488b e989 | 7424 484c | 8974 2458 | 4889 5c24 | 6848 897c | 2470 4c89 

  0x000001fa0ed940ec: ;   {metadata({type array byte})}
  0x000001fa0ed940ec: 5424 7848 | bac8 0a04 | 0001 0000 | 0066 6690 

  0x000001fa0ed940fc: ;   {runtime_call _new_array_nozero_Java}
  0x000001fa0ed940fc: c5f8 77e8 

  0x000001fa0ed94100: ; ImmutableOopMap {rbp=Oop [112]=Derived_oop_rbp [32]=Oop [44]=NarrowOop [48]=NarrowOop [56]=Oop [72]=NarrowOop [80]=Oop [88]=Oop [100]=NarrowOop [104]=Oop }
                      ;*invokevirtual clone {reexecute=1 rethrow=0 return_oop=1}
                      ; - (reexecute) java.util.Arrays::copyOfRange@18
                      ; - java.lang.StringLatin1::newString@16
                      ; - java.lang.String::substring@41
                      ; - java.net.URLClassLoader::defineClass@28
                      ; - java.net.URLClassLoader$1::run@43
  0x000001fa0ed94100: 7caf 68ff 

  0x000001fa0ed94104: ;   {other}
  0x000001fa0ed94104: 0f1f 8400 | 7420 0020 | 488b d8e9 | dfeb ffff | baf6 ffff | ff48 8944 | 2420 6690 

  0x000001fa0ed94120: ;   {runtime_call UncommonTrapBlob}
  0x000001fa0ed94120: c5f8 77e8 

  0x000001fa0ed94124: ; ImmutableOopMap {[32]=Oop [80]=Oop }
                      ;*invokevirtual getResource {reexecute=0 rethrow=0 return_oop=0}
                      ; - java.net.URLClassLoader$1::run@26
  0x000001fa0ed94124: d801 5dff 

  0x000001fa0ed94128: ;   {other}
  0x000001fa0ed94128: 0f1f 8400 | 9820 0021 | ba76 ffff | ff48 8b6c | 2450 894c | 2420 895c | 2428 4489 | 4424 2c90 
  0x000001fa0ed94148: ;   {runtime_call UncommonTrapBlob}
  0x000001fa0ed94148: c5f8 77e8 

  0x000001fa0ed9414c: ; ImmutableOopMap {rbp=Oop [32]=NarrowOop [44]=NarrowOop }
                      ;*if_icmpge {reexecute=1 rethrow=0 return_oop=0}
                      ; - (reexecute) java.lang.StringLatin1::replace@19
                      ; - java.lang.String::replace@18
                      ; - java.net.URLClassLoader$1::run@8
  0x000001fa0ed9414c: b001 5dff 

  0x000001fa0ed94150: ;   {other}
  0x000001fa0ed94150: 0f1f 8400 | c020 0022 | 4963 d3e9 | 53e8 ffff | bacc ffff | ff4c 8944 | 2428 4889 | 5c24 3089 
  0x000001fa0ed94170: 7c24 4090 

  0x000001fa0ed94174: ;   {runtime_call UncommonTrapBlob}
  0x000001fa0ed94174: c5f8 77e8 

  0x000001fa0ed94178: ; ImmutableOopMap {rbp=Oop [40]=Oop [80]=Oop }
                      ;*invokestatic arraycopy {reexecute=0 rethrow=0 return_oop=0}
                      ; - java.lang.String::getBytes@22
                      ; - java.lang.StringConcatHelper::prepend@21
                      ; - java.lang.StringConcatHelper::simpleConcat@71
                      ; - java.lang.String::concat@11
                      ; - java.net.URLClassLoader$1::run@13
  0x000001fa0ed94178: 8401 5dff 

  0x000001fa0ed9417c: ;   {other}
  0x000001fa0ed9417c: 0f1f 8400 | ec20 0023 | bacc ffff | ff4c 8954 | 2428 4489 | 4c24 3890 

  0x000001fa0ed94194: ;   {runtime_call UncommonTrapBlob}
  0x000001fa0ed94194: c5f8 77e8 

  0x000001fa0ed94198: ; ImmutableOopMap {rbp=Oop [40]=Oop [80]=Oop }
                      ;*invokestatic arraycopy {reexecute=0 rethrow=0 return_oop=0}
                      ; - java.lang.String::getBytes@22
                      ; - java.lang.StringConcatHelper::prepend@21
                      ; - java.lang.StringConcatHelper::simpleConcat@81
                      ; - java.lang.String::concat@11
                      ; - java.net.URLClassLoader$1::run@13
  0x000001fa0ed94198: 6401 5dff 

  0x000001fa0ed9419c: ;   {other}
  0x000001fa0ed9419c: 0f1f 8400 | 0c21 0024 | ba76 ffff | ff89 4c24 | 284c 8954 | 2430 895c | 243c 4489 | 4424 4090 
  0x000001fa0ed941bc: ;   {runtime_call UncommonTrapBlob}
  0x000001fa0ed941bc: c5f8 77e8 

  0x000001fa0ed941c0: ; ImmutableOopMap {[40]=NarrowOop [48]=Oop [64]=NarrowOop [80]=Oop }
                      ;*if_icmpge {reexecute=1 rethrow=0 return_oop=0}
                      ; - (reexecute) java.lang.StringLatin1::replace@82
                      ; - java.lang.String::replace@18
                      ; - java.net.URLClassLoader$1::run@8
  0x000001fa0ed941c0: 3c01 5dff 

  0x000001fa0ed941c4: ;   {other}
  0x000001fa0ed941c4: 0f1f 8400 | 3421 0025 | 33ed 4585 | d240 0f94 | c5ba 45ff | ffff 4489 | 4424 2890 

  0x000001fa0ed941e0: ;   {runtime_call UncommonTrapBlob}
  0x000001fa0ed941e0: c5f8 77e8 

  0x000001fa0ed941e4: ; ImmutableOopMap {[40]=NarrowOop [80]=Oop }
                      ;*ifeq {reexecute=1 rethrow=0 return_oop=0}
                      ; - (reexecute) java.lang.String::replace@9
                      ; - java.net.URLClassLoader$1::run@8
  0x000001fa0ed941e4: 1801 5dff 

  0x000001fa0ed941e8: ;   {other}
  0x000001fa0ed941e8: 0f1f 8400 | 5821 0026 | ba76 ffff | ff89 4c24 | 2889 5c24 | 2c4c 8954 | 2430 4489 | 4424 3c90 
  0x000001fa0ed94208: ;   {runtime_call UncommonTrapBlob}
  0x000001fa0ed94208: c5f8 77e8 

  0x000001fa0ed9420c: ; ImmutableOopMap {[40]=NarrowOop [48]=Oop [60]=NarrowOop [80]=Oop }
                      ;*if_icmpge {reexecute=1 rethrow=0 return_oop=0}
                      ; - (reexecute) java.lang.StringLatin1::replace@61
                      ; - java.lang.String::replace@18
                      ; - java.net.URLClassLoader$1::run@8
  0x000001fa0ed9420c: f000 5dff 

  0x000001fa0ed94210: ;   {other}
  0x000001fa0ed94210: 0f1f 8400 | 8021 0027 | b801 0000 | 00e9 5de5 | ffff baf6 | ffff ff48 | 8944 2428 

  0x000001fa0ed9422c: ;   {runtime_call UncommonTrapBlob}
  0x000001fa0ed9422c: c5f8 77e8 

  0x000001fa0ed94230: ; ImmutableOopMap {[40]=Oop [80]=Oop [100]=NarrowOop }
                      ;*invokevirtual defineClass {reexecute=0 rethrow=0 return_oop=0}
                      ; - java.net.URLClassLoader$1::run@43
  0x000001fa0ed94230: cc00 5dff 

  0x000001fa0ed94234: ;   {other}
  0x000001fa0ed94234: 0f1f 8400 | a421 0028 | ba45 ffff | ff4c 8b5c | 2438 4c89 | 5c24 2044 | 8b5c 2430 | 4489 5c24 
  0x000001fa0ed94254: 284c 8b5c | 2440 4c89 | 5c24 384c | 8954 2448 

  0x000001fa0ed94264: ;   {runtime_call UncommonTrapBlob}
  0x000001fa0ed94264: c5f8 77e8 

  0x000001fa0ed94268: ; ImmutableOopMap {[32]=Oop [40]=NarrowOop [72]=Oop [80]=Oop [88]=NarrowOop [100]=NarrowOop }
                      ;*ifeq {reexecute=1 rethrow=0 return_oop=0}
                      ; - (reexecute) jdk.internal.loader.Resource::getByteBuffer@9
                      ; - java.net.URLClassLoader::defineClass@132
                      ; - java.net.URLClassLoader$1::run@43
  0x000001fa0ed94268: 9400 5dff 

  0x000001fa0ed9426c: ;   {other}
  0x000001fa0ed9426c: 0f1f 8400 | dc21 0029 | bae4 ffff | ff4c 8b54 | 2450 4c89 | 5424 204c | 8b54 2438 | 4c89 5424 
  0x000001fa0ed9428c: 284c 896c | 2440 4c89 | 4424 4844 | 894c 2454 

  0x000001fa0ed9429c: ;   {runtime_call UncommonTrapBlob}
  0x000001fa0ed9429c: c5f8 77e8 

  0x000001fa0ed942a0: ; ImmutableOopMap {[32]=Oop [40]=Oop [48]=NarrowOop [64]=Oop [84]=NarrowOop [100]=NarrowOop [112]=Oop }
                      ;*invokestatic checkIndex {reexecute=0 rethrow=0 return_oop=0}
                      ; - java.nio.Buffer::checkIndex@8
                      ; - java.nio.DirectLongBufferU::get@11
                      ; - jdk.internal.perf.PerfCounter::get@5
                      ; - jdk.internal.perf.PerfCounter::add@1
                      ; - jdk.internal.perf.PerfCounter::addElapsedTimeFrom@6
                      ; - java.net.URLClassLoader::defineClass@207
                      ; - java.net.URLClassLoader$1::run@43
  0x000001fa0ed942a0: 5c00 5dff 

  0x000001fa0ed942a4: ;   {other}
  0x000001fa0ed942a4: 0f1f 8400 | 1422 002a | bae4 ffff | ff4c 8b5c | 2450 4c89 | 5c24 204c | 8b5c 2438 | 4c89 5c24 
  0x000001fa0ed942c4: 284c 8b5c | 2440 4c89 | 5c24 3844 | 8b5c 2464 | 4489 5c24 | 344c 8b5c | 2468 448b | 4424 5844 
  0x000001fa0ed942e4: 8944 2448 | 4c89 5c24 | 5048 8944 | 2460 4489 | 5424 6890 

  0x000001fa0ed942f8: ;   {runtime_call UncommonTrapBlob}
  0x000001fa0ed942f8: c5f8 77e8 

  0x000001fa0ed942fc: ; ImmutableOopMap {[32]=Oop [40]=Oop [48]=NarrowOop [52]=NarrowOop [72]=NarrowOop [80]=Oop [96]=Oop }
                      ;*invokestatic checkIndex {reexecute=0 rethrow=0 return_oop=0}
                      ; - java.util.zip.CRC32::updateBytesCheck@30
                      ; - java.util.zip.CRC32::updateBytes@3
                      ; - java.util.zip.CRC32::update@31
                      ; - java.util.zip.Checksum::update@5
                      ; - jdk.internal.loader.URLClassPath$JarLoader$2::getBytes@15
                      ; - java.net.URLClassLoader::defineClass@179
                      ; - java.net.URLClassLoader$1::run@43
  0x000001fa0ed942fc: 0000 5dff 

  0x000001fa0ed94300: ;   {other}
  0x000001fa0ed94300: 0f1f 8400 | 7022 002b | 4c89 4424 | 2849 8bed 

  0x000001fa0ed94310: ;   {oop(a 'jdk/internal/perf/PerfCounter'{0x00000000804c5518})}
  0x000001fa0ed94310: 48ba 1855 | 4c80 0000 | 0000 4c8d | 8424 a000 | 0000 6690 

  0x000001fa0ed94324: ;   {runtime_call _complete_monitor_locking_Java}
  0x000001fa0ed94324: c5f8 77e8 

  0x000001fa0ed94328: ; ImmutableOopMap {rbp=Oop [32]=Oop [48]=NarrowOop [56]=Oop [72]=Oop [80]=Oop [100]=NarrowOop [112]=Oop }
                      ;*synchronization entry
                      ; - jdk.internal.perf.PerfCounter::add@-1
                      ; - jdk.internal.perf.PerfCounter::addElapsedTimeFrom@6
                      ; - java.net.URLClassLoader::defineClass@207
                      ; - java.net.URLClassLoader$1::run@43
  0x000001fa0ed94328: 5488 68ff 

  0x000001fa0ed9432c: ;   {other}
  0x000001fa0ed9432c: 0f1f 8400 | 9c22 002c | 4c8b ed4c | 8b44 2428 | e920 f0ff | ffba ccff | ffff 4c8b | 5424 504c 
  0x000001fa0ed9434c: 8954 2420 | 4c8b 5424 | 384c 8954 | 2428 4c89 | 6c24 404c | 8944 2448 | 4489 4c24 | 5466 6690 
  0x000001fa0ed9436c: ;   {runtime_call UncommonTrapBlob}
  0x000001fa0ed9436c: c5f8 77e8 

  0x000001fa0ed94370: ; ImmutableOopMap {[32]=Oop [40]=Oop [48]=NarrowOop [64]=Oop [84]=NarrowOop [100]=NarrowOop [112]=Oop }
                      ;*invokestatic checkIndex {reexecute=0 rethrow=0 return_oop=0}
                      ; - java.nio.Buffer::checkIndex@8
                      ; - java.nio.DirectLongBufferU::get@11
                      ; - jdk.internal.perf.PerfCounter::get@5
                      ; - jdk.internal.perf.PerfCounter::add@1
                      ; - jdk.internal.perf.PerfCounter::addElapsedTimeFrom@6
                      ; - java.net.URLClassLoader::defineClass@207
                      ; - java.net.URLClassLoader$1::run@43
  0x000001fa0ed94370: 8cff 5cff 

  0x000001fa0ed94374: ;   {other}
  0x000001fa0ed94374: 0f1f 8400 | e422 002d 

  0x000001fa0ed9437c: ;   {oop(a 'jdk/internal/perf/PerfCounter'{0x00000000804c5518})}
  0x000001fa0ed9437c: 48b9 1855 | 4c80 0000 | 0000 488d | 9424 a000 | 0000 4d8b | c7c5 f877 | 49ba b0d7 | a93c ff7f 
  0x000001fa0ed9439c: 0000 41ff 

  0x000001fa0ed943a0: ;   {other}
  0x000001fa0ed943a0: d20f 1f84 | 0000 0000 | 00e9 8df0 | ffff bade | ffff ff4c | 8944 2428 | 4c8b 5424 | 404c 8954 
  0x000001fa0ed943c0: 2438 6690 

  0x000001fa0ed943c4: ;   {runtime_call UncommonTrapBlob}
  0x000001fa0ed943c4: c5f8 77e8 

  0x000001fa0ed943c8: ; ImmutableOopMap {rbp=NarrowOop [40]=Oop [48]=NarrowOop [80]=Oop [88]=NarrowOop [100]=NarrowOop [112]=Oop }
                      ;*invokevirtual getCodeSigners {reexecute=0 rethrow=0 return_oop=0}
                      ; - jdk.internal.loader.URLClassPath$JarLoader$2::getCodeSigners@4
                      ; - java.net.URLClassLoader::defineClass@185
                      ; - java.net.URLClassLoader$1::run@43
  0x000001fa0ed943c8: 34ff 5cff 

  0x000001fa0ed943cc: ;   {other}
  0x000001fa0ed943cc: 0f1f 8400 | 3c23 002e | bade ffff | ff48 8b6c | 2450 4c89 | 6c24 2048 | 8944 24f8 | 8b44 2430 
  0x000001fa0ed943ec: 8944 2428 | 488b 4424 | f84c 8b4c | 2440 4c89 | 4c24 3089 | 7424 404c | 8954 2450 | 4489 5c24 
  0x000001fa0ed9440c: 4444 8944 | 2458 6690 

  0x000001fa0ed94414: ;   {runtime_call UncommonTrapBlob}
  0x000001fa0ed94414: c5f8 77e8 

  0x000001fa0ed94418: ; ImmutableOopMap {rbp=Oop [32]=Oop [40]=NarrowOop [64]=NarrowOop [68]=NarrowOop [80]=Oop [88]=NarrowOop [100]=NarrowOop [152]=Oop }
                      ;*invokeinterface ensureInitialization {reexecute=0 rethrow=0 return_oop=0}
                      ; - jdk.internal.loader.URLClassPath$JarLoader$2::getManifest@10
                      ; - java.net.URLClassLoader::defineClass@34
                      ; - java.net.URLClassLoader$1::run@43
  0x000001fa0ed94418: e4fe 5cff 

  0x000001fa0ed9441c: ;   {other}
  0x000001fa0ed9441c: 0f1f 8400 | 8c23 002f | 4c89 4c24 | 7844 8944 | 245c 4c89 | 5424 704c | 8974 2468 | 8974 2458 
  0x000001fa0ed9443c: 4889 5424 | 4848 8944 | 24f8 8b44 | 2464 8944 | 243c 488b | 4424 f848 | 8944 24f8 | 8b44 2430 
  0x000001fa0ed9445c: 8944 2438 | 488b 4424 | f848 ffb4 | 2490 0000 | 0048 8f44 | 2430 4c89 | 6c24 2848 | ff74 2450 
  0x000001fa0ed9447c: 488f 4424 | 2049 8bd1 | 4c8d 8424 | a000 0000 | 4c89 5424 | 5066 6690 

  0x000001fa0ed94494: ;   {runtime_call _complete_monitor_locking_Java}
  0x000001fa0ed94494: c5f8 77e8 

  0x000001fa0ed94498: ; ImmutableOopMap {[32]=Oop [40]=Oop [56]=NarrowOop [60]=NarrowOop [72]=Oop [80]=Oop [88]=NarrowOop [92]=NarrowOop [104]=Oop [112]=Oop [120]=Oop [152]=Oop }
                      ;*synchronization entry
                      ; - java.util.jar.JarFile::ensureInitialization@-1
                      ; - java.util.jar.JavaUtilJarAccessImpl::ensureInitialization@1
                      ; - jdk.internal.loader.URLClassPath$JarLoader$2::getManifest@10
                      ; - java.net.URLClassLoader::defineClass@34
                      ; - java.net.URLClassLoader$1::run@43
  0x000001fa0ed94498: e486 68ff 

  0x000001fa0ed9449c: ;   {other}
  0x000001fa0ed9449c: 0f1f 8400 | 0c24 0030 | 48ff 7424 | 2048 8f44 | 2450 4c8b | 6c24 2848 | ff74 2430 | 488f 8424 
  0x000001fa0ed944bc: 9000 0000 | 4889 4424 | f88b 4424 | 3889 4424 | 3048 8b44 | 24f8 4889 | 4424 f88b | 4424 3c89 
  0x000001fa0ed944dc: 4424 6448 | 8b44 24f8 | 488b 5424 | 488b 7424 | 584c 8b74 | 2468 4c8b | 5424 7044 | 8b44 245c 
  0x000001fa0ed944fc: 4c8b 4c24 | 78e9 24ea | ffff 4c89 | 5424 484c | 8974 2438 | 8974 2428 | 4889 5424 | 2048 8bb4 
  0x000001fa0ed9451c: 2490 0000 | 0049 8bc9 | 488d 9424 | a000 0000 | 4d8b c7c5 | f877 49ba | b0d7 a93c | ff7f 0000 
  0x000001fa0ed9453c: ;   {other}
  0x000001fa0ed9453c: 41ff d20f | 1f84 0000 | 0000 0048 | 89b4 2490 | 0000 0048 | 8b54 2420 | 8b74 2428 | 4c8b 7424 
  0x000001fa0ed9455c: 384c 8b54 | 2448 e97c | eaff ffba | deff ffff | 48ff 7424 | 5048 8f44 | 2420 4c89 | 6c24 284c 
  0x000001fa0ed9457c: 8b5c 2440 | 4c89 5c24 | 384c 8954 | 2440 8974 | 2448 6690 

  0x000001fa0ed94590: ;   {runtime_call UncommonTrapBlob}
  0x000001fa0ed94590: c5f8 77e8 

  0x000001fa0ed94594: ; ImmutableOopMap {rbp=NarrowOop [32]=Oop [40]=Oop [48]=NarrowOop [64]=Oop [72]=NarrowOop [100]=NarrowOop [152]=Oop }
                      ;*invokevirtual getManifest {reexecute=0 rethrow=0 return_oop=0}
                      ; - jdk.internal.loader.URLClassPath$JarLoader$2::getManifest@22
                      ; - java.net.URLClassLoader::defineClass@34
                      ; - java.net.URLClassLoader$1::run@43
  0x000001fa0ed94594: 68fd 5cff 

  0x000001fa0ed94598: ;   {other}
  0x000001fa0ed94598: 0f1f 8400 | 0825 0031 | ba45 ffff | ff4c 8944 | 2420 897c | 2428 6690 

  0x000001fa0ed945b0: ;   {runtime_call UncommonTrapBlob}
  0x000001fa0ed945b0: c5f8 77e8 

  0x000001fa0ed945b4: ; ImmutableOopMap {[32]=Oop [80]=Oop }
                      ;*iflt {reexecute=1 rethrow=0 return_oop=0}
                      ; - (reexecute) java.lang.StringConcatHelper::checkOverflow@2
                      ; - java.lang.StringConcatHelper::mix@23
                      ; - java.lang.StringConcatHelper::simpleConcat@46
                      ; - java.lang.String::concat@11
                      ; - java.net.URLClassLoader$1::run@13
  0x000001fa0ed945b4: 48fd 5cff 

  0x000001fa0ed945b8: ;   {other}
  0x000001fa0ed945b8: 0f1f 8400 | 2825 0032 | ba45 ffff | ff4c 8944 | 2428 6690 

  0x000001fa0ed945cc: ;   {runtime_call UncommonTrapBlob}
  0x000001fa0ed945cc: c5f8 77e8 

  0x000001fa0ed945d0: ; ImmutableOopMap {[40]=Oop [80]=Oop }
                      ;*iflt {reexecute=1 rethrow=0 return_oop=0}
                      ; - (reexecute) java.lang.StringConcatHelper::checkOverflow@2
                      ; - java.lang.StringConcatHelper::mix@23
                      ; - java.lang.StringConcatHelper::simpleConcat@54
                      ; - java.lang.String::concat@11
                      ; - java.net.URLClassLoader$1::run@13
  0x000001fa0ed945d0: 2cfd 5cff 

  0x000001fa0ed945d4: ;   {other}
  0x000001fa0ed945d4: 0f1f 8400 | 4425 0033 | ba45 ffff | ff4c 8944 | 2428 894c | 2438 6690 

  0x000001fa0ed945ec: ;   {runtime_call UncommonTrapBlob}
  0x000001fa0ed945ec: c5f8 77e8 

  0x000001fa0ed945f0: ; ImmutableOopMap {rbp=Oop [40]=Oop [80]=Oop }
                      ;*if_icmpne {reexecute=1 rethrow=0 return_oop=0}
                      ; - (reexecute) java.lang.String::getBytes@5
                      ; - java.lang.StringConcatHelper::prepend@21
                      ; - java.lang.StringConcatHelper::simpleConcat@81
                      ; - java.lang.String::concat@11
                      ; - java.net.URLClassLoader$1::run@13
  0x000001fa0ed945f0: 0cfd 5cff 

  0x000001fa0ed945f4: ;   {other}
  0x000001fa0ed945f4: 0f1f 8400 | 6425 0034 | ba45 ffff | ff4c 8944 | 2420 4889 | 5c24 2889 | 4c24 3090 

  0x000001fa0ed94610: ;   {runtime_call UncommonTrapBlob}
  0x000001fa0ed94610: c5f8 77e8 

  0x000001fa0ed94614: ; ImmutableOopMap {[32]=Oop [80]=Oop }
                      ;*if_icmpne {reexecute=1 rethrow=0 return_oop=0}
                      ; - (reexecute) java.lang.StringConcatHelper::mix@13
                      ; - java.lang.StringConcatHelper::simpleConcat@46
                      ; - java.lang.String::concat@11
                      ; - java.net.URLClassLoader$1::run@13
  0x000001fa0ed94614: e8fc 5cff 

  0x000001fa0ed94618: ;   {other}
  0x000001fa0ed94618: 0f1f 8400 | 8825 0035 | ba45 ffff | ff4c 8944 | 2420 4889 | 7424 2844 | 895c 2430 

  0x000001fa0ed94634: ;   {runtime_call UncommonTrapBlob}
  0x000001fa0ed94634: c5f8 77e8 

  0x000001fa0ed94638: ; ImmutableOopMap {[32]=Oop [80]=Oop }
                      ;*ifge {reexecute=1 rethrow=0 return_oop=0}
                      ; - (reexecute) java.lang.StringConcatHelper::newArray@13
                      ; - java.lang.StringConcatHelper::simpleConcat@61
                      ; - java.lang.String::concat@11
                      ; - java.net.URLClassLoader$1::run@13
  0x000001fa0ed94638: c4fc 5cff 

  0x000001fa0ed9463c: ;   {other}
  0x000001fa0ed9463c: 0f1f 8400 | ac25 0036 | 4d63 cae9 | 0be7 ffff | 4983 c1fe | 498b c949 | 8bf8 4833 | c048 83f9 
  0x000001fa0ed9465c: 087f 1048 | ffc9 784f | 4889 04cf | 48ff c97d | f7eb 44c5 | fdef c0e9 | 0d00 0000 | c5fe 7f07 
  0x000001fa0ed9467c: c5fe 7f47 | 2048 83c7 | 4048 83e9 | 087d ed48 | 83c1 047c | 0cc5 fe7f | 0748 83c7 | 2048 83e9 
  0x000001fa0ed9469c: 0448 83c1 | 047e 1048 | ffc9 c5f9 | d607 4883 | c708 48ff | c97d f3e9 | 7ce7 ffff | bacc ffff 
  0x000001fa0ed946bc: ff48 8b6c | 2450 4889 | 4424 f88b | 4424 3089 | 4424 2848 | 8b44 24f8 | 4c89 6c24 | 304c 8b44 
  0x000001fa0ed946dc: 2440 4c89 | 4424 3844 | 895c 242c | 4489 5424 | 4489 7424 | 4c48 895c | 2458 6690 

  0x000001fa0ed946f8: ;   {runtime_call UncommonTrapBlob}
  0x000001fa0ed946f8: c5f8 77e8 

  0x000001fa0ed946fc: ; ImmutableOopMap {rbp=Oop [40]=NarrowOop [44]=NarrowOop [48]=Oop [76]=NarrowOop [88]=Oop [100]=NarrowOop }
                      ;*newarray {reexecute=1 rethrow=0 return_oop=0}
                      ; - (reexecute) java.util.Arrays::copyOfRangeByte@10
                      ; - java.util.Arrays::copyOfRange@13
                      ; - java.lang.StringLatin1::newString@16
                      ; - java.lang.String::substring@41
                      ; - java.net.URLClassLoader::defineClass@28
                      ; - java.net.URLClassLoader$1::run@43
  0x000001fa0ed946fc: 00fc 5cff 

  0x000001fa0ed94700: ;   {other}
  0x000001fa0ed94700: 0f1f 8400 | 7026 0037 | 4c8b 6c24 | 5845 8b55 | 1045 85d2 | 0f84 a3f3 | ffff 4d8b | 5f28 498b 
  0x000001fa0ed94720: ca4d 85db | 0f84 5204 | 0000 4d8b | 5738 4b89 | 4c1a f849 | 83c3 f84d | 895f 28e9 | 7df3 ffff 
  0x000001fa0ed94740: 33ed 4585 | d240 0f94 | c5ba 45ff | ffff 4c89 | 6c24 3848 | 8944 24f8 | 8b44 2464 | 8944 2434 
  0x000001fa0ed94760: 488b 4424 | f889 5c24 | 4c66 6690 

  0x000001fa0ed9476c: ;   {runtime_call UncommonTrapBlob}
  0x000001fa0ed9476c: c5f8 77e8 

  0x000001fa0ed94770: ; ImmutableOopMap {[48]=NarrowOop [52]=NarrowOop [56]=Oop [80]=Oop }
                      ;*ifeq {reexecute=1 rethrow=0 return_oop=0}
                      ; - (reexecute) java.lang.String::lastIndexOf@4
                      ; - java.lang.String::lastIndexOf@8
                      ; - java.net.URLClassLoader::defineClass@7
                      ; - java.net.URLClassLoader$1::run@43
  0x000001fa0ed94770: 8cfb 5cff 

  0x000001fa0ed94774: ;   {other}
  0x000001fa0ed94774: 0f1f 8400 | e426 0038 | 498b d7c5 | f877 49ba | 002a 683c | ff7f 0000 

  0x000001fa0ed9478c: ;   {other}
  0x000001fa0ed9478c: 41ff d20f | 1f84 0000 | 0000 00e9 | efea ffff | ba45 ffff | ff48 8b6c | 2450 895c | 2428 4c89 
  0x000001fa0ed947ac: 6c24 3048 | ff74 2440 | 488f 4424 | 3844 8954 | 2440 4489 | 5424 4448 | 8944 24f8 | 8b44 2464 
  0x000001fa0ed947cc: 8944 2448 | 488b 4424 | f889 7424 | 4c44 894c | 2458 6690 

  0x000001fa0ed947e0: ;   {runtime_call UncommonTrapBlob}
  0x000001fa0ed947e0: c5f8 77e8 

  0x000001fa0ed947e4: ; ImmutableOopMap {rbp=Oop [40]=NarrowOop [48]=Oop [72]=NarrowOop [76]=NarrowOop }
                      ;*if_icmpgt {reexecute=1 rethrow=0 return_oop=0}
                      ; - (reexecute) jdk.internal.util.Preconditions::checkFromToIndex@6
                      ; - java.lang.String::checkBoundsBeginEnd@6
                      ; - java.lang.String::substring@8
                      ; - java.net.URLClassLoader::defineClass@28
                      ; - java.net.URLClassLoader$1::run@43
  0x000001fa0ed947e4: 18fb 5cff 

  0x000001fa0ed947e8: ;   {other}
  0x000001fa0ed947e8: 0f1f 8400 | 5827 0039 | ba45 ffff | ff4c 8b5c | 2450 4c89 | 5c24 204c | 8944 2428 | 4c8b 5c24 
  0x000001fa0ed94808: 404c 895c | 2438 4889 | 4424 5090 

  0x000001fa0ed94814: ;   {runtime_call UncommonTrapBlob}
  0x000001fa0ed94814: c5f8 77e8 

  0x000001fa0ed94818: ; ImmutableOopMap {rbp=Oop [32]=Oop [40]=Oop [48]=NarrowOop [80]=Oop [88]=NarrowOop [100]=NarrowOop [112]=Oop }
                      ;*ifnull {reexecute=1 rethrow=0 return_oop=0}
                      ; - (reexecute) java.security.CodeSource::<init>@25
                      ; - java.net.URLClassLoader::defineClass@198
                      ; - java.net.URLClassLoader$1::run@43
  0x000001fa0ed94818: e4fa 5cff 

  0x000001fa0ed9481c: ;   {other}
  0x000001fa0ed9481c: 0f1f 8400 | 8c27 003a | ba45 ffff | ff4c 8b54 | 2450 4c89 | 5424 204c | 8b54 2438 | 4c89 5424 
  0x000001fa0ed9483c: 284c 896c | 2440 4c89 | 4424 4844 | 894c 2454 

  0x000001fa0ed9484c: ;   {runtime_call UncommonTrapBlob}
  0x000001fa0ed9484c: c5f8 77e8 

  0x000001fa0ed94850: ; ImmutableOopMap {rbp=NarrowOop [32]=Oop [40]=Oop [48]=NarrowOop [64]=Oop [84]=NarrowOop [100]=NarrowOop [112]=Oop }
                      ;*ifnull {reexecute=1 rethrow=0 return_oop=0}
                      ; - (reexecute) java.nio.Buffer::session@4
                      ; - java.nio.DirectLongBufferU::get@4
                      ; - jdk.internal.perf.PerfCounter::get@5
                      ; - jdk.internal.perf.PerfCounter::add@1
                      ; - jdk.internal.perf.PerfCounter::addElapsedTimeFrom@6
                      ; - java.net.URLClassLoader::defineClass@207
                      ; - java.net.URLClassLoader$1::run@43
  0x000001fa0ed94850: acfa 5cff 

  0x000001fa0ed94854: ;   {other}
  0x000001fa0ed94854: 0f1f 8400 | c427 003b | ba45 ffff | ff48 8b6c | 2450 895c | 2428 4c89 | 6c24 3048 | ff74 2440 
  0x000001fa0ed94874: 488f 4424 | 3844 8954 | 2440 4489 | 5424 4448 | 8944 24f8 | 8b44 2464 | 8944 2448 | 488b 4424 
  0x000001fa0ed94894: f889 7424 | 4c44 894c | 2458 4489 | 4c24 5c90 

  0x000001fa0ed948a4: ;   {runtime_call UncommonTrapBlob}
  0x000001fa0ed948a4: c5f8 77e8 

  0x000001fa0ed948a8: ; ImmutableOopMap {rbp=Oop [40]=NarrowOop [48]=Oop [72]=NarrowOop [76]=NarrowOop }
                      ;*if_icmple {reexecute=1 rethrow=0 return_oop=0}
                      ; - (reexecute) jdk.internal.util.Preconditions::checkFromToIndex@11
                      ; - java.lang.String::checkBoundsBeginEnd@6
                      ; - java.lang.String::substring@8
                      ; - java.net.URLClassLoader::defineClass@28
                      ; - java.net.URLClassLoader$1::run@43
  0x000001fa0ed948a8: 54fa 5cff 

  0x000001fa0ed948ac: ;   {other}
  0x000001fa0ed948ac: 0f1f 8400 | 1c28 003c | ba45 ffff | ff48 8b6c | 2450 4c8b | 5c24 384c | 895c 2420 | 448b 4424 
  0x000001fa0ed948cc: 3044 8944 | 2428 4c8b | 5c24 404c | 895c 2430 | 4c8b 5c24 | 6844 8b44 | 2458 4489 | 4424 404c 
  0x000001fa0ed948ec: 895c 2448 | 4889 4424 | 5844 8954 | 2460 6690 

  0x000001fa0ed948fc: ;   {runtime_call UncommonTrapBlob}
  0x000001fa0ed948fc: c5f8 77e8 

  0x000001fa0ed94900: ; ImmutableOopMap {rbp=Oop [32]=Oop [40]=NarrowOop [64]=NarrowOop [72]=Oop [88]=Oop [100]=NarrowOop [104]=Oop }
                      ;*ifgt {reexecute=1 rethrow=0 return_oop=0}
                      ; - (reexecute) java.util.zip.CRC32::updateBytesCheck@1
                      ; - java.util.zip.CRC32::updateBytes@3
                      ; - java.util.zip.CRC32::update@31
                      ; - java.util.zip.Checksum::update@5
                      ; - jdk.internal.loader.URLClassPath$JarLoader$2::getBytes@15
                      ; - java.net.URLClassLoader::defineClass@179
                      ; - java.net.URLClassLoader$1::run@43
  0x000001fa0ed94900: fcf9 5cff 

  0x000001fa0ed94904: ;   {other}
  0x000001fa0ed94904: 0f1f 8400 | 7428 003d | 4d3b dabd | ffff ffff | 7c08 400f | 95c5 400f | b6ed ba45 | ffff ff4c 
  0x000001fa0ed94924: 8b54 2450 | 4c89 5424 | 204c 8b54 | 2438 4c89 | 5424 284c | 8b54 2440 | 4c89 5424 | 384c 8b54 
  0x000001fa0ed94944: 2468 448b | 5c24 5844 | 895c 2448 | 4c89 5424 | 5066 6690 

  0x000001fa0ed94958: ;   {runtime_call UncommonTrapBlob}
  0x000001fa0ed94958: c5f8 77e8 

  0x000001fa0ed9495c: ; ImmutableOopMap {[32]=Oop [40]=Oop [48]=NarrowOop [72]=NarrowOop [80]=Oop [100]=NarrowOop [104]=Oop [112]=Oop }
                      ;*ifeq {reexecute=1 rethrow=0 return_oop=0}
                      ; - (reexecute) jdk.internal.loader.URLClassPath$JarLoader$2::getBytes@30
                      ; - java.net.URLClassLoader::defineClass@179
                      ; - java.net.URLClassLoader$1::run@43
  0x000001fa0ed9495c: a0f9 5cff 

  0x000001fa0ed94960: ;   {other}
  0x000001fa0ed94960: 0f1f 8400 | d028 003e | 4c89 5c24 | 5848 895c | 2448 4c89 | 7424 3889 | 7424 2848 | 8954 2420 
  0x000001fa0ed94980: 488b b424 | 9000 0000 | 498b d7c5 | f877 49ba | 002a 683c | ff7f 0000 

  0x000001fa0ed94998: ;   {other}
  0x000001fa0ed94998: 41ff d20f | 1f84 0000 | 0000 0048 | 89b4 2490 | 0000 0048 | 8b54 2420 | 8b74 2428 | 4c8b 7424 
  0x000001fa0ed949b8: 3848 8b5c | 2448 4c8b | 5c24 58e9 | 77e4 ffff | 4d85 c90f | 8571 f2ff | ffeb 524d | 8b57 584d 
  0x000001fa0ed949d8: 8b5f 48f0 | 8344 24c0 | 0080 3900 | 7432 4488 | 214d 85db | 740f 4b89 | 4c1a f849 | 83c3 f84d 
  0x000001fa0ed949f8: 895f 48eb | 1b49 8bd7 | c5f8 7749 | bae0 2968 | 3cff 7f00 | 0041 ffd2 

  0x000001fa0ed94a10: ;   {other}
  0x000001fa0ed94a10: 0f1f 8400 | 0000 0000 | 448b 5f5c | 4585 db0f | 851d f2ff | ff4c 8b44 | 2438 e9c7 | e7ff ff48 
  0x000001fa0ed94a30: 8b7c 2428 | 448b 575c | 4585 d20f | 84be f1ff | ff4d 8b5f | 2849 8bca | 4d85 db0f | 84db 0100 
  0x000001fa0ed94a50: 004d 8b57 | 384b 894c | 1af8 4983 | c3f8 4d89 | 5f28 e998 | f1ff ff4c | 8944 2428 | 4c89 6c24 
  0x000001fa0ed94a70: ;   {metadata('java/security/CodeSigner'[])}
  0x000001fa0ed94a70: 5848 ba60 | 6a4e 0001 | 0000 0045 | 8bc1 6690 

  0x000001fa0ed94a80: ;   {runtime_call _new_array_Java}
  0x000001fa0ed94a80: c5f8 77e8 

  0x000001fa0ed94a84: ; ImmutableOopMap {rbp=Oop [32]=Oop [48]=NarrowOop [56]=Oop [72]=Oop [80]=Oop [88]=Oop [100]=NarrowOop [112]=Oop }
                      ;*invokevirtual clone {reexecute=1 rethrow=0 return_oop=1}
                      ; - (reexecute) java.security.CodeSource::<init>@42
                      ; - java.net.URLClassLoader::defineClass@198
                      ; - java.net.URLClassLoader$1::run@43
  0x000001fa0ed94a84: f8a2 68ff 

  0x000001fa0ed94a88: ;   {other}
  0x000001fa0ed94a88: 0f1f 8400 | f829 003f | 488b d8e9 | dfef ffff | 4889 4c24 | 6844 895c | 2438 4c89 

  0x000001fa0ed94aa4: ;   {metadata('java/security/CodeSigner'[])}
  0x000001fa0ed94aa4: 4424 2848 | ba60 6a4e | 0001 0000 | 0044 8bc3 

  0x000001fa0ed94ab4: ;   {runtime_call _new_array_Java}
  0x000001fa0ed94ab4: c5f8 77e8 

  0x000001fa0ed94ab8: ; ImmutableOopMap {rbp=Oop [32]=Oop [40]=Oop [48]=NarrowOop [56]=NarrowOop [72]=Oop [80]=Oop [88]=NarrowOop [100]=NarrowOop [112]=Oop }
                      ;*invokevirtual clone {reexecute=1 rethrow=0 return_oop=1}
                      ; - (reexecute) java.util.jar.JarFile$JarFileEntry::getCodeSigners@70
                      ; - jdk.internal.loader.URLClassPath$JarLoader$2::getCodeSigners@4
                      ; - java.net.URLClassLoader::defineClass@185
                      ; - java.net.URLClassLoader$1::run@43
  0x000001fa0ed94ab8: c4a2 68ff 

  0x000001fa0ed94abc: ;   {other}
  0x000001fa0ed94abc: 0f1f 8400 | 2c2a 0040 | 488b f8e9 | f6f1 ffff | bac6 ffff | ff44 8b5c | 2430 4489 | 5c24 284c 
  0x000001fa0ed94adc: 8b54 2440 | 4c89 5424 | 3066 6690 

  0x000001fa0ed94ae8: ;   {runtime_call UncommonTrapBlob}
  0x000001fa0ed94ae8: c5f8 77e8 

  0x000001fa0ed94aec: ; ImmutableOopMap {[40]=NarrowOop [56]=Oop [80]=Oop [88]=NarrowOop [100]=NarrowOop [112]=Oop }
                      ;*invokevirtual getCodeSigners {reexecute=0 rethrow=0 return_oop=0}
                      ; - java.net.URLClassLoader::defineClass@185
                      ; - java.net.URLClassLoader$1::run@43
  0x000001fa0ed94aec: 10f8 5cff 

  0x000001fa0ed94af0: ;   {other}
  0x000001fa0ed94af0: 0f1f 8400 | 602a 0041 | bac6 ffff | ff48 8944 | 24f8 8b44 | 2430 8944 | 2428 488b | 4424 f84c 
  0x000001fa0ed94b10: 896c 2430 | 4c8b 5c24 | 404c 895c | 2438 4489 | 5424 2c4c | 896c 2440 

  0x000001fa0ed94b28: ;   {runtime_call UncommonTrapBlob}
  0x000001fa0ed94b28: c5f8 77e8 

  0x000001fa0ed94b2c: ; ImmutableOopMap {[40]=NarrowOop [48]=Oop [64]=Oop [80]=Oop [100]=NarrowOop }
                      ;*invokevirtual getCodeSourceURL {reexecute=0 rethrow=0 return_oop=0}
                      ; - java.net.URLClassLoader::defineClass@13
                      ; - java.net.URLClassLoader$1::run@43
  0x000001fa0ed94b2c: d0f7 5cff 

  0x000001fa0ed94b30: ;   {other}
  0x000001fa0ed94b30: 0f1f 8400 | a02a 0042 | bac6 ffff | ff48 8b6c | 2450 4889 | 4424 f88b | 4424 3089 | 4424 2848 
  0x000001fa0ed94b50: 8b44 24f8 | 4c89 6c24 | 304c 8b54 | 2440 4c89 | 5424 384c | 896c 2440 | 8974 2448 

  0x000001fa0ed94b6c: ;   {runtime_call UncommonTrapBlob}
  0x000001fa0ed94b6c: c5f8 77e8 

  0x000001fa0ed94b70: ; ImmutableOopMap {rbp=Oop [40]=NarrowOop [48]=Oop [64]=Oop [72]=NarrowOop [100]=NarrowOop [152]=Oop }
                      ;*invokevirtual getManifest {reexecute=0 rethrow=0 return_oop=0}
                      ; - java.net.URLClassLoader::defineClass@34
                      ; - java.net.URLClassLoader$1::run@43
  0x000001fa0ed94b70: 8cf7 5cff 

  0x000001fa0ed94b74: ;   {other}
  0x000001fa0ed94b74: 0f1f 8400 | e42a 0043 | 498b d7c5 | f877 49ba | 002a 683c | ff7f 0000 

  0x000001fa0ed94b8c: ;   {other}
  0x000001fa0ed94b8c: 41ff d20f | 1f84 0000 | 0000 00e9 | 21ef ffff | bade ffff | ff4c 8b54 | 2450 4c89 | 5424 204c 
  0x000001fa0ed94bac: 8b54 2438 | 4c89 5424 | 284c 8b54 | 2440 4c89 | 5424 3890 

  0x000001fa0ed94bc0: ;   {runtime_call UncommonTrapBlob}
  0x000001fa0ed94bc0: c5f8 77e8 

  0x000001fa0ed94bc4: ; ImmutableOopMap {rbp=NarrowOop [32]=Oop [40]=Oop [48]=NarrowOop [88]=NarrowOop [100]=NarrowOop [104]=Oop [112]=Oop }
                      ;*invokevirtual getManifest {reexecute=0 rethrow=0 return_oop=0}
                      ; - java.util.jar.JarFile::maybeInstantiateVerifier@31
                      ; - java.util.jar.JarFile$JarFileEntry::getCodeSigners@4
                      ; - jdk.internal.loader.URLClassPath$JarLoader$2::getCodeSigners@4
                      ; - java.net.URLClassLoader::defineClass@185
                      ; - java.net.URLClassLoader$1::run@43
  0x000001fa0ed94bc4: 38f7 5cff 

  0x000001fa0ed94bc8: ;   {other}
  0x000001fa0ed94bc8: 0f1f 8400 | 382b 0044 | ba66 ffff | ff48 8b6c | 2450 4c8b | 5424 384c | 8954 2420 | 448b 5c24 
  0x000001fa0ed94be8: 3044 895c | 2428 4c8b | 5424 404c | 8954 2430 | 4c8b 5424 | 684c 8954 | 2438 448b | 5c24 4c44 
  0x000001fa0ed94c08: 895c 2440 | 448b 5c24 | 6044 895c | 2458 4489 | 5c24 5c90 

  0x000001fa0ed94c1c: ;   {runtime_call UncommonTrapBlob}
  0x000001fa0ed94c1c: c5f8 77e8 

  0x000001fa0ed94c20: ; ImmutableOopMap {rbp=Oop [32]=Oop [40]=NarrowOop [56]=Oop [64]=NarrowOop [88]=NarrowOop [92]=NarrowOop [100]=NarrowOop [152]=Oop }
                      ;*invokevirtual getManifest {reexecute=0 rethrow=0 return_oop=0}
                      ; - java.util.jar.JarFile::maybeInstantiateVerifier@31
                      ; - java.util.jar.JarFile::ensureInitialization@1
                      ; - java.util.jar.JavaUtilJarAccessImpl::ensureInitialization@1
                      ; - jdk.internal.loader.URLClassPath$JarLoader$2::getManifest@10
                      ; - java.net.URLClassLoader::defineClass@34
                      ; - java.net.URLClassLoader$1::run@43
  0x000001fa0ed94c20: dcf6 5cff 

  0x000001fa0ed94c24: ;   {other}
  0x000001fa0ed94c24: 0f1f 8400 | 942b 0045 | 498b d7c5 | f877 49ba | 002a 683c | ff7f 0000 

  0x000001fa0ed94c3c: ;   {other}
  0x000001fa0ed94c3c: 41ff d20f | 1f84 0000 | 0000 00e9 | b3ef ffff | baf6 ffff | ff48 8b6c | 2450 6690 

  0x000001fa0ed94c58: ;   {runtime_call UncommonTrapBlob}
  0x000001fa0ed94c58: c5f8 77e8 

  0x000001fa0ed94c5c: ; ImmutableOopMap {rbp=Oop }
                      ;*invokevirtual replace {reexecute=0 rethrow=0 return_oop=0}
                      ; - java.net.URLClassLoader$1::run@8
  0x000001fa0ed94c5c: a0f6 5cff 

  0x000001fa0ed94c60: ;   {other}
  0x000001fa0ed94c60: 0f1f 8400 | d02b 0046 | baf6 ffff | ff48 8b6c | 2450 6690 

  0x000001fa0ed94c74: ;   {runtime_call UncommonTrapBlob}
  0x000001fa0ed94c74: c5f8 77e8 

  0x000001fa0ed94c78: ; ImmutableOopMap {rbp=Oop }
                      ;*arraylength {reexecute=0 rethrow=0 return_oop=0}
                      ; - java.lang.StringLatin1::replace@8
                      ; - java.lang.String::replace@18
                      ; - java.net.URLClassLoader$1::run@8
  0x000001fa0ed94c78: 84f6 5cff 

  0x000001fa0ed94c7c: ;   {other}
  0x000001fa0ed94c7c: 0f1f 8400 | ec2b 0047 | baf6 ffff | ff48 8944 | 2420 6690 

  0x000001fa0ed94c90: ;   {runtime_call UncommonTrapBlob}
  0x000001fa0ed94c90: c5f8 77e8 

  0x000001fa0ed94c94: ; ImmutableOopMap {[32]=Oop [80]=Oop }
                      ;*getfield ucp {reexecute=1 rethrow=0 return_oop=0}
                      ; - (reexecute) java.net.URLClassLoader$1::run@21
  0x000001fa0ed94c94: 68f6 5cff 

  0x000001fa0ed94c98: ;   {other}
  0x000001fa0ed94c98: 0f1f 8400 | 082c 0048 | baf6 ffff | ff48 8944 | 24f8 8b44 | 2430 8944 | 2428 488b | 4424 f84c 
  0x000001fa0ed94cb8: 896c 2430 

  0x000001fa0ed94cbc: ;   {runtime_call UncommonTrapBlob}
  0x000001fa0ed94cbc: c5f8 77e8 

  0x000001fa0ed94cc0: ; ImmutableOopMap {[40]=NarrowOop [48]=Oop [80]=Oop }
                      ;*invokevirtual lastIndexOf {reexecute=0 rethrow=0 return_oop=0}
                      ; - java.net.URLClassLoader::defineClass@7
                      ; - java.net.URLClassLoader$1::run@43
  0x000001fa0ed94cc0: 3cf6 5cff 

  0x000001fa0ed94cc4: ;   {other}
  0x000001fa0ed94cc4: 0f1f 8400 | 342c 0049 | baf6 ffff | ff48 8944 | 24f8 8b44 | 2430 8944 | 2428 488b | 4424 f84c 
  0x000001fa0ed94ce4: 896c 2430 

  0x000001fa0ed94ce8: ;   {runtime_call UncommonTrapBlob}
  0x000001fa0ed94ce8: c5f8 77e8 

  0x000001fa0ed94cec: ; ImmutableOopMap {[40]=NarrowOop [48]=Oop [80]=Oop [100]=NarrowOop }
                      ;*arraylength {reexecute=0 rethrow=0 return_oop=0}
                      ; - java.lang.String::length@4
                      ; - java.lang.String::lastIndexOf@3
                      ; - java.net.URLClassLoader::defineClass@7
                      ; - java.net.URLClassLoader$1::run@43
  0x000001fa0ed94cec: 10f6 5cff 

  0x000001fa0ed94cf0: ;   {other}
  0x000001fa0ed94cf0: 0f1f 8400 | 602c 004a | baf4 ffff | ff4c 8b54 | 2438 448b | 5c24 3044 | 895c 2428 | 4c89 5424 
  0x000001fa0ed94d10: 304c 8b54 | 2440 4c89 | 5424 3890 

  0x000001fa0ed94d1c: ;   {runtime_call UncommonTrapBlob}
  0x000001fa0ed94d1c: c5f8 77e8 

  0x000001fa0ed94d20: ; ImmutableOopMap {[40]=NarrowOop [48]=Oop [80]=Oop [88]=NarrowOop [100]=NarrowOop }
                      ;*instanceof {reexecute=0 rethrow=0 return_oop=0}
                      ; - jdk.internal.loader.Resource::getByteBuffer@6
                      ; - java.net.URLClassLoader::defineClass@132
                      ; - java.net.URLClassLoader$1::run@43
  0x000001fa0ed94d20: dcf5 5cff 

  0x000001fa0ed94d24: ;   {other}
  0x000001fa0ed94d24: 0f1f 8400 | 942c 004b | baf6 ffff | ff4c 8b54 | 2438 4c89 | 5424 2044 | 8b5c 2430 | 4489 5c24 
  0x000001fa0ed94d44: 284c 896c | 2438 6690 

  0x000001fa0ed94d4c: ;   {runtime_call UncommonTrapBlob}
  0x000001fa0ed94d4c: c5f8 77e8 

  0x000001fa0ed94d50: ; ImmutableOopMap {[32]=Oop [40]=NarrowOop [56]=Oop [80]=Oop [100]=NarrowOop [112]=Oop }
                      ;*invokevirtual get {reexecute=0 rethrow=0 return_oop=0}
                      ; - jdk.internal.perf.PerfCounter::get@5
                      ; - jdk.internal.perf.PerfCounter::add@1
                      ; - jdk.internal.perf.PerfCounter::addElapsedTimeFrom@6
                      ; - java.net.URLClassLoader::defineClass@207
                      ; - java.net.URLClassLoader$1::run@43
  0x000001fa0ed94d50: acf5 5cff 

  0x000001fa0ed94d54: ;   {other}
  0x000001fa0ed94d54: 0f1f 8400 | c42c 004c | baf6 ffff | ff44 8b54 | 2430 4489 | 5424 284c | 896c 2430 

  0x000001fa0ed94d70: ;   {runtime_call UncommonTrapBlob}
  0x000001fa0ed94d70: c5f8 77e8 

  0x000001fa0ed94d74: ; ImmutableOopMap {[40]=NarrowOop [48]=Oop [56]=Oop [80]=Oop [100]=NarrowOop }
                      ;*arraylength {reexecute=0 rethrow=0 return_oop=0}
                      ; - java.net.URLClassLoader::defineClass@217
                      ; - java.net.URLClassLoader$1::run@43
  0x000001fa0ed94d74: 88f5 5cff 

  0x000001fa0ed94d78: ;   {other}
  0x000001fa0ed94d78: 0f1f 8400 | e82c 004d | baf6 ffff | ff4c 896c | 2420 4889 | 4424 f88b | 4424 3089 | 4424 2848 
  0x000001fa0ed94d98: 8b44 24f8 | 4c8b 5c24 | 404c 895c | 2430 4489 | 5424 2c48 | 895c 2440 

  0x000001fa0ed94db0: ;   {runtime_call UncommonTrapBlob}
  0x000001fa0ed94db0: c5f8 77e8 

  0x000001fa0ed94db4: ; ImmutableOopMap {[32]=Oop [40]=NarrowOop [64]=Oop [80]=Oop [100]=NarrowOop }
                      ;*getfield csu {reexecute=1 rethrow=0 return_oop=0}
                      ; - (reexecute) jdk.internal.loader.URLClassPath$JarLoader$2::getCodeSourceURL@4
                      ; - java.net.URLClassLoader::defineClass@13
                      ; - java.net.URLClassLoader$1::run@43
  0x000001fa0ed94db4: 48f5 5cff 

  0x000001fa0ed94db8: ;   {other}
  0x000001fa0ed94db8: 0f1f 8400 | 282d 004e | baf6 ffff | ff4c 8b54 | 2438 4c89 | 5424 2044 | 8b54 2430 | 4489 5424 
  0x000001fa0ed94dd8: 284c 8b54 | 2440 4c89 | 5424 3090 

  0x000001fa0ed94de4: ;   {runtime_call UncommonTrapBlob}
  0x000001fa0ed94de4: c5f8 77e8 

  0x000001fa0ed94de8: ; ImmutableOopMap {[32]=Oop [40]=NarrowOop [80]=Oop [88]=NarrowOop [100]=NarrowOop [104]=Oop }
                      ;*arraylength {reexecute=0 rethrow=0 return_oop=0}
                      ; - java.util.zip.Checksum::update@4
                      ; - jdk.internal.loader.URLClassPath$JarLoader$2::getBytes@15
                      ; - java.net.URLClassLoader::defineClass@179
                      ; - java.net.URLClassLoader$1::run@43
  0x000001fa0ed94de8: 14f5 5cff 

  0x000001fa0ed94dec: ;   {other}
  0x000001fa0ed94dec: 0f1f 8400 | 5c2d 004f | baf6 ffff | ff4c 8b54 | 2438 4c89 | 5424 2044 | 8b54 2430 | 4489 5424 
  0x000001fa0ed94e0c: 284c 8b54 | 2440 4c89 | 5424 3090 

  0x000001fa0ed94e18: ;   {runtime_call UncommonTrapBlob}
  0x000001fa0ed94e18: c5f8 77e8 

  0x000001fa0ed94e1c: ; ImmutableOopMap {[32]=Oop [40]=NarrowOop [80]=Oop [88]=NarrowOop [100]=NarrowOop [104]=Oop }
                      ;*invokevirtual getCrc {reexecute=0 rethrow=0 return_oop=0}
                      ; - jdk.internal.loader.URLClassPath$JarLoader$2::getBytes@26
                      ; - java.net.URLClassLoader::defineClass@179
                      ; - java.net.URLClassLoader$1::run@43
  0x000001fa0ed94e1c: e0f4 5cff 

  0x000001fa0ed94e20: ;   {other}
  0x000001fa0ed94e20: 0f1f 8400 | 902d 0050 | baf6 ffff | ff4c 8944 | 2420 448b | 5424 3044 | 8954 2428 | 4c8b 5424 
  0x000001fa0ed94e40: 404c 8954 | 2430 6690 

  0x000001fa0ed94e48: ;   {runtime_call UncommonTrapBlob}
  0x000001fa0ed94e48: c5f8 77e8 

  0x000001fa0ed94e4c: ; ImmutableOopMap {[32]=Oop [40]=NarrowOop [80]=Oop [88]=NarrowOop [100]=NarrowOop [112]=Oop }
                      ;*invokevirtual getCodeSigners {reexecute=0 rethrow=0 return_oop=0}
                      ; - jdk.internal.loader.URLClassPath$JarLoader$2::getCodeSigners@4
                      ; - java.net.URLClassLoader::defineClass@185
                      ; - java.net.URLClassLoader$1::run@43
  0x000001fa0ed94e4c: b0f4 5cff 

  0x000001fa0ed94e50: ;   {other}
  0x000001fa0ed94e50: 0f1f 8400 | c02d 0051 | baf6 ffff | ff4c 8944 | 2420 448b | 5424 3044 | 8954 2428 | 4c8b 5424 
  0x000001fa0ed94e70: 404c 8954 | 2430 4c89 | 4c24 4890 

  0x000001fa0ed94e7c: ;   {runtime_call UncommonTrapBlob}
  0x000001fa0ed94e7c: c5f8 77e8 

  0x000001fa0ed94e80: ; ImmutableOopMap {[32]=Oop [40]=NarrowOop [72]=Oop [80]=Oop [88]=NarrowOop [100]=NarrowOop [112]=Oop }
                      ;*invokevirtual maybeInstantiateVerifier {reexecute=0 rethrow=0 return_oop=0}
                      ; - java.util.jar.JarFile$JarFileEntry::getCodeSigners@4
                      ; - jdk.internal.loader.URLClassPath$JarLoader$2::getCodeSigners@4
                      ; - java.net.URLClassLoader::defineClass@185
                      ; - java.net.URLClassLoader$1::run@43
  0x000001fa0ed94e80: 7cf4 5cff 

  0x000001fa0ed94e84: ;   {other}
  0x000001fa0ed94e84: 0f1f 8400 | f42d 0052 | baf6 ffff | ff4c 896c | 2420 4889 | 4424 f88b | 4424 3089 | 4424 2848 
  0x000001fa0ed94ea4: 8b44 24f8 | 4c8b 5c24 | 404c 895c | 2430 4c89 | 5424 3889 | 7424 4090 

  0x000001fa0ed94ebc: ;   {runtime_call UncommonTrapBlob}
  0x000001fa0ed94ebc: c5f8 77e8 

  0x000001fa0ed94ec0: ; ImmutableOopMap {[32]=Oop [40]=NarrowOop [56]=Oop [64]=NarrowOop [80]=Oop [100]=NarrowOop [152]=Oop }
                      ;*getfield jar {reexecute=1 rethrow=0 return_oop=0}
                      ; - (reexecute) jdk.internal.loader.URLClassPath$JarLoader$2::getManifest@7
                      ; - java.net.URLClassLoader::defineClass@34
                      ; - java.net.URLClassLoader$1::run@43
  0x000001fa0ed94ec0: 3cf4 5cff 

  0x000001fa0ed94ec4: ;   {other}
  0x000001fa0ed94ec4: 0f1f 8400 | 342e 0053 | baf6 ffff | ff4c 896c | 2420 4889 | 4424 f88b | 4424 3089 | 4424 2848 
  0x000001fa0ed94ee4: 8b44 24f8 | 4c8b 5c24 | 404c 895c | 2430 4c89 | 5424 3889 | 7424 4090 

  0x000001fa0ed94efc: ;   {runtime_call UncommonTrapBlob}
  0x000001fa0ed94efc: c5f8 77e8 

  0x000001fa0ed94f00: ; ImmutableOopMap {[32]=Oop [40]=NarrowOop [56]=Oop [64]=NarrowOop [80]=Oop [100]=NarrowOop [152]=Oop }
                      ;*invokevirtual ensureInitialization {reexecute=0 rethrow=0 return_oop=0}
                      ; - java.util.jar.JavaUtilJarAccessImpl::ensureInitialization@1
                      ; - jdk.internal.loader.URLClassPath$JarLoader$2::getManifest@10
                      ; - java.net.URLClassLoader::defineClass@34
                      ; - java.net.URLClassLoader$1::run@43
  0x000001fa0ed94f00: fcf3 5cff 

  0x000001fa0ed94f04: ;   {other}
  0x000001fa0ed94f04: 0f1f 8400 | 742e 0054 | baf6 ffff | ff4c 896c | 2420 4889 | 4424 f88b | 4424 3089 | 4424 2848 
  0x000001fa0ed94f24: 8b44 24f8 | 4c8b 5c24 | 404c 895c | 2430 4c89 | 5424 3889 | 7424 4090 

  0x000001fa0ed94f3c: ;   {runtime_call UncommonTrapBlob}
  0x000001fa0ed94f3c: c5f8 77e8 

  0x000001fa0ed94f40: ; ImmutableOopMap {[32]=Oop [40]=NarrowOop [56]=Oop [64]=NarrowOop [80]=Oop [100]=NarrowOop [152]=Oop }
                      ;*getfield jar {reexecute=1 rethrow=0 return_oop=0}
                      ; - (reexecute) jdk.internal.loader.URLClassPath$JarLoader$2::getManifest@19
                      ; - java.net.URLClassLoader::defineClass@34
                      ; - java.net.URLClassLoader$1::run@43
  0x000001fa0ed94f40: bcf3 5cff 

  0x000001fa0ed94f44: ;   {other}
  0x000001fa0ed94f44: 0f1f 8400 | b42e 0055 | baf6 ffff | ff4c 896c | 2420 4889 | 4424 f88b | 4424 3089 | 4424 2848 
  0x000001fa0ed94f64: 8b44 24f8 | 4c8b 5c24 | 404c 895c | 2430 4c89 | 5424 3889 | 7424 4090 

  0x000001fa0ed94f7c: ;   {runtime_call UncommonTrapBlob}
  0x000001fa0ed94f7c: c5f8 77e8 

  0x000001fa0ed94f80: ; ImmutableOopMap {[32]=Oop [40]=NarrowOop [56]=Oop [64]=NarrowOop [80]=Oop [100]=NarrowOop [152]=Oop }
                      ;*invokevirtual getManifest {reexecute=0 rethrow=0 return_oop=0}
                      ; - jdk.internal.loader.URLClassPath$JarLoader$2::getManifest@22
                      ; - java.net.URLClassLoader::defineClass@34
                      ; - java.net.URLClassLoader$1::run@43
  0x000001fa0ed94f80: 7cf3 5cff 

  0x000001fa0ed94f84: ;   {other}
  0x000001fa0ed94f84: 0f1f 8400 | f42e 0056 | baf6 ffff | ff4c 8944 | 2420 448b | 5c24 3044 | 895c 2428 | 4c8b 5424 
  0x000001fa0ed94fa4: 404c 8954 | 2430 4c89 | 4c24 4890 

  0x000001fa0ed94fb0: ;   {runtime_call UncommonTrapBlob}
  0x000001fa0ed94fb0: c5f8 77e8 

  0x000001fa0ed94fb4: ; ImmutableOopMap {[32]=Oop [40]=NarrowOop [72]=Oop [80]=Oop [88]=NarrowOop [100]=NarrowOop [112]=Oop }
                      ;*getfield jv {reexecute=1 rethrow=0 return_oop=0}
                      ; - (reexecute) java.util.jar.JarFile$JarFileEntry::getCodeSigners@31
                      ; - jdk.internal.loader.URLClassPath$JarLoader$2::getCodeSigners@4
                      ; - java.net.URLClassLoader::defineClass@185
                      ; - java.net.URLClassLoader$1::run@43
  0x000001fa0ed94fb4: 48f3 5cff 

  0x000001fa0ed94fb8: ;   {other}
  0x000001fa0ed94fb8: 0f1f 8400 | 282f 0057 | ba45 ffff | ff48 8b6c | 2450 4c89 | 6c24 2048 | 8944 24f8 | 8b44 2430 
  0x000001fa0ed94fd8: 8944 2428 | 488b 4424 | f84c 8b44 | 2440 4c89 | 4424 3089 | 7424 404c | 8954 2450 | 4489 5c24 
  0x000001fa0ed94ff8: 5866 6690 

  0x000001fa0ed94ffc: ;   {runtime_call UncommonTrapBlob}
  0x000001fa0ed94ffc: c5f8 77e8 

  0x000001fa0ed95000: ; ImmutableOopMap {rbp=Oop [32]=Oop [40]=NarrowOop [64]=NarrowOop [80]=Oop [88]=NarrowOop [100]=NarrowOop [152]=Oop }
                      ;*ifnonnull {reexecute=1 rethrow=0 return_oop=0}
                      ; - (reexecute) jdk.internal.access.SharedSecrets::javaUtilJarAccess@5
                      ; - jdk.internal.loader.URLClassPath$JarLoader$2::getManifest@0
                      ; - java.net.URLClassLoader::defineClass@34
                      ; - java.net.URLClassLoader$1::run@43
  0x000001fa0ed95000: fcf2 5cff 

  0x000001fa0ed95004: ;   {other}
  0x000001fa0ed95004: 0f1f 8400 | 742f 0058 | baf6 ffff | ff4c 896c | 2420 4889 | 4424 f88b | 4424 3089 | 4424 2848 
  0x000001fa0ed95024: 8b44 24f8 | 4c8b 5c24 | 404c 895c | 2430 4489 | 5424 2c48 | 895c 2440 

  0x000001fa0ed9503c: ;   {runtime_call UncommonTrapBlob}
  0x000001fa0ed9503c: c5f8 77e8 

  0x000001fa0ed95040: ; ImmutableOopMap {[32]=Oop [40]=NarrowOop [64]=Oop [80]=Oop [100]=NarrowOop }
                      ;*invokevirtual getBaseURL {reexecute=0 rethrow=0 return_oop=0}
                      ; - jdk.internal.loader.URLClassPath$FileLoader$1::getCodeSourceURL@4
                      ; - java.net.URLClassLoader::defineClass@13
                      ; - java.net.URLClassLoader$1::run@43
  0x000001fa0ed95040: bcf2 5cff 

  0x000001fa0ed95044: ;   {other}
  0x000001fa0ed95044: 0f1f 8400 | b42f 0059 | ba97 ffff | ff48 8b6c | 2450 448b | 5424 3044 | 8954 2428 | 48ff 7424 
  0x000001fa0ed95064: 3848 8f44 | 2430 4c8b | 5424 404c | 8954 2438 | 448b 5424 | 4844 8954 | 2444 6690 

  0x000001fa0ed95080: ;   {runtime_call UncommonTrapBlob}
  0x000001fa0ed95080: c5f8 77e8 

  0x000001fa0ed95084: ; ImmutableOopMap {rbp=Oop [40]=NarrowOop [44]=NarrowOop [48]=Oop [68]=NarrowOop [100]=NarrowOop [104]=Oop }
                      ;*invokevirtual clone {reexecute=1 rethrow=0 return_oop=0}
                      ; - (reexecute) java.util.Arrays::copyOfRange@18
                      ; - java.lang.StringLatin1::newString@16
                      ; - java.lang.String::substring@41
                      ; - java.net.URLClassLoader::defineClass@28
                      ; - java.net.URLClassLoader$1::run@43
  0x000001fa0ed95084: 78f2 5cff 

  0x000001fa0ed95088: ;   {other}
  0x000001fa0ed95088: 0f1f 8400 | f82f 005a | ba97 ffff | ff4c 8b54 | 2450 4c89 | 5424 204c | 8b54 2438 | 4c89 5424 
  0x000001fa0ed950a8: 284c 8b54 | 2440 4c89 | 5424 384c | 8b54 2458 | 4c89 5424 | 5066 6690 

  0x000001fa0ed950c0: ;   {runtime_call UncommonTrapBlob}
  0x000001fa0ed950c0: c5f8 77e8 

  0x000001fa0ed950c4: ; ImmutableOopMap {rbp=Oop [32]=Oop [40]=Oop [48]=NarrowOop [80]=Oop [88]=Oop [100]=NarrowOop [112]=Oop }
                      ;*invokevirtual clone {reexecute=1 rethrow=0 return_oop=0}
                      ; - (reexecute) java.security.CodeSource::<init>@42
                      ; - java.net.URLClassLoader::defineClass@198
                      ; - java.net.URLClassLoader$1::run@43
  0x000001fa0ed950c4: 38f2 5cff 

  0x000001fa0ed950c8: ;   {other}
  0x000001fa0ed950c8: 0f1f 8400 | 3830 005b | ba97 ffff | ff4c 8b54 | 2428 4c89 | 5424 2044 | 8b54 2430 | 4489 5424 
  0x000001fa0ed950e8: 284c 8b54 | 2440 4c89 | 5424 3090 

  0x000001fa0ed950f4: ;   {runtime_call UncommonTrapBlob}
  0x000001fa0ed950f4: c5f8 77e8 

  0x000001fa0ed950f8: ; ImmutableOopMap {[32]=Oop [40]=NarrowOop [56]=NarrowOop [80]=Oop [88]=NarrowOop [100]=NarrowOop [112]=Oop }
                      ;*invokevirtual clone {reexecute=1 rethrow=0 return_oop=0}
                      ; - (reexecute) java.util.jar.JarFile$JarFileEntry::getCodeSigners@70
                      ; - jdk.internal.loader.URLClassPath$JarLoader$2::getCodeSigners@4
                      ; - java.net.URLClassLoader::defineClass@185
                      ; - java.net.URLClassLoader$1::run@43
  0x000001fa0ed950f8: 04f2 5cff 

  0x000001fa0ed950fc: ;   {other}
  0x000001fa0ed950fc: 0f1f 8400 | 6c30 005c | 488b d8e9 | b501 0000 | 488b d844 | 8b50 084d | 33c0 4f8d | 04d0 e902 
  0x000001fa0ed9511c: 0300 004c | 8bd0 e906 | 0100 0048 | 8bd8 e985 | 0300 0048 | 8bd8 e97d | 0300 0048 | 8bd8 e975 
  0x000001fa0ed9513c: 0300 0048 | 8944 2448 | 8b6c 2420 | 4c8b 5424 | 284c 8954 | 2420 4c8b | 5424 404c | 8954 2428 
  0x000001fa0ed9515c: 488b 5424 | 6866 6690 

  0x000001fa0ed95164: ;   {static_call}
  0x000001fa0ed95164: c5f8 77e8 

  0x000001fa0ed95168: ; ImmutableOopMap {rbp=NarrowOop [32]=Oop [52]=NarrowOop [56]=Oop [72]=Oop [80]=Oop [88]=Oop [112]=Oop [152]=Oop }
                      ;*invokestatic endInit {reexecute=0 rethrow=0 return_oop=0}
                      ; - java.util.jar.JarFile::ensureInitialization@53
                      ; - java.util.jar.JavaUtilJarAccessImpl::ensureInitialization@1
                      ; - jdk.internal.loader.URLClassPath$JarLoader$2::getManifest@10
                      ; - java.net.URLClassLoader::defineClass@34
                      ; - java.net.URLClassLoader$1::run@43
  0x000001fa0ed95168: 149f 5cff 

  0x000001fa0ed9516c: ;   {other}
  0x000001fa0ed9516c: 0f1f 8400 | dc30 005d | 4c8b 5424 | 4849 8bda | e940 0100 | 0048 8bd8 | e938 0100 | 0048 8bd8 
  0x000001fa0ed9518c: e930 0100 | 0048 8bd8 | 448b 5008 | 4d33 c04f | 8d04 d0e9 | 7d02 0000 | 4c8b d0eb | 034c 8bd0 
  0x000001fa0ed951ac: 498b da45 | 8b52 084d | 33c0 4f8d | 04d0 e962 | 0200 0048 | 8bd8 448b | 5808 4d33 | c04f 8d04 
  0x000001fa0ed951cc: d8e9 d800 | 0000 488b | d844 8b50 | 084d 33db | 4f8d 1cd3 | e9b7 0100 | 0048 8bd8 | e9c6 0100 
  0x000001fa0ed951ec: 0048 8bd8 | e9be 0100 | 004c 8bd0 | eb03 4c8b | d049 8bda | e9af 0200 | 0048 8bd8 | 448b 5008 
  0x000001fa0ed9520c: 4d33 c04f | 8d04 d04d | 8b50 504c | 3bd5 0f85 | 0102 0000 | 4533 c9eb | 384c 8bd0 | eb03 4c8b 
  0x000001fa0ed9522c: d049 8bda | e97f 0200 | 004c 8bd0 | e9b6 0100 | 0048 8bd8 | 448b 5808 | 4d33 c04f | 8d04 d84d 
  0x000001fa0ed9524c: 8b50 504c | 3bd5 0f85 | c901 0000 | 4c8b 4c24 | 6848 8b54 | 2448 4c8b | 8424 9800 

  0x000001fa0ed95268: ;   {no_reloc}
  0x000001fa0ed95268: 0000 488b | 7c24 5890 

  0x000001fa0ed95270: ;   {optimized virtual_call}
  0x000001fa0ed95270: c5f8 77e8 

  0x000001fa0ed95274: ; ImmutableOopMap {[32]=Oop [40]=NarrowOop [48]=NarrowOop [56]=Oop [72]=Oop [80]=Oop [100]=NarrowOop [152]=Oop }
                      ;*invokevirtual getAndVerifyPackage {reexecute=0 rethrow=0 return_oop=1}
                      ; - java.net.URLClassLoader::defineClass@97
                      ; - java.net.URLClassLoader$1::run@43
  0x000001fa0ed95274: 0898 5cff 

  0x000001fa0ed95278: ;   {other}
  0x000001fa0ed95278: 0f1f 8400 | e831 005e | 4885 c00f | 8457 0200 | 004c 8b6c | 2438 488b | 5424 208b | 7424 28e9 
  0x000001fa0ed95298: dfdd ffff | 488b d844 | 8b50 084d | 33c0 4f8d | 04d0 4d8b 

  0x000001fa0ed952ac: ;   {metadata('java/io/IOException')}
  0x000001fa0ed952ac: 5048 49bb | 48d6 0900 | 0100 0000 | 4d3b d30f | 8463 0200 | 004c 8b5c | 2470 488d | 8424 a000 
  0x000001fa0ed952cc: 0000 4883 | 3800 0f84 | 7900 0000 | 4d8b 1341 | f6c2 020f | 8462 0000 | 0049 83ba | 8600 0000 
  0x000001fa0ed952ec: 0074 0949 | ff8a 8600 | 0000 eb4b | 498b 8296 | 0000 0049 | 0b82 8e00 | 0000 750a | 49c7 423e 
  0x000001fa0ed9530c: 0000 0000 | eb3d 4983 | ba9e 0000 | 0000 7422 | 4833 c049 | c742 3e00 | 0000 00f0 | 8304 2400 
  0x000001fa0ed9532c: 4983 ba9e | 0000 0000 | 750d f04d | 0fb1 7a3e | 7505 83c8 | 01eb 0ca8 | 00eb 084c | 8b10 f04d 
  0x000001fa0ed9534c: 0fb1 1375 | 0a49 ff8f | 5005 0000 | 4533 d20f | 84b5 0000 | 0048 8b4c | 2470 488d | 9424 a000 
  0x000001fa0ed9536c: 0000 4d8b | c7c5 f877 | 49ba b0d7 | a93c ff7f | 0000 41ff 

  0x000001fa0ed95380: ;   {other}
  0x000001fa0ed95380: d20f 1f84 | 0000 0000 | 00e9 8800 | 0000 488b | d844 8b50 | 084d 33db | 4f8d 1cd3 | 4d8b 5348 
  0x000001fa0ed953a0: ;   {metadata('java/io/IOException')}
  0x000001fa0ed953a0: 49bb 48d6 | 0900 0100 | 0000 4d3b | d30f 8445 | 0100 0044 | 8b53 084d | 33c0 4f8d | 04d0 eb61 
  0x000001fa0ed953c0: 488b d844 | 8b50 084d | 33c0 4f8d | 04d0 eb51 | 488b d844 | 8b50 084d | 33c0 4f8d | 04d0 eb41 
  0x000001fa0ed953e0: 488b d844 | 8b50 084d | 33c0 4f8d | 04d0 eb31 | 4c8b d049 | 8bda 458b | 5208 4d33 | c04f 8d04 
  0x000001fa0ed95400: d0eb 1e48 | 8bd8 448b | 5008 4d33 | c04f 8d04 | d0eb 0e48 | 8bd8 448b | 5b08 4d33 | c04f 8d04 
  0x000001fa0ed95420: d84d 8b50 

  0x000001fa0ed95424: ;   {metadata('java/io/IOException')}
  0x000001fa0ed95424: 4849 bb48 | d609 0001 | 0000 004d | 3bd3 0f84 | 8f00 0000 | 4d8b 5050 

  0x000001fa0ed9543c: ;   {metadata('java/lang/ClassFormatError')}
  0x000001fa0ed9543c: 49bb 08aa | 4e00 0100 | 0000 4d3b | d375 6948 | 8beb 488b | 5424 3866 | 6690 c5f8 | 7748 b8ff 
  0x000001fa0ed9545c: ffff ffff 

  0x000001fa0ed95460: ;   {virtual_call}
  0x000001fa0ed95460: ffff ffe8 

  0x000001fa0ed95464: ; ImmutableOopMap {rbp=Oop [56]=Oop }
                      ;*invokevirtual getDataError {reexecute=0 rethrow=0 return_oop=1}
                      ; - java.net.URLClassLoader$1::run@63
  0x000001fa0ed95464: 1899 5cff 

  0x000001fa0ed95468: ;   {other}
  0x000001fa0ed95468: 0f1f 8400 | d833 005f | 4885 c074 | 3748 8b54 | 2438 c5f8 | 7748 b8ff | ffff ffff 

  0x000001fa0ed95484: ;   {virtual_call}
  0x000001fa0ed95484: ffff ffe8 

  0x000001fa0ed95488: ; ImmutableOopMap {rbp=Oop }
                      ;*invokevirtual getDataError {reexecute=0 rethrow=0 return_oop=1}
                      ; - java.net.URLClassLoader$1::run@71
  0x000001fa0ed95488: f498 5cff 

  0x000001fa0ed9548c: ;   {other}
  0x000001fa0ed9548c: 0f1f 8400 | fc33 0060 | 488b d54c | 8bc0 6690 

  0x000001fa0ed9549c: ;   {optimized virtual_call}
  0x000001fa0ed9549c: c5f8 77e8 

  0x000001fa0ed954a0: ; ImmutableOopMap {rbp=Oop }
                      ;*invokevirtual addSuppressed {reexecute=0 rethrow=0 return_oop=0}
                      ; - java.net.URLClassLoader$1::run@74
  0x000001fa0ed954a0: dc95 5cff 

  0x000001fa0ed954a4: ;   {other}
  0x000001fa0ed954a4: 0f1f 8400 | 1434 0061 | 488b d5eb | 0648 8bd8 | 488b d3c5 | f877 4881 | c4c0 0000 

  0x000001fa0ed954c0: ;   {runtime_call _rethrow_Java}
  0x000001fa0ed954c0: 005d e939 | bf68 ff48 | 8beb ba2f | 0000 0090 

  0x000001fa0ed954d0: ;   {runtime_call UncommonTrapBlob}
  0x000001fa0ed954d0: c5f8 77e8 

  0x000001fa0ed954d4: ; ImmutableOopMap {rbp=Oop [80]=Oop }
                      ;*new {reexecute=0 rethrow=0 return_oop=0}
                      ; - java.net.URLClassLoader$1::run@48
  0x000001fa0ed954d4: 28ee 5cff 

  0x000001fa0ed954d8: ;   {other}
  0x000001fa0ed954d8: 0f1f 8400 | 4834 0062 | bafd 0000 | 0066 6690 

  0x000001fa0ed954e8: ;   {runtime_call UncommonTrapBlob}
  0x000001fa0ed954e8: c5f8 77e8 

  0x000001fa0ed954ec: ; ImmutableOopMap {[56]=Oop [80]=Oop [152]=Oop }
                      ;*new {reexecute=0 rethrow=0 return_oop=0}
                      ; - java.net.URLClassLoader::defineClass@103
                      ; - java.net.URLClassLoader$1::run@43
  0x000001fa0ed954ec: 10ee 5cff 

  0x000001fa0ed954f0: ;   {other}
  0x000001fa0ed954f0: 0f1f 8400 | 6034 0063 | 488b ebba | 2a00 0000 | 4c8b 5424 | 384c 8954 | 2428 4c8b | 5424 404c 
  0x000001fa0ed95510: 8954 2438 

  0x000001fa0ed95514: ;   {runtime_call UncommonTrapBlob}
  0x000001fa0ed95514: c5f8 77e8 

  0x000001fa0ed95518: ; ImmutableOopMap {rbp=Oop [40]=Oop [48]=NarrowOop [80]=Oop [88]=NarrowOop [100]=NarrowOop [112]=Oop }
                      ;*new {reexecute=0 rethrow=0 return_oop=0}
                      ; - java.util.jar.JarFile$JarFileEntry::getCodeSigners@11
                      ; - jdk.internal.loader.URLClassPath$JarLoader$2::getCodeSigners@4
                      ; - java.net.URLClassLoader::defineClass@185
                      ; - java.net.URLClassLoader$1::run@43
  0x000001fa0ed95518: e4ed 5cff 

  0x000001fa0ed9551c: ;   {other}
  0x000001fa0ed9551c: 0f1f 8400 | 8c34 0064 | 488b ebba | f201 0000 | 4c8b 5424 | 504c 8954 | 2420 4c8b | 5424 384c 
  0x000001fa0ed9553c: 8954 2428 | 4c8b 5424 | 404c 8954 | 2438 4c8b | 5424 684c | 8954 2440 | 448b 5424 | 4c44 8954 
  0x000001fa0ed9555c: 2448 6690 

  0x000001fa0ed95560: ;   {runtime_call UncommonTrapBlob}
  0x000001fa0ed95560: c5f8 77e8 

  0x000001fa0ed95564: ; ImmutableOopMap {rbp=Oop [32]=Oop [40]=Oop [48]=NarrowOop [64]=Oop [72]=NarrowOop [96]=NarrowOop [100]=NarrowOop [152]=Oop }
                      ;*new {reexecute=0 rethrow=0 return_oop=0}
                      ; - java.util.jar.JarFile::ensureInitialization@8
                      ; - java.util.jar.JavaUtilJarAccessImpl::ensureInitialization@1
                      ; - jdk.internal.loader.URLClassPath$JarLoader$2::getManifest@10
                      ; - java.net.URLClassLoader::defineClass@34
                      ; - java.net.URLClassLoader$1::run@43
  0x000001fa0ed95564: 98ed 5cff 

  0x000001fa0ed95568: ;   {other}
  0x000001fa0ed95568: 0f1f 8400 | d834 0065 

  0x000001fa0ed95570: ;   {internal_word}
  0x000001fa0ed95570: 49ba 7334 | d90e fa01 | 0000 4d89 | 9768 0400 

  0x000001fa0ed95580: ;   {runtime_call SafepointBlob}
  0x000001fa0ed95580: 00e9 7afe 

  0x000001fa0ed95584: ;   {runtime_call StubRoutines (final stubs)}
  0x000001fa0ed95584: 5cff e875 | 615b ffe9 | cecf ffff 
[Stub Code]
  0x000001fa0ed95590: ;   {no_reloc}
  0x000001fa0ed95590: 48bb 0000 | 0000 0000 

  0x000001fa0ed95598: ;   {runtime_call nmethod}
  0x000001fa0ed95598: 0000 e9fb 

  0x000001fa0ed9559c: ;   {static_stub}
  0x000001fa0ed9559c: ffff ff48 | bb00 0000 | 0000 0000 

  0x000001fa0ed955a8: ;   {runtime_call nmethod}
  0x000001fa0ed955a8: 00e9 fbff 

  0x000001fa0ed955ac: ;   {static_stub}
  0x000001fa0ed955ac: ffff 48bb | 0000 0000 | 0000 0000 

  0x000001fa0ed955b8: ;   {runtime_call nmethod}
  0x000001fa0ed955b8: e9fb ffff 

  0x000001fa0ed955bc: ;   {static_stub}
  0x000001fa0ed955bc: ff48 bb00 | 0000 0000 

  0x000001fa0ed955c4: ;   {runtime_call nmethod}
  0x000001fa0ed955c4: 0000 00e9 | fbff ffff 

  0x000001fa0ed955cc: ;   {static_stub}
  0x000001fa0ed955cc: 48bb 0000 | 0000 0000 

  0x000001fa0ed955d4: ;   {runtime_call nmethod}
  0x000001fa0ed955d4: 0000 e9fb 

  0x000001fa0ed955d8: ;   {static_stub}
  0x000001fa0ed955d8: ffff ff48 | bb00 0000 | 0000 0000 

  0x000001fa0ed955e4: ;   {runtime_call nmethod}
  0x000001fa0ed955e4: 00e9 fbff 

  0x000001fa0ed955e8: ;   {static_stub}
  0x000001fa0ed955e8: ffff 48bb | 0000 0000 | 0000 0000 

  0x000001fa0ed955f4: ;   {runtime_call nmethod}
  0x000001fa0ed955f4: e9fb ffff 

  0x000001fa0ed955f8: ;   {static_stub}
  0x000001fa0ed955f8: ff48 bb00 | 0000 0000 

  0x000001fa0ed95600: ;   {runtime_call nmethod}
  0x000001fa0ed95600: 0000 00e9 | fbff ffff 

  0x000001fa0ed95608: ;   {static_stub}
  0x000001fa0ed95608: 48bb 0000 | 0000 0000 

  0x000001fa0ed95610: ;   {runtime_call nmethod}
  0x000001fa0ed95610: 0000 e9fb 

  0x000001fa0ed95614: ;   {static_stub}
  0x000001fa0ed95614: ffff ff48 | bb00 0000 | 0000 0000 

  0x000001fa0ed95620: ;   {runtime_call nmethod}
  0x000001fa0ed95620: 00e9 fbff 

  0x000001fa0ed95624: ;   {static_stub}
  0x000001fa0ed95624: ffff 48bb | 0000 0000 | 0000 0000 

  0x000001fa0ed95630: ;   {runtime_call nmethod}
  0x000001fa0ed95630: e9fb ffff 

  0x000001fa0ed95634: ;   {static_stub}
  0x000001fa0ed95634: ff48 bb00 | 0000 0000 

  0x000001fa0ed9563c: ;   {runtime_call nmethod}
  0x000001fa0ed9563c: 0000 00e9 | fbff ffff 

  0x000001fa0ed95644: ;   {static_stub}
  0x000001fa0ed95644: 48bb 0000 | 0000 0000 

  0x000001fa0ed9564c: ;   {runtime_call nmethod}
  0x000001fa0ed9564c: 0000 e9fb 

  0x000001fa0ed95650: ;   {static_stub}
  0x000001fa0ed95650: ffff ff48 | bb00 0000 | 0000 0000 

  0x000001fa0ed9565c: ;   {runtime_call nmethod}
  0x000001fa0ed9565c: 00e9 fbff 

  0x000001fa0ed95660: ;   {static_stub}
  0x000001fa0ed95660: ffff 48bb | c8e6 511b | fa01 0000 

  0x000001fa0ed9566c: ;   {runtime_call I2C/C2I adapters}
  0x000001fa0ed9566c: e9e9 dd5c 

  0x000001fa0ed95670: ;   {static_stub}
  0x000001fa0ed95670: ff48 bb00 | 0000 0000 

  0x000001fa0ed95678: ;   {runtime_call nmethod}
  0x000001fa0ed95678: 0000 00e9 | fbff ffff 
[Exception Handler]
  0x000001fa0ed95680: ;   {runtime_call ExceptionBlob}
  0x000001fa0ed95680: e9fb 5a68 | ffe8 0000 | 0000 4883 

  0x000001fa0ed9568c: ;   {runtime_call DeoptimizationBlob}
  0x000001fa0ed9568c: 2c24 05e9 | 0cf0 5cff | f4f4 f4f4 
[/MachCode]


---------------  P R O C E S S  ---------------

Threads class SMR info:
_java_thread_list=0x000001fa2a190730, length=43, elements={
0x000001fa03caf600, 0x000001fa1f0458d0, 0x000001fa1f04f910, 0x000001fa1f050370,
0x000001fa1f074fd0, 0x000001fa1f075a30, 0x000001fa1f07b150, 0x000001fa1f07fd50,
0x000001fa1f085320, 0x000001fa1f086dd0, 0x000001fa1f36ca10, 0x000001fa1f3a31c0,
0x000001fa20529d90, 0x000001fa2061a100, 0x000001fa20db9350, 0x000001fa20e76d10,
0x000001fa201691e0, 0x000001fa20696030, 0x000001fa204edff0, 0x000001fa204eed10,
0x000001fa204f00c0, 0x000001fa204ed960, 0x000001fa204ee680, 0x000001fa204efa30,
0x000001fa21f8ce20, 0x000001fa21f8e1d0, 0x000001fa21f8eef0, 0x000001fa21f8db40,
0x000001fa21f8f580, 0x000001fa21f8c100, 0x000001fa21f8d4b0, 0x000001fa21f8c790,
0x000001fa21f92a00, 0x000001fa21f91650, 0x000001fa21f93090, 0x000001fa21f90930,
0x000001fa21f902a0, 0x000001fa21f90fc0, 0x000001fa21f8fc10, 0x000001fa21f93720,
0x000001fa23287aa0, 0x000001fa23288e50, 0x000001fa232894e0
}

Java Threads: ( => current thread )
  0x000001fa03caf600 JavaThread "main"                              [_thread_blocked, id=16212, stack(0x0000004f16100000,0x0000004f16200000) (1024K)]
  0x000001fa1f0458d0 JavaThread "Common-Cleaner"             daemon [_thread_blocked, id=7136, stack(0x0000004f16900000,0x0000004f16a00000) (1024K)]
  0x000001fa1f04f910 JavaThread "Reference Handler"          daemon [_thread_blocked, id=10504, stack(0x0000004f16a00000,0x0000004f16b00000) (1024K)]
  0x000001fa1f050370 JavaThread "Finalizer"                  daemon [_thread_blocked, id=308, stack(0x0000004f16b00000,0x0000004f16c00000) (1024K)]
  0x000001fa1f074fd0 JavaThread "Signal Dispatcher"          daemon [_thread_blocked, id=2060, stack(0x0000004f16c00000,0x0000004f16d00000) (1024K)]
  0x000001fa1f075a30 JavaThread "Attach Listener"            daemon [_thread_blocked, id=10812, stack(0x0000004f16d00000,0x0000004f16e00000) (1024K)]
  0x000001fa1f07b150 JavaThread "Service Thread"             daemon [_thread_blocked, id=13820, stack(0x0000004f16e00000,0x0000004f16f00000) (1024K)]
  0x000001fa1f07fd50 JavaThread "Monitor Deflation Thread"   daemon [_thread_blocked, id=1820, stack(0x0000004f16f00000,0x0000004f17000000) (1024K)]
  0x000001fa1f085320 JavaThread "C2 CompilerThread0"         daemon [_thread_blocked, id=17252, stack(0x0000004f17000000,0x0000004f17100000) (1024K)]
  0x000001fa1f086dd0 JavaThread "C1 CompilerThread0"         daemon [_thread_blocked, id=2720, stack(0x0000004f17100000,0x0000004f17200000) (1024K)]
  0x000001fa1f36ca10 JavaThread "Notification Thread"        daemon [_thread_blocked, id=2076, stack(0x0000004f17200000,0x0000004f17300000) (1024K)]
  0x000001fa1f3a31c0 JavaThread "Daemon health stats"               [_thread_blocked, id=14460, stack(0x0000004f17600000,0x0000004f17700000) (1024K)]
  0x000001fa20529d90 JavaThread "Incoming local TCP Connector on port 61507"        [_thread_in_native, id=4704, stack(0x0000004f17700000,0x0000004f17800000) (1024K)]
  0x000001fa2061a100 JavaThread "Daemon periodic checks"            [_thread_blocked, id=4916, stack(0x0000004f17800000,0x0000004f17900000) (1024K)]
  0x000001fa20db9350 JavaThread "Daemon"                            [_thread_blocked, id=1836, stack(0x0000004f17900000,0x0000004f17a00000) (1024K)]
  0x000001fa20e76d10 JavaThread "Handler for socket connection from /127.0.0.1:61507 to /127.0.0.1:61510"        [_thread_in_native, id=4144, stack(0x0000004f17a00000,0x0000004f17b00000) (1024K)]
  0x000001fa201691e0 JavaThread "Cancel handler"                    [_thread_blocked, id=10468, stack(0x0000004f17b00000,0x0000004f17c00000) (1024K)]
=>0x000001fa20696030 JavaThread "Daemon worker"                     [_thread_in_vm, id=6544, stack(0x0000004f17c00000,0x0000004f17d00000) (1024K)]
  0x000001fa204edff0 JavaThread "Asynchronous log dispatcher for DefaultDaemonConnection: socket connection from /127.0.0.1:61507 to /127.0.0.1:61510"        [_thread_blocked, id=9400, stack(0x0000004f17d00000,0x0000004f17e00000) (1024K)]
  0x000001fa204eed10 JavaThread "Stdin handler"                     [_thread_blocked, id=16280, stack(0x0000004f17e00000,0x0000004f17f00000) (1024K)]
  0x000001fa204f00c0 JavaThread "Daemon client event forwarder"        [_thread_blocked, id=15984, stack(0x0000004f17f00000,0x0000004f18000000) (1024K)]
  0x000001fa204ed960 JavaThread "Cache worker for journal cache (C:\Users\hcxys\.gradle\caches\journal-1)"        [_thread_blocked, id=14964, stack(0x0000004f18000000,0x0000004f18100000) (1024K)]
  0x000001fa204ee680 JavaThread "File lock request listener"        [_thread_in_native, id=4160, stack(0x0000004f18100000,0x0000004f18200000) (1024K)]
  0x000001fa204efa30 JavaThread "Cache worker for file hash cache (C:\Users\hcxys\.gradle\caches\9.4.1\fileHashes)"        [_thread_blocked, id=17276, stack(0x0000004f18200000,0x0000004f18300000) (1024K)]
  0x000001fa21f8ce20 JavaThread "Cache worker for file hash cache (C:\Users\hcxys\AndroidStudioProjects\MyApplication\.gradle\9.4.1\fileHashes)"        [_thread_blocked, id=6884, stack(0x0000004f18300000,0x0000004f18400000) (1024K)]
  0x000001fa21f8e1d0 JavaThread "Cache worker for Build Output Cleanup Cache (C:\Users\hcxys\AndroidStudioProjects\MyApplication\.gradle\buildOutputCleanup)"        [_thread_blocked, id=16920, stack(0x0000004f18400000,0x0000004f18500000) (1024K)]
  0x000001fa21f8eef0 JavaThread "File watcher server"        daemon [_thread_in_native, id=12672, stack(0x0000004f18500000,0x0000004f18600000) (1024K)]
  0x000001fa21f8db40 JavaThread "File watcher consumer"      daemon [_thread_blocked, id=2312, stack(0x0000004f18600000,0x0000004f18700000) (1024K)]
  0x000001fa21f8f580 JavaThread "Cache worker for file content cache (C:\Users\hcxys\.gradle\caches\9.4.1\fileContent)"        [_thread_blocked, id=16424, stack(0x0000004f18700000,0x0000004f18800000) (1024K)]
  0x000001fa21f8c100 JavaThread "Cache worker for checksums cache (C:\Users\hcxys\AndroidStudioProjects\MyApplication\.gradle\9.4.1\checksums)"        [_thread_blocked, id=9948, stack(0x0000004f18800000,0x0000004f18900000) (1024K)]
  0x000001fa21f8d4b0 JavaThread "Cache worker for cache directory md-supplier (C:\Users\hcxys\.gradle\caches\9.4.1\md-supplier)"        [_thread_blocked, id=15252, stack(0x0000004f18900000,0x0000004f18a00000) (1024K)]
  0x000001fa21f8c790 JavaThread "Cache worker for cache directory md-rule (C:\Users\hcxys\.gradle\caches\9.4.1\md-rule)"        [_thread_blocked, id=14084, stack(0x0000004f18a00000,0x0000004f18b00000) (1024K)]
  0x000001fa21f92a00 JavaThread "jar transforms"                    [_thread_blocked, id=13284, stack(0x0000004f18b00000,0x0000004f18c00000) (1024K)]
  0x000001fa21f91650 JavaThread "jar transforms Thread 2"           [_thread_blocked, id=16804, stack(0x0000004f18c00000,0x0000004f18d00000) (1024K)]
  0x000001fa21f93090 JavaThread "jar transforms Thread 3"           [_thread_blocked, id=13964, stack(0x0000004f18d00000,0x0000004f18e00000) (1024K)]
  0x000001fa21f90930 JavaThread "jar transforms Thread 4"           [_thread_blocked, id=5156, stack(0x0000004f18e00000,0x0000004f18f00000) (1024K)]
  0x000001fa21f902a0 JavaThread "Build operations"                  [_thread_blocked, id=8292, stack(0x0000004f18f00000,0x0000004f19000000) (1024K)]
  0x000001fa21f90fc0 JavaThread "Build operations Thread 2"         [_thread_blocked, id=13620, stack(0x0000004f19000000,0x0000004f19100000) (1024K)]
  0x000001fa21f8fc10 JavaThread "Build operations Thread 3"         [_thread_blocked, id=17188, stack(0x0000004f19100000,0x0000004f19200000) (1024K)]
  0x000001fa21f93720 JavaThread "Build operations Thread 4"         [_thread_blocked, id=7348, stack(0x0000004f19200000,0x0000004f19300000) (1024K)]
  0x000001fa23287aa0 JavaThread "build event listener"              [_thread_blocked, id=3472, stack(0x0000004f19300000,0x0000004f19400000) (1024K)]
  0x000001fa23288e50 JavaThread "Memory manager"                    [_thread_blocked, id=1436, stack(0x0000004f19400000,0x0000004f19500000) (1024K)]
  0x000001fa232894e0 JavaThread "build event listener"              [_thread_blocked, id=17004, stack(0x0000004f19500000,0x0000004f19600000) (1024K)]
Total: 43

Other Threads:
  0x000001fa1aad8020 VMThread "VM Thread"                           [id=1936, stack(0x0000004f16800000,0x0000004f16900000) (1024K)] _threads_hazard_ptr=0x000001fa2a190730
  0x000001fa1aa71640 WatcherThread "VM Periodic Task Thread"        [id=15760, stack(0x0000004f16700000,0x0000004f16800000) (1024K)]
  0x000001fa03d06010 WorkerThread "GC Thread#0"                     [id=9276, stack(0x0000004f16200000,0x0000004f16300000) (1024K)]
  0x000001fa1f5a9f10 WorkerThread "GC Thread#1"                     [id=1816, stack(0x0000004f17300000,0x0000004f17400000) (1024K)]
  0x000001fa1f69d040 WorkerThread "GC Thread#2"                     [id=13196, stack(0x0000004f17400000,0x0000004f17500000) (1024K)]
  0x000001fa200fe4c0 WorkerThread "GC Thread#3"                     [id=15372, stack(0x0000004f17500000,0x0000004f17600000) (1024K)]
  0x000001fa019ce910 ConcurrentGCThread "G1 Main Marker"            [id=9612, stack(0x0000004f16300000,0x0000004f16400000) (1024K)]
  0x000001fa03d170a0 WorkerThread "G1 Conc#0"                       [id=12628, stack(0x0000004f16400000,0x0000004f16500000) (1024K)]
  0x000001fa03d3eb40 ConcurrentGCThread "G1 Refine#0"               [id=13648, stack(0x0000004f16500000,0x0000004f16600000) (1024K)]
  0x000001fa1a944ba0 ConcurrentGCThread "G1 Service"                [id=9188, stack(0x0000004f16600000,0x0000004f16700000) (1024K)]
Total: 10

Threads with active compile tasks:
Total: 0

VM state: synchronizing (normal execution)

VM Mutex/Monitor currently owned by a thread:  ([mutex/lock_event])
[0x00007fff3cf164d0] Metaspace_lock - owner thread: 0x000001fa20696030
[0x00007fff3cf186d0] Threads_lock - owner thread: 0x000001fa1aad8020

Heap address: 0x0000000080000000, size: 2048 MB, Compressed Oops mode: 32-bit

CDS archive(s) not mapped
Compressed class space mapped at: 0x0000000100000000-0x0000000140000000, reserved size: 1073741824
Narrow klass base: 0x0000000000000000, Narrow klass shift: 3, Narrow klass range: 0x140000000

GC Precious Log:
 CardTable entry size: 512
 Card Set container configuration: InlinePtr #cards 5 size 8 Array Of Cards #cards 12 size 40 Howl #buckets 4 coarsen threshold 1843 Howl Bitmap #cards 512 size 80 coarsen threshold 460 Card regions per heap region 1 cards per card region 2048
 CPUs: 4 total, 4 available
 Memory: 3751M
 Large Page Support: Disabled
 NUMA Support: Disabled
 Compressed Oops: Enabled (32-bit)
 Heap Region Size: 1M
 Heap Min Capacity: 8M
 Heap Initial Capacity: 60M
 Heap Max Capacity: 2G
 Pre-touch: Disabled
 Parallel Workers: 4
 Concurrent Workers: 1
 Concurrent Refinement Workers: 4
 Periodic GC: Disabled

Heap:
 garbage-first heap   total 270336K, used 166511K [0x0000000080000000, 0x0000000100000000)
  region size 1024K, 35 young (35840K), 6 survivors (6144K)
 Metaspace       used 129110K, committed 131264K, reserved 1179648K
  class space    used 17499K, committed 18496K, reserved 1048576K

Heap Regions: E=young(eden), S=young(survivor), O=old, HS=humongous(starts), HC=humongous(continues), CS=collection set, F=free, TAMS=top-at-mark-start, PB=parsable bottom
|   0|0x0000000080000000, 0x0000000080100000, 0x0000000080100000|100%|HS|  |TAMS 0x0000000080000000| PB 0x0000000080000000| Complete 
|   1|0x0000000080100000, 0x0000000080200000, 0x0000000080200000|100%|HC|  |TAMS 0x0000000080100000| PB 0x0000000080100000| Complete 
|   2|0x0000000080200000, 0x0000000080300000, 0x0000000080300000|100%|HC|  |TAMS 0x0000000080200000| PB 0x0000000080200000| Complete 
|   3|0x0000000080300000, 0x0000000080400000, 0x0000000080400000|100%|HC|  |TAMS 0x0000000080300000| PB 0x0000000080300000| Complete 
|   4|0x0000000080400000, 0x0000000080500000, 0x0000000080500000|100%| O|  |TAMS 0x0000000080400000| PB 0x0000000080400000| Untracked 
|   5|0x0000000080500000, 0x0000000080600000, 0x0000000080600000|100%| O|  |TAMS 0x0000000080500000| PB 0x0000000080500000| Untracked 
|   6|0x0000000080600000, 0x0000000080700000, 0x0000000080700000|100%| O|  |TAMS 0x0000000080600000| PB 0x0000000080600000| Untracked 
|   7|0x0000000080700000, 0x0000000080800000, 0x0000000080800000|100%| O|  |TAMS 0x0000000080700000| PB 0x0000000080700000| Untracked 
|   8|0x0000000080800000, 0x0000000080900000, 0x0000000080900000|100%|HS|  |TAMS 0x0000000080800000| PB 0x0000000080800000| Complete 
|   9|0x0000000080900000, 0x0000000080a00000, 0x0000000080a00000|100%| O|  |TAMS 0x0000000080900000| PB 0x0000000080900000| Untracked 
|  10|0x0000000080a00000, 0x0000000080b00000, 0x0000000080b00000|100%| O|  |TAMS 0x0000000080a00000| PB 0x0000000080a00000| Untracked 
|  11|0x0000000080b00000, 0x0000000080c00000, 0x0000000080c00000|100%| O|  |TAMS 0x0000000080b00000| PB 0x0000000080b00000| Untracked 
|  12|0x0000000080c00000, 0x0000000080d00000, 0x0000000080d00000|100%| O|  |TAMS 0x0000000080c00000| PB 0x0000000080c00000| Untracked 
|  13|0x0000000080d00000, 0x0000000080e00000, 0x0000000080e00000|100%| O|  |TAMS 0x0000000080d00000| PB 0x0000000080d00000| Untracked 
|  14|0x0000000080e00000, 0x0000000080f00000, 0x0000000080f00000|100%| O|  |TAMS 0x0000000080e00000| PB 0x0000000080e00000| Untracked 
|  15|0x0000000080f00000, 0x0000000081000000, 0x0000000081000000|100%| O|  |TAMS 0x0000000080f00000| PB 0x0000000080f00000| Untracked 
|  16|0x0000000081000000, 0x0000000081100000, 0x0000000081100000|100%| O|  |TAMS 0x0000000081000000| PB 0x0000000081000000| Untracked 
|  17|0x0000000081100000, 0x0000000081200000, 0x0000000081200000|100%| O|  |TAMS 0x0000000081100000| PB 0x0000000081100000| Untracked 
|  18|0x0000000081200000, 0x0000000081300000, 0x0000000081300000|100%| O|  |TAMS 0x0000000081200000| PB 0x0000000081200000| Untracked 
|  19|0x0000000081300000, 0x0000000081400000, 0x0000000081400000|100%| O|  |TAMS 0x0000000081300000| PB 0x0000000081300000| Untracked 
|  20|0x0000000081400000, 0x0000000081500000, 0x0000000081500000|100%| O|  |TAMS 0x0000000081400000| PB 0x0000000081400000| Untracked 
|  21|0x0000000081500000, 0x0000000081600000, 0x0000000081600000|100%| O|  |TAMS 0x0000000081500000| PB 0x0000000081500000| Untracked 
|  22|0x0000000081600000, 0x0000000081700000, 0x0000000081700000|100%| O|  |TAMS 0x0000000081600000| PB 0x0000000081600000| Untracked 
|  23|0x0000000081700000, 0x0000000081800000, 0x0000000081800000|100%| O|  |TAMS 0x0000000081700000| PB 0x0000000081700000| Untracked 
|  24|0x0000000081800000, 0x0000000081900000, 0x0000000081900000|100%| O|  |TAMS 0x0000000081800000| PB 0x0000000081800000| Untracked 
|  25|0x0000000081900000, 0x0000000081a00000, 0x0000000081a00000|100%| O|  |TAMS 0x0000000081900000| PB 0x0000000081900000| Untracked 
|  26|0x0000000081a00000, 0x0000000081b00000, 0x0000000081b00000|100%| O|  |TAMS 0x0000000081a00000| PB 0x0000000081a00000| Untracked 
|  27|0x0000000081b00000, 0x0000000081c00000, 0x0000000081c00000|100%| O|  |TAMS 0x0000000081b00000| PB 0x0000000081b00000| Untracked 
|  28|0x0000000081c00000, 0x0000000081d00000, 0x0000000081d00000|100%| O|  |TAMS 0x0000000081c00000| PB 0x0000000081c00000| Untracked 
|  29|0x0000000081d00000, 0x0000000081e00000, 0x0000000081e00000|100%| O|  |TAMS 0x0000000081d00000| PB 0x0000000081d00000| Untracked 
|  30|0x0000000081e00000, 0x0000000081f00000, 0x0000000081f00000|100%| O|  |TAMS 0x0000000081e00000| PB 0x0000000081e00000| Untracked 
|  31|0x0000000081f00000, 0x0000000082000000, 0x0000000082000000|100%| O|  |TAMS 0x0000000081f00000| PB 0x0000000081f00000| Untracked 
|  32|0x0000000082000000, 0x0000000082100000, 0x0000000082100000|100%|HS|  |TAMS 0x0000000082000000| PB 0x0000000082000000| Complete 
|  33|0x0000000082100000, 0x0000000082200000, 0x0000000082200000|100%| O|  |TAMS 0x0000000082100000| PB 0x0000000082100000| Untracked 
|  34|0x0000000082200000, 0x0000000082300000, 0x0000000082300000|100%| O|  |TAMS 0x0000000082200000| PB 0x0000000082200000| Untracked 
|  35|0x0000000082300000, 0x0000000082400000, 0x0000000082400000|100%|HS|  |TAMS 0x0000000082300000| PB 0x0000000082300000| Complete 
|  36|0x0000000082400000, 0x0000000082500000, 0x0000000082500000|100%|HC|  |TAMS 0x0000000082400000| PB 0x0000000082400000| Complete 
|  37|0x0000000082500000, 0x0000000082600000, 0x0000000082600000|100%| O|  |TAMS 0x0000000082500000| PB 0x0000000082500000| Untracked 
|  38|0x0000000082600000, 0x0000000082700000, 0x0000000082700000|100%| O|  |TAMS 0x0000000082600000| PB 0x0000000082600000| Untracked 
|  39|0x0000000082700000, 0x0000000082800000, 0x0000000082800000|100%| O|  |TAMS 0x0000000082700000| PB 0x0000000082700000| Untracked 
|  40|0x0000000082800000, 0x0000000082900000, 0x0000000082900000|100%| O|  |TAMS 0x0000000082800000| PB 0x0000000082800000| Untracked 
|  41|0x0000000082900000, 0x0000000082a00000, 0x0000000082a00000|100%| O|  |TAMS 0x0000000082900000| PB 0x0000000082900000| Untracked 
|  42|0x0000000082a00000, 0x0000000082b00000, 0x0000000082b00000|100%| O|  |TAMS 0x0000000082a00000| PB 0x0000000082a00000| Untracked 
|  43|0x0000000082b00000, 0x0000000082c00000, 0x0000000082c00000|100%| O|  |TAMS 0x0000000082b00000| PB 0x0000000082b00000| Untracked 
|  44|0x0000000082c00000, 0x0000000082d00000, 0x0000000082d00000|100%| O|  |TAMS 0x0000000082c00000| PB 0x0000000082c00000| Untracked 
|  45|0x0000000082d00000, 0x0000000082e00000, 0x0000000082e00000|100%| O|  |TAMS 0x0000000082d00000| PB 0x0000000082d00000| Untracked 
|  46|0x0000000082e00000, 0x0000000082f00000, 0x0000000082f00000|100%| O|  |TAMS 0x0000000082e00000| PB 0x0000000082e00000| Untracked 
|  47|0x0000000082f00000, 0x0000000083000000, 0x0000000083000000|100%|HS|  |TAMS 0x0000000082f00000| PB 0x0000000082f00000| Complete 
|  48|0x0000000083000000, 0x0000000083100000, 0x0000000083100000|100%|HS|  |TAMS 0x0000000083000000| PB 0x0000000083000000| Complete 
|  49|0x0000000083100000, 0x0000000083200000, 0x0000000083200000|100%| O|  |TAMS 0x0000000083100000| PB 0x0000000083100000| Untracked 
|  50|0x0000000083200000, 0x0000000083300000, 0x0000000083300000|100%| O|  |TAMS 0x0000000083200000| PB 0x0000000083200000| Untracked 
|  51|0x0000000083300000, 0x0000000083400000, 0x0000000083400000|100%|HS|  |TAMS 0x0000000083300000| PB 0x0000000083300000| Complete 
|  52|0x0000000083400000, 0x0000000083500000, 0x0000000083500000|100%|HC|  |TAMS 0x0000000083400000| PB 0x0000000083400000| Complete 
|  53|0x0000000083500000, 0x0000000083600000, 0x0000000083600000|100%|HS|  |TAMS 0x0000000083500000| PB 0x0000000083500000| Complete 
|  54|0x0000000083600000, 0x0000000083700000, 0x0000000083700000|100%|HS|  |TAMS 0x0000000083600000| PB 0x0000000083600000| Complete 
|  55|0x0000000083700000, 0x0000000083800000, 0x0000000083800000|100%| O|  |TAMS 0x0000000083700000| PB 0x0000000083700000| Untracked 
|  56|0x0000000083800000, 0x0000000083900000, 0x0000000083900000|100%| O|  |TAMS 0x0000000083800000| PB 0x0000000083800000| Untracked 
|  57|0x0000000083900000, 0x0000000083a00000, 0x0000000083a00000|100%| O|  |TAMS 0x0000000083900000| PB 0x0000000083900000| Untracked 
|  58|0x0000000083a00000, 0x0000000083b00000, 0x0000000083b00000|100%| O|  |TAMS 0x0000000083a00000| PB 0x0000000083a00000| Untracked 
|  59|0x0000000083b00000, 0x0000000083c00000, 0x0000000083c00000|100%| O|  |TAMS 0x0000000083b00000| PB 0x0000000083b00000| Untracked 
|  60|0x0000000083c00000, 0x0000000083d00000, 0x0000000083d00000|100%|HS|  |TAMS 0x0000000083c00000| PB 0x0000000083c00000| Complete 
|  61|0x0000000083d00000, 0x0000000083e00000, 0x0000000083e00000|100%| O|  |TAMS 0x0000000083d00000| PB 0x0000000083d00000| Untracked 
|  62|0x0000000083e00000, 0x0000000083f00000, 0x0000000083f00000|100%|HS|  |TAMS 0x0000000083e00000| PB 0x0000000083e00000| Complete 
|  63|0x0000000083f00000, 0x0000000084000000, 0x0000000084000000|100%|HC|  |TAMS 0x0000000083f00000| PB 0x0000000083f00000| Complete 
|  64|0x0000000084000000, 0x0000000084100000, 0x0000000084100000|100%| O|  |TAMS 0x0000000084000000| PB 0x0000000084000000| Untracked 
|  65|0x0000000084100000, 0x0000000084200000, 0x0000000084200000|100%| O|  |TAMS 0x0000000084100000| PB 0x0000000084100000| Untracked 
|  66|0x0000000084200000, 0x0000000084300000, 0x0000000084300000|100%|HS|  |TAMS 0x0000000084200000| PB 0x0000000084200000| Complete 
|  67|0x0000000084300000, 0x0000000084400000, 0x0000000084400000|100%| O|  |TAMS 0x0000000084300000| PB 0x0000000084300000| Untracked 
|  68|0x0000000084400000, 0x0000000084500000, 0x0000000084500000|100%| O|  |TAMS 0x0000000084400000| PB 0x0000000084400000| Untracked 
|  69|0x0000000084500000, 0x0000000084600000, 0x0000000084600000|100%| O|  |TAMS 0x0000000084500000| PB 0x0000000084500000| Untracked 
|  70|0x0000000084600000, 0x0000000084700000, 0x0000000084700000|100%| O|  |TAMS 0x0000000084600000| PB 0x0000000084600000| Untracked 
|  71|0x0000000084700000, 0x0000000084800000, 0x0000000084800000|100%| O|  |TAMS 0x0000000084700000| PB 0x0000000084700000| Untracked 
|  72|0x0000000084800000, 0x0000000084900000, 0x0000000084900000|100%| O|  |TAMS 0x0000000084800000| PB 0x0000000084800000| Untracked 
|  73|0x0000000084900000, 0x0000000084a00000, 0x0000000084a00000|100%| O|  |TAMS 0x0000000084900000| PB 0x0000000084900000| Untracked 
|  74|0x0000000084a00000, 0x0000000084b00000, 0x0000000084b00000|100%| O|  |TAMS 0x0000000084a00000| PB 0x0000000084a00000| Untracked 
|  75|0x0000000084b00000, 0x0000000084c00000, 0x0000000084c00000|100%| O|  |TAMS 0x0000000084b00000| PB 0x0000000084b00000| Untracked 
|  76|0x0000000084c00000, 0x0000000084d00000, 0x0000000084d00000|100%| O|  |TAMS 0x0000000084c00000| PB 0x0000000084c00000| Untracked 
|  77|0x0000000084d00000, 0x0000000084e00000, 0x0000000084e00000|100%| O|  |TAMS 0x0000000084d00000| PB 0x0000000084d00000| Untracked 
|  78|0x0000000084e00000, 0x0000000084f00000, 0x0000000084f00000|100%| O|  |TAMS 0x0000000084e00000| PB 0x0000000084e00000| Untracked 
|  79|0x0000000084f00000, 0x0000000085000000, 0x0000000085000000|100%| O|  |TAMS 0x0000000084f00000| PB 0x0000000084f00000| Untracked 
|  80|0x0000000085000000, 0x0000000085100000, 0x0000000085100000|100%| O|  |TAMS 0x0000000085000000| PB 0x0000000085000000| Untracked 
|  81|0x0000000085100000, 0x0000000085200000, 0x0000000085200000|100%| O|  |TAMS 0x0000000085100000| PB 0x0000000085100000| Untracked 
|  82|0x0000000085200000, 0x0000000085300000, 0x0000000085300000|100%| O|  |TAMS 0x0000000085200000| PB 0x0000000085200000| Untracked 
|  83|0x0000000085300000, 0x0000000085400000, 0x0000000085400000|100%| O|  |TAMS 0x0000000085300000| PB 0x0000000085300000| Untracked 
|  84|0x0000000085400000, 0x0000000085500000, 0x0000000085500000|100%| O|  |TAMS 0x0000000085400000| PB 0x0000000085400000| Untracked 
|  85|0x0000000085500000, 0x0000000085600000, 0x0000000085600000|100%| O|  |TAMS 0x0000000085500000| PB 0x0000000085500000| Untracked 
|  86|0x0000000085600000, 0x0000000085700000, 0x0000000085700000|100%| O|  |TAMS 0x0000000085600000| PB 0x0000000085600000| Untracked 
|  87|0x0000000085700000, 0x0000000085800000, 0x0000000085800000|100%| O|  |TAMS 0x0000000085700000| PB 0x0000000085700000| Untracked 
|  88|0x0000000085800000, 0x0000000085900000, 0x0000000085900000|100%| O|  |TAMS 0x0000000085800000| PB 0x0000000085800000| Untracked 
|  89|0x0000000085900000, 0x0000000085a00000, 0x0000000085a00000|100%| O|  |TAMS 0x0000000085900000| PB 0x0000000085900000| Untracked 
|  90|0x0000000085a00000, 0x0000000085b00000, 0x0000000085b00000|100%| O|  |TAMS 0x0000000085a00000| PB 0x0000000085a00000| Untracked 
|  91|0x0000000085b00000, 0x0000000085c00000, 0x0000000085c00000|100%| O|  |TAMS 0x0000000085b00000| PB 0x0000000085b00000| Untracked 
|  92|0x0000000085c00000, 0x0000000085d00000, 0x0000000085d00000|100%| O|  |TAMS 0x0000000085c00000| PB 0x0000000085c00000| Untracked 
|  93|0x0000000085d00000, 0x0000000085e00000, 0x0000000085e00000|100%| O|  |TAMS 0x0000000085d00000| PB 0x0000000085d00000| Untracked 
|  94|0x0000000085e00000, 0x0000000085f00000, 0x0000000085f00000|100%| O|  |TAMS 0x0000000085e00000| PB 0x0000000085e00000| Untracked 
|  95|0x0000000085f00000, 0x0000000086000000, 0x0000000086000000|100%| O|  |TAMS 0x0000000085f00000| PB 0x0000000085f00000| Untracked 
|  96|0x0000000086000000, 0x0000000086100000, 0x0000000086100000|100%| O|  |TAMS 0x0000000086000000| PB 0x0000000086000000| Untracked 
|  97|0x0000000086100000, 0x0000000086200000, 0x0000000086200000|100%| O|  |TAMS 0x0000000086100000| PB 0x0000000086100000| Untracked 
|  98|0x0000000086200000, 0x0000000086300000, 0x0000000086300000|100%| O|  |TAMS 0x0000000086200000| PB 0x0000000086200000| Untracked 
|  99|0x0000000086300000, 0x0000000086400000, 0x0000000086400000|100%| O|  |TAMS 0x0000000086300000| PB 0x0000000086300000| Untracked 
| 100|0x0000000086400000, 0x0000000086500000, 0x0000000086500000|100%| O|  |TAMS 0x0000000086400000| PB 0x0000000086400000| Untracked 
| 101|0x0000000086500000, 0x0000000086600000, 0x0000000086600000|100%| O|  |TAMS 0x0000000086500000| PB 0x0000000086500000| Untracked 
| 102|0x0000000086600000, 0x0000000086700000, 0x0000000086700000|100%| O|  |TAMS 0x0000000086600000| PB 0x0000000086600000| Untracked 
| 103|0x0000000086700000, 0x0000000086800000, 0x0000000086800000|100%| O|  |TAMS 0x0000000086700000| PB 0x0000000086700000| Untracked 
| 104|0x0000000086800000, 0x0000000086900000, 0x0000000086900000|100%|HS|  |TAMS 0x0000000086800000| PB 0x0000000086800000| Complete 
| 105|0x0000000086900000, 0x0000000086a00000, 0x0000000086a00000|100%| O|  |TAMS 0x0000000086900000| PB 0x0000000086900000| Untracked 
| 106|0x0000000086a00000, 0x0000000086b00000, 0x0000000086b00000|100%| O|  |TAMS 0x0000000086a00000| PB 0x0000000086a00000| Untracked 
| 107|0x0000000086b00000, 0x0000000086c00000, 0x0000000086c00000|100%| O|  |TAMS 0x0000000086b00000| PB 0x0000000086b00000| Untracked 
| 108|0x0000000086c00000, 0x0000000086c00000, 0x0000000086d00000|  0%| F|  |TAMS 0x0000000086c00000| PB 0x0000000086c00000| Untracked 
| 109|0x0000000086d00000, 0x0000000086e00000, 0x0000000086e00000|100%| O|  |TAMS 0x0000000086d00000| PB 0x0000000086d00000| Untracked 
| 110|0x0000000086e00000, 0x0000000086f00000, 0x0000000086f00000|100%| O|  |TAMS 0x0000000086e00000| PB 0x0000000086e00000| Untracked 
| 111|0x0000000086f00000, 0x0000000086f00000, 0x0000000087000000|  0%| F|  |TAMS 0x0000000086f00000| PB 0x0000000086f00000| Untracked 
| 112|0x0000000087000000, 0x0000000087100000, 0x0000000087100000|100%| O|  |TAMS 0x0000000087000000| PB 0x0000000087000000| Untracked 
| 113|0x0000000087100000, 0x0000000087200000, 0x0000000087200000|100%| O|  |TAMS 0x0000000087100000| PB 0x0000000087100000| Untracked 
| 114|0x0000000087200000, 0x0000000087300000, 0x0000000087300000|100%| O|  |TAMS 0x0000000087200000| PB 0x0000000087200000| Untracked 
| 115|0x0000000087300000, 0x0000000087400000, 0x0000000087400000|100%| O|  |TAMS 0x0000000087300000| PB 0x0000000087300000| Untracked 
| 116|0x0000000087400000, 0x0000000087400000, 0x0000000087500000|  0%| F|  |TAMS 0x0000000087400000| PB 0x0000000087400000| Untracked 
| 117|0x0000000087500000, 0x0000000087600000, 0x0000000087600000|100%| O|  |TAMS 0x0000000087500000| PB 0x0000000087500000| Untracked 
| 118|0x0000000087600000, 0x0000000087700000, 0x0000000087700000|100%| O|  |TAMS 0x0000000087600000| PB 0x0000000087600000| Untracked 
| 119|0x0000000087700000, 0x0000000087800000, 0x0000000087800000|100%| O|  |TAMS 0x0000000087700000| PB 0x0000000087700000| Untracked 
| 120|0x0000000087800000, 0x0000000087900000, 0x0000000087900000|100%| O|  |TAMS 0x0000000087800000| PB 0x0000000087800000| Untracked 
| 121|0x0000000087900000, 0x0000000087a00000, 0x0000000087a00000|100%| O|  |TAMS 0x0000000087900000| PB 0x0000000087900000| Untracked 
| 122|0x0000000087a00000, 0x0000000087b00000, 0x0000000087b00000|100%| O|  |TAMS 0x0000000087a00000| PB 0x0000000087a00000| Untracked 
| 123|0x0000000087b00000, 0x0000000087bc5640, 0x0000000087c00000| 77%| O|  |TAMS 0x0000000087b00000| PB 0x0000000087b00000| Untracked 
| 124|0x0000000087c00000, 0x0000000087c00000, 0x0000000087d00000|  0%| F|  |TAMS 0x0000000087c00000| PB 0x0000000087c00000| Untracked 
| 125|0x0000000087d00000, 0x0000000087d00000, 0x0000000087e00000|  0%| F|  |TAMS 0x0000000087d00000| PB 0x0000000087d00000| Untracked 
| 126|0x0000000087e00000, 0x0000000087e00000, 0x0000000087f00000|  0%| F|  |TAMS 0x0000000087e00000| PB 0x0000000087e00000| Untracked 
| 127|0x0000000087f00000, 0x0000000087f00000, 0x0000000088000000|  0%| F|  |TAMS 0x0000000087f00000| PB 0x0000000087f00000| Untracked 
| 128|0x0000000088000000, 0x0000000088000000, 0x0000000088100000|  0%| F|  |TAMS 0x0000000088000000| PB 0x0000000088000000| Untracked 
| 129|0x0000000088100000, 0x0000000088100000, 0x0000000088200000|  0%| F|  |TAMS 0x0000000088100000| PB 0x0000000088100000| Untracked 
| 130|0x0000000088200000, 0x0000000088200000, 0x0000000088300000|  0%| F|  |TAMS 0x0000000088200000| PB 0x0000000088200000| Untracked 
| 131|0x0000000088300000, 0x0000000088300000, 0x0000000088400000|  0%| F|  |TAMS 0x0000000088300000| PB 0x0000000088300000| Untracked 
| 132|0x0000000088400000, 0x0000000088400000, 0x0000000088500000|  0%| F|  |TAMS 0x0000000088400000| PB 0x0000000088400000| Untracked 
| 133|0x0000000088500000, 0x0000000088500000, 0x0000000088600000|  0%| F|  |TAMS 0x0000000088500000| PB 0x0000000088500000| Untracked 
| 134|0x0000000088600000, 0x0000000088600000, 0x0000000088700000|  0%| F|  |TAMS 0x0000000088600000| PB 0x0000000088600000| Untracked 
| 135|0x0000000088700000, 0x0000000088700000, 0x0000000088800000|  0%| F|  |TAMS 0x0000000088700000| PB 0x0000000088700000| Untracked 
| 136|0x0000000088800000, 0x0000000088800000, 0x0000000088900000|  0%| F|  |TAMS 0x0000000088800000| PB 0x0000000088800000| Untracked 
| 137|0x0000000088900000, 0x0000000088900000, 0x0000000088a00000|  0%| F|  |TAMS 0x0000000088900000| PB 0x0000000088900000| Untracked 
| 138|0x0000000088a00000, 0x0000000088a00000, 0x0000000088b00000|  0%| F|  |TAMS 0x0000000088a00000| PB 0x0000000088a00000| Untracked 
| 139|0x0000000088b00000, 0x0000000088b00000, 0x0000000088c00000|  0%| F|  |TAMS 0x0000000088b00000| PB 0x0000000088b00000| Untracked 
| 140|0x0000000088c00000, 0x0000000088c00000, 0x0000000088d00000|  0%| F|  |TAMS 0x0000000088c00000| PB 0x0000000088c00000| Untracked 
| 141|0x0000000088d00000, 0x0000000088d00000, 0x0000000088e00000|  0%| F|  |TAMS 0x0000000088d00000| PB 0x0000000088d00000| Untracked 
| 142|0x0000000088e00000, 0x0000000088e00000, 0x0000000088f00000|  0%| F|  |TAMS 0x0000000088e00000| PB 0x0000000088e00000| Untracked 
| 143|0x0000000088f00000, 0x0000000088f00000, 0x0000000089000000|  0%| F|  |TAMS 0x0000000088f00000| PB 0x0000000088f00000| Untracked 
| 144|0x0000000089000000, 0x0000000089000000, 0x0000000089100000|  0%| F|  |TAMS 0x0000000089000000| PB 0x0000000089000000| Untracked 
| 145|0x0000000089100000, 0x0000000089100000, 0x0000000089200000|  0%| F|  |TAMS 0x0000000089100000| PB 0x0000000089100000| Untracked 
| 146|0x0000000089200000, 0x0000000089200000, 0x0000000089300000|  0%| F|  |TAMS 0x0000000089200000| PB 0x0000000089200000| Untracked 
| 147|0x0000000089300000, 0x0000000089300000, 0x0000000089400000|  0%| F|  |TAMS 0x0000000089300000| PB 0x0000000089300000| Untracked 
| 148|0x0000000089400000, 0x0000000089400000, 0x0000000089500000|  0%| F|  |TAMS 0x0000000089400000| PB 0x0000000089400000| Untracked 
| 149|0x0000000089500000, 0x0000000089500000, 0x0000000089600000|  0%| F|  |TAMS 0x0000000089500000| PB 0x0000000089500000| Untracked 
| 150|0x0000000089600000, 0x00000000896d6870, 0x0000000089700000| 83%| S|CS|TAMS 0x0000000089600000| PB 0x0000000089600000| Complete 
| 151|0x0000000089700000, 0x0000000089800000, 0x0000000089800000|100%| S|CS|TAMS 0x0000000089700000| PB 0x0000000089700000| Complete 
| 152|0x0000000089800000, 0x0000000089900000, 0x0000000089900000|100%| S|CS|TAMS 0x0000000089800000| PB 0x0000000089800000| Complete 
| 153|0x0000000089900000, 0x0000000089a00000, 0x0000000089a00000|100%| S|CS|TAMS 0x0000000089900000| PB 0x0000000089900000| Complete 
| 154|0x0000000089a00000, 0x0000000089b00000, 0x0000000089b00000|100%| S|CS|TAMS 0x0000000089a00000| PB 0x0000000089a00000| Complete 
| 155|0x0000000089b00000, 0x0000000089c00000, 0x0000000089c00000|100%| S|CS|TAMS 0x0000000089b00000| PB 0x0000000089b00000| Complete 
| 156|0x0000000089c00000, 0x0000000089c00000, 0x0000000089d00000|  0%| F|  |TAMS 0x0000000089c00000| PB 0x0000000089c00000| Untracked 
| 157|0x0000000089d00000, 0x0000000089d00000, 0x0000000089e00000|  0%| F|  |TAMS 0x0000000089d00000| PB 0x0000000089d00000| Untracked 
| 158|0x0000000089e00000, 0x0000000089e00000, 0x0000000089f00000|  0%| F|  |TAMS 0x0000000089e00000| PB 0x0000000089e00000| Untracked 
| 159|0x0000000089f00000, 0x0000000089f00000, 0x000000008a000000|  0%| F|  |TAMS 0x0000000089f00000| PB 0x0000000089f00000| Untracked 
| 160|0x000000008a000000, 0x000000008a000000, 0x000000008a100000|  0%| F|  |TAMS 0x000000008a000000| PB 0x000000008a000000| Untracked 
| 161|0x000000008a100000, 0x000000008a100000, 0x000000008a200000|  0%| F|  |TAMS 0x000000008a100000| PB 0x000000008a100000| Untracked 
| 162|0x000000008a200000, 0x000000008a200000, 0x000000008a300000|  0%| F|  |TAMS 0x000000008a200000| PB 0x000000008a200000| Untracked 
| 163|0x000000008a300000, 0x000000008a300000, 0x000000008a400000|  0%| F|  |TAMS 0x000000008a300000| PB 0x000000008a300000| Untracked 
| 164|0x000000008a400000, 0x000000008a400000, 0x000000008a500000|  0%| F|  |TAMS 0x000000008a400000| PB 0x000000008a400000| Untracked 
| 165|0x000000008a500000, 0x000000008a500000, 0x000000008a600000|  0%| F|  |TAMS 0x000000008a500000| PB 0x000000008a500000| Untracked 
| 166|0x000000008a600000, 0x000000008a600000, 0x000000008a700000|  0%| F|  |TAMS 0x000000008a600000| PB 0x000000008a600000| Untracked 
| 167|0x000000008a700000, 0x000000008a700000, 0x000000008a800000|  0%| F|  |TAMS 0x000000008a700000| PB 0x000000008a700000| Untracked 
| 168|0x000000008a800000, 0x000000008a800000, 0x000000008a900000|  0%| F|  |TAMS 0x000000008a800000| PB 0x000000008a800000| Untracked 
| 169|0x000000008a900000, 0x000000008a900000, 0x000000008aa00000|  0%| F|  |TAMS 0x000000008a900000| PB 0x000000008a900000| Untracked 
| 170|0x000000008aa00000, 0x000000008aa00000, 0x000000008ab00000|  0%| F|  |TAMS 0x000000008aa00000| PB 0x000000008aa00000| Untracked 
| 171|0x000000008ab00000, 0x000000008ab00000, 0x000000008ac00000|  0%| F|  |TAMS 0x000000008ab00000| PB 0x000000008ab00000| Untracked 
| 172|0x000000008ac00000, 0x000000008ac00000, 0x000000008ad00000|  0%| F|  |TAMS 0x000000008ac00000| PB 0x000000008ac00000| Untracked 
| 173|0x000000008ad00000, 0x000000008ad00000, 0x000000008ae00000|  0%| F|  |TAMS 0x000000008ad00000| PB 0x000000008ad00000| Untracked 
| 174|0x000000008ae00000, 0x000000008ae00000, 0x000000008af00000|  0%| F|  |TAMS 0x000000008ae00000| PB 0x000000008ae00000| Untracked 
| 175|0x000000008af00000, 0x000000008af00000, 0x000000008b000000|  0%| F|  |TAMS 0x000000008af00000| PB 0x000000008af00000| Untracked 
| 176|0x000000008b000000, 0x000000008b000000, 0x000000008b100000|  0%| F|  |TAMS 0x000000008b000000| PB 0x000000008b000000| Untracked 
| 177|0x000000008b100000, 0x000000008b100000, 0x000000008b200000|  0%| F|  |TAMS 0x000000008b100000| PB 0x000000008b100000| Untracked 
| 178|0x000000008b200000, 0x000000008b200000, 0x000000008b300000|  0%| F|  |TAMS 0x000000008b200000| PB 0x000000008b200000| Untracked 
| 179|0x000000008b300000, 0x000000008b300000, 0x000000008b400000|  0%| F|  |TAMS 0x000000008b300000| PB 0x000000008b300000| Untracked 
| 180|0x000000008b400000, 0x000000008b400000, 0x000000008b500000|  0%| F|  |TAMS 0x000000008b400000| PB 0x000000008b400000| Untracked 
| 181|0x000000008b500000, 0x000000008b500000, 0x000000008b600000|  0%| F|  |TAMS 0x000000008b500000| PB 0x000000008b500000| Untracked 
| 182|0x000000008b600000, 0x000000008b600000, 0x000000008b700000|  0%| F|  |TAMS 0x000000008b600000| PB 0x000000008b600000| Untracked 
| 183|0x000000008b700000, 0x000000008b700000, 0x000000008b800000|  0%| F|  |TAMS 0x000000008b700000| PB 0x000000008b700000| Untracked 
| 184|0x000000008b800000, 0x000000008b800000, 0x000000008b900000|  0%| F|  |TAMS 0x000000008b800000| PB 0x000000008b800000| Untracked 
| 185|0x000000008b900000, 0x000000008b900000, 0x000000008ba00000|  0%| F|  |TAMS 0x000000008b900000| PB 0x000000008b900000| Untracked 
| 186|0x000000008ba00000, 0x000000008ba00000, 0x000000008bb00000|  0%| F|  |TAMS 0x000000008ba00000| PB 0x000000008ba00000| Untracked 
| 187|0x000000008bb00000, 0x000000008bb00000, 0x000000008bc00000|  0%| F|  |TAMS 0x000000008bb00000| PB 0x000000008bb00000| Untracked 
| 188|0x000000008bc00000, 0x000000008bc00000, 0x000000008bd00000|  0%| F|  |TAMS 0x000000008bc00000| PB 0x000000008bc00000| Untracked 
| 189|0x000000008bd00000, 0x000000008bd00000, 0x000000008be00000|  0%| F|  |TAMS 0x000000008bd00000| PB 0x000000008bd00000| Untracked 
| 190|0x000000008be00000, 0x000000008be00000, 0x000000008bf00000|  0%| F|  |TAMS 0x000000008be00000| PB 0x000000008be00000| Untracked 
| 191|0x000000008bf00000, 0x000000008bf00000, 0x000000008c000000|  0%| F|  |TAMS 0x000000008bf00000| PB 0x000000008bf00000| Untracked 
| 192|0x000000008c000000, 0x000000008c000000, 0x000000008c100000|  0%| F|  |TAMS 0x000000008c000000| PB 0x000000008c000000| Untracked 
| 193|0x000000008c100000, 0x000000008c100000, 0x000000008c200000|  0%| F|  |TAMS 0x000000008c100000| PB 0x000000008c100000| Untracked 
| 194|0x000000008c200000, 0x000000008c200000, 0x000000008c300000|  0%| F|  |TAMS 0x000000008c200000| PB 0x000000008c200000| Untracked 
| 195|0x000000008c300000, 0x000000008c300000, 0x000000008c400000|  0%| F|  |TAMS 0x000000008c300000| PB 0x000000008c300000| Untracked 
| 196|0x000000008c400000, 0x000000008c400000, 0x000000008c500000|  0%| F|  |TAMS 0x000000008c400000| PB 0x000000008c400000| Untracked 
| 197|0x000000008c500000, 0x000000008c500000, 0x000000008c600000|  0%| F|  |TAMS 0x000000008c500000| PB 0x000000008c500000| Untracked 
| 198|0x000000008c600000, 0x000000008c600000, 0x000000008c700000|  0%| F|  |TAMS 0x000000008c600000| PB 0x000000008c600000| Untracked 
| 199|0x000000008c700000, 0x000000008c700000, 0x000000008c800000|  0%| F|  |TAMS 0x000000008c700000| PB 0x000000008c700000| Untracked 
| 200|0x000000008c800000, 0x000000008c800000, 0x000000008c900000|  0%| F|  |TAMS 0x000000008c800000| PB 0x000000008c800000| Untracked 
| 201|0x000000008c900000, 0x000000008c900000, 0x000000008ca00000|  0%| F|  |TAMS 0x000000008c900000| PB 0x000000008c900000| Untracked 
| 202|0x000000008ca00000, 0x000000008ca00000, 0x000000008cb00000|  0%| F|  |TAMS 0x000000008ca00000| PB 0x000000008ca00000| Untracked 
| 203|0x000000008cb00000, 0x000000008cb00000, 0x000000008cc00000|  0%| F|  |TAMS 0x000000008cb00000| PB 0x000000008cb00000| Untracked 
| 204|0x000000008cc00000, 0x000000008cc00000, 0x000000008cd00000|  0%| F|  |TAMS 0x000000008cc00000| PB 0x000000008cc00000| Untracked 
| 205|0x000000008cd00000, 0x000000008cd00000, 0x000000008ce00000|  0%| F|  |TAMS 0x000000008cd00000| PB 0x000000008cd00000| Untracked 
| 206|0x000000008ce00000, 0x000000008ce00000, 0x000000008cf00000|  0%| F|  |TAMS 0x000000008ce00000| PB 0x000000008ce00000| Untracked 
| 207|0x000000008cf00000, 0x000000008cf00000, 0x000000008d000000|  0%| F|  |TAMS 0x000000008cf00000| PB 0x000000008cf00000| Untracked 
| 208|0x000000008d000000, 0x000000008d000000, 0x000000008d100000|  0%| F|  |TAMS 0x000000008d000000| PB 0x000000008d000000| Untracked 
| 209|0x000000008d100000, 0x000000008d100000, 0x000000008d200000|  0%| F|  |TAMS 0x000000008d100000| PB 0x000000008d100000| Untracked 
| 210|0x000000008d200000, 0x000000008d200000, 0x000000008d300000|  0%| F|  |TAMS 0x000000008d200000| PB 0x000000008d200000| Untracked 
| 211|0x000000008d300000, 0x000000008d300000, 0x000000008d400000|  0%| F|  |TAMS 0x000000008d300000| PB 0x000000008d300000| Untracked 
| 212|0x000000008d400000, 0x000000008d400000, 0x000000008d500000|  0%| F|  |TAMS 0x000000008d400000| PB 0x000000008d400000| Untracked 
| 213|0x000000008d500000, 0x000000008d500000, 0x000000008d600000|  0%| F|  |TAMS 0x000000008d500000| PB 0x000000008d500000| Untracked 
| 214|0x000000008d600000, 0x000000008d600000, 0x000000008d700000|  0%| F|  |TAMS 0x000000008d600000| PB 0x000000008d600000| Untracked 
| 215|0x000000008d700000, 0x000000008d700000, 0x000000008d800000|  0%| F|  |TAMS 0x000000008d700000| PB 0x000000008d700000| Untracked 
| 216|0x000000008d800000, 0x000000008d800000, 0x000000008d900000|  0%| F|  |TAMS 0x000000008d800000| PB 0x000000008d800000| Untracked 
| 217|0x000000008d900000, 0x000000008d900000, 0x000000008da00000|  0%| F|  |TAMS 0x000000008d900000| PB 0x000000008d900000| Untracked 
| 218|0x000000008da00000, 0x000000008da00000, 0x000000008db00000|  0%| F|  |TAMS 0x000000008da00000| PB 0x000000008da00000| Untracked 
| 219|0x000000008db00000, 0x000000008db00000, 0x000000008dc00000|  0%| F|  |TAMS 0x000000008db00000| PB 0x000000008db00000| Untracked 
| 220|0x000000008dc00000, 0x000000008dc00000, 0x000000008dd00000|  0%| F|  |TAMS 0x000000008dc00000| PB 0x000000008dc00000| Untracked 
| 221|0x000000008dd00000, 0x000000008dd00000, 0x000000008de00000|  0%| F|  |TAMS 0x000000008dd00000| PB 0x000000008dd00000| Untracked 
| 222|0x000000008de00000, 0x000000008de00000, 0x000000008df00000|  0%| F|  |TAMS 0x000000008de00000| PB 0x000000008de00000| Untracked 
| 223|0x000000008df00000, 0x000000008df00000, 0x000000008e000000|  0%| F|  |TAMS 0x000000008df00000| PB 0x000000008df00000| Untracked 
| 224|0x000000008e000000, 0x000000008e000000, 0x000000008e100000|  0%| F|  |TAMS 0x000000008e000000| PB 0x000000008e000000| Untracked 
| 225|0x000000008e100000, 0x000000008e100000, 0x000000008e200000|  0%| F|  |TAMS 0x000000008e100000| PB 0x000000008e100000| Untracked 
| 226|0x000000008e200000, 0x000000008e200000, 0x000000008e300000|  0%| F|  |TAMS 0x000000008e200000| PB 0x000000008e200000| Untracked 
| 227|0x000000008e300000, 0x000000008e400000, 0x000000008e400000|100%| E|  |TAMS 0x000000008e300000| PB 0x000000008e300000| Complete 
| 228|0x000000008e400000, 0x000000008e500000, 0x000000008e500000|100%| E|CS|TAMS 0x000000008e400000| PB 0x000000008e400000| Complete 
| 229|0x000000008e500000, 0x000000008e600000, 0x000000008e600000|100%| E|CS|TAMS 0x000000008e500000| PB 0x000000008e500000| Complete 
| 230|0x000000008e600000, 0x000000008e700000, 0x000000008e700000|100%| E|CS|TAMS 0x000000008e600000| PB 0x000000008e600000| Complete 
| 231|0x000000008e700000, 0x000000008e800000, 0x000000008e800000|100%| E|CS|TAMS 0x000000008e700000| PB 0x000000008e700000| Complete 
| 232|0x000000008e800000, 0x000000008e900000, 0x000000008e900000|100%| E|CS|TAMS 0x000000008e800000| PB 0x000000008e800000| Complete 
| 233|0x000000008e900000, 0x000000008ea00000, 0x000000008ea00000|100%| E|CS|TAMS 0x000000008e900000| PB 0x000000008e900000| Complete 
| 234|0x000000008ea00000, 0x000000008eb00000, 0x000000008eb00000|100%| E|CS|TAMS 0x000000008ea00000| PB 0x000000008ea00000| Complete 
| 235|0x000000008eb00000, 0x000000008ec00000, 0x000000008ec00000|100%| E|CS|TAMS 0x000000008eb00000| PB 0x000000008eb00000| Complete 
| 236|0x000000008ec00000, 0x000000008ed00000, 0x000000008ed00000|100%| E|CS|TAMS 0x000000008ec00000| PB 0x000000008ec00000| Complete 
| 237|0x000000008ed00000, 0x000000008ee00000, 0x000000008ee00000|100%| E|CS|TAMS 0x000000008ed00000| PB 0x000000008ed00000| Complete 
| 238|0x000000008ee00000, 0x000000008ef00000, 0x000000008ef00000|100%| E|CS|TAMS 0x000000008ee00000| PB 0x000000008ee00000| Complete 
| 239|0x000000008ef00000, 0x000000008f000000, 0x000000008f000000|100%| E|CS|TAMS 0x000000008ef00000| PB 0x000000008ef00000| Complete 
| 240|0x000000008f000000, 0x000000008f100000, 0x000000008f100000|100%| E|CS|TAMS 0x000000008f000000| PB 0x000000008f000000| Complete 
| 241|0x000000008f100000, 0x000000008f200000, 0x000000008f200000|100%| E|CS|TAMS 0x000000008f100000| PB 0x000000008f100000| Complete 
| 242|0x000000008f200000, 0x000000008f300000, 0x000000008f300000|100%| E|CS|TAMS 0x000000008f200000| PB 0x000000008f200000| Complete 
| 243|0x000000008f300000, 0x000000008f400000, 0x000000008f400000|100%| E|CS|TAMS 0x000000008f300000| PB 0x000000008f300000| Complete 
| 244|0x000000008f400000, 0x000000008f500000, 0x000000008f500000|100%| E|CS|TAMS 0x000000008f400000| PB 0x000000008f400000| Complete 
| 245|0x000000008f500000, 0x000000008f600000, 0x000000008f600000|100%| E|CS|TAMS 0x000000008f500000| PB 0x000000008f500000| Complete 
| 246|0x000000008f600000, 0x000000008f700000, 0x000000008f700000|100%| E|CS|TAMS 0x000000008f600000| PB 0x000000008f600000| Complete 
| 247|0x000000008f700000, 0x000000008f800000, 0x000000008f800000|100%| E|CS|TAMS 0x000000008f700000| PB 0x000000008f700000| Complete 
| 248|0x000000008f800000, 0x000000008f900000, 0x000000008f900000|100%| E|CS|TAMS 0x000000008f800000| PB 0x000000008f800000| Complete 
| 249|0x000000008f900000, 0x000000008fa00000, 0x000000008fa00000|100%| E|CS|TAMS 0x000000008f900000| PB 0x000000008f900000| Complete 
|2034|0x00000000ff200000, 0x00000000ff300000, 0x00000000ff300000|100%| O|  |TAMS 0x00000000ff200000| PB 0x00000000ff200000| Untracked 
|2035|0x00000000ff300000, 0x00000000ff400000, 0x00000000ff400000|100%| O|  |TAMS 0x00000000ff300000| PB 0x00000000ff300000| Untracked 
|2036|0x00000000ff400000, 0x00000000ff500000, 0x00000000ff500000|100%| E|CS|TAMS 0x00000000ff400000| PB 0x00000000ff400000| Complete 
|2037|0x00000000ff500000, 0x00000000ff600000, 0x00000000ff600000|100%| E|CS|TAMS 0x00000000ff500000| PB 0x00000000ff500000| Complete 
|2038|0x00000000ff600000, 0x00000000ff700000, 0x00000000ff700000|100%| E|CS|TAMS 0x00000000ff600000| PB 0x00000000ff600000| Complete 
|2039|0x00000000ff700000, 0x00000000ff800000, 0x00000000ff800000|100%| O|  |TAMS 0x00000000ff700000| PB 0x00000000ff700000| Untracked 
|2040|0x00000000ff800000, 0x00000000ff900000, 0x00000000ff900000|100%| E|CS|TAMS 0x00000000ff800000| PB 0x00000000ff800000| Complete 
|2041|0x00000000ff900000, 0x00000000ffa00000, 0x00000000ffa00000|100%| O|  |TAMS 0x00000000ff900000| PB 0x00000000ff900000| Untracked 
|2042|0x00000000ffa00000, 0x00000000ffb00000, 0x00000000ffb00000|100%| E|CS|TAMS 0x00000000ffa00000| PB 0x00000000ffa00000| Complete 
|2043|0x00000000ffb00000, 0x00000000ffc00000, 0x00000000ffc00000|100%| O|  |TAMS 0x00000000ffb00000| PB 0x00000000ffb00000| Untracked 
|2044|0x00000000ffc00000, 0x00000000ffd00000, 0x00000000ffd00000|100%| O|  |TAMS 0x00000000ffc00000| PB 0x00000000ffc00000| Untracked 
|2045|0x00000000ffd00000, 0x00000000ffe00000, 0x00000000ffe00000|100%| O|  |TAMS 0x00000000ffd00000| PB 0x00000000ffd00000| Untracked 
|2046|0x00000000ffe00000, 0x00000000fff00000, 0x00000000fff00000|100%| E|CS|TAMS 0x00000000ffe00000| PB 0x00000000ffe00000| Complete 
|2047|0x00000000fff00000, 0x0000000100000000, 0x0000000100000000|100%| O|  |TAMS 0x00000000fff00000| PB 0x00000000fff00000| Untracked 

Card table byte_map: [0x000001fa161e0000,0x000001fa165e0000] _byte_map_base: 0x000001fa15de0000

Marking Bits: (CMBitMap*) 0x000001fa03d064d0
 Bits: [0x000001fa165e0000, 0x000001fa185e0000)

Polling page: 0x000001fa01ec0000

Metaspace:

Usage:
  Non-class:    109.00 MB used.
      Class:     17.09 MB used.
       Both:    126.08 MB used.

Virtual space:
  Non-class space:      128.00 MB reserved,     110.12 MB ( 86%) committed,  2 nodes.
      Class space:        1.00 GB reserved,      18.06 MB (  2%) committed,  1 nodes.
             Both:        1.12 GB reserved,     128.19 MB ( 11%) committed. 

Chunk freelists:
   Non-Class:  1.38 MB
       Class:  13.86 MB
        Both:  15.23 MB

MaxMetaspaceSize: unlimited
CompressedClassSpaceSize: 1.00 GB
Initial GC threshold: 21.00 MB
Current GC threshold: 196.06 MB
CDS: off
 - commit_granule_bytes: 65536.
 - commit_granule_words: 8192.
 - virtual_space_node_default_size: 8388608.
 - enlarge_chunks_in_place: 1.
 - use_allocation_guard: 0.


Internal statistics:

num_allocs_failed_limit: 6.
num_arena_births: 4138.
num_arena_deaths: 0.
num_vsnodes_births: 3.
num_vsnodes_deaths: 0.
num_space_committed: 2050.
num_space_uncommitted: 0.
num_chunks_returned_to_freelist: 6.
num_chunks_taken_from_freelist: 9306.
num_chunk_merges: 6.
num_chunk_splits: 6366.
num_chunks_enlarged: 4290.
num_inconsistent_stats: 0.

CodeHeap 'non-profiled nmethods': size=120000Kb used=5709Kb max_used=5709Kb free=114290Kb
 bounds [0x000001fa0e8b0000, 0x000001fa0ee50000, 0x000001fa15de0000]
CodeHeap 'profiled nmethods': size=120000Kb used=18699Kb max_used=18699Kb free=101300Kb
 bounds [0x000001fa06de0000, 0x000001fa08030000, 0x000001fa0e310000]
CodeHeap 'non-nmethods': size=5760Kb used=2069Kb max_used=2106Kb free=3691Kb
 bounds [0x000001fa0e310000, 0x000001fa0e580000, 0x000001fa0e8b0000]
CodeCache: size=245760Kb, used=26477Kb, max_used=26514Kb, free=219281Kb
 total_blobs=10874, nmethods=9930, adapters=848, full_count=0
Compilation: enabled, stopped_count=0, restarted_count=0

Compilation events (20 events):
Event: 72.645 Thread 0x000001fa1f085320 11885       4       jdk.internal.jimage.ImageLocation::readValue (61 bytes)
Event: 72.654 Thread 0x000001fa1f085320 nmethod 11885 0x000001fa0ee40410 code [0x000001fa0ee405a0, 0x000001fa0ee40788]
Event: 72.654 Thread 0x000001fa1f085320 11888 %     4       jdk.internal.jrtfs.JrtPath::normalize @ 15 (97 bytes)
Event: 72.658 Thread 0x000001fa1f085320 nmethod 11888% 0x000001fa0ee40910 code [0x000001fa0ee40ac0, 0x000001fa0ee40d60]
Event: 72.658 Thread 0x000001fa1f085320 11886       4       jdk.internal.jimage.ImageLocation::getAttribute (44 bytes)
Event: 72.658 Thread 0x000001fa1f085320 nmethod 11886 0x000001fa0ee41010 code [0x000001fa0ee411a0, 0x000001fa0ee41288]
Event: 72.658 Thread 0x000001fa1f085320 11860       4       org.jetbrains.kotlin.com.intellij.openapi.vfs.VirtualFile::getExtension (24 bytes)
Event: 72.678 Thread 0x000001fa1f085320 nmethod 11860 0x000001fa0ee41390 code [0x000001fa0ee41580, 0x000001fa0ee41fa8]
Event: 72.678 Thread 0x000001fa1f085320 11861       4       kotlin.text.StringsKt__StringsJVMKt::replace$default (17 bytes)
Event: 72.690 Thread 0x000001fa1f086dd0 11889       3       org.jetbrains.kotlin.load.java.structure.impl.classFiles.BinaryJavaClass::isEnum (8 bytes)
Event: 72.690 Thread 0x000001fa1f086dd0 nmethod 11889 0x000001fa08022090 code [0x000001fa08022240, 0x000001fa080224f0]
Event: 72.696 Thread 0x000001fa1f086dd0 11890       1       org.jetbrains.kotlin.load.java.structure.impl.classFiles.BinaryJavaMethodBase$Companion$MethodInfo::getReturnType (5 bytes)
Event: 72.696 Thread 0x000001fa1f086dd0 nmethod 11890 0x000001fa0ee42310 code [0x000001fa0ee424a0, 0x000001fa0ee42568]
Event: 72.697 Thread 0x000001fa1f086dd0 11891       3       kotlin.collections.ArraysKt___ArraysKt::toSet (70 bytes)
Event: 72.698 Thread 0x000001fa1f086dd0 nmethod 11891 0x000001fa08022610 code [0x000001fa08022900, 0x000001fa08023518]
Event: 72.698 Thread 0x000001fa1f086dd0 11892       3       kotlin.collections.SetsKt__SetsKt::setOf (11 bytes)
Event: 72.698 Thread 0x000001fa1f086dd0 nmethod 11892 0x000001fa08023990 code [0x000001fa08023bc0, 0x000001fa08024158]
Event: 72.700 Thread 0x000001fa1f085320 nmethod 11861 0x000001fa0ee42610 code [0x000001fa0ee427e0, 0x000001fa0ee42f30]
Event: 72.701 Thread 0x000001fa1f085320 11887       4       java.util.Spliterators$1Adapter::accept (11 bytes)
Event: 72.702 Thread 0x000001fa1f085320 nmethod 11887 0x000001fa0ee43390 code [0x000001fa0ee43520, 0x000001fa0ee43680]

GC Heap History (20 events):
Event: 54.056 GC heap before
{Heap before GC invocations=47 (full 0):
 garbage-first heap   total 138240K, used 128530K [0x0000000080000000, 0x0000000100000000)
  region size 1024K, 48 young (49152K), 5 survivors (5120K)
 Metaspace       used 98695K, committed 100864K, reserved 1179648K
  class space    used 13755K, committed 14784K, reserved 1048576K
}
Event: 54.083 GC heap after
{Heap after GC invocations=48 (full 0):
 garbage-first heap   total 138240K, used 85476K [0x0000000080000000, 0x0000000100000000)
  region size 1024K, 4 young (4096K), 4 survivors (4096K)
 Metaspace       used 98695K, committed 100864K, reserved 1179648K
  class space    used 13755K, committed 14784K, reserved 1048576K
}
Event: 56.613 GC heap before
{Heap before GC invocations=48 (full 0):
 garbage-first heap   total 138240K, used 129508K [0x0000000080000000, 0x0000000100000000)
  region size 1024K, 47 young (48128K), 4 survivors (4096K)
 Metaspace       used 105891K, committed 108096K, reserved 1179648K
  class space    used 15119K, committed 16128K, reserved 1048576K
}
Event: 56.633 GC heap after
{Heap after GC invocations=49 (full 0):
 garbage-first heap   total 138240K, used 87241K [0x0000000080000000, 0x0000000100000000)
  region size 1024K, 3 young (3072K), 3 survivors (3072K)
 Metaspace       used 105891K, committed 108096K, reserved 1179648K
  class space    used 15119K, committed 16128K, reserved 1048576K
}
Event: 57.809 GC heap before
{Heap before GC invocations=50 (full 0):
 garbage-first heap   total 147456K, used 129225K [0x0000000080000000, 0x0000000100000000)
  region size 1024K, 44 young (45056K), 3 survivors (3072K)
 Metaspace       used 107485K, committed 109696K, reserved 1179648K
  class space    used 15325K, committed 16384K, reserved 1048576K
}
Event: 57.847 GC heap after
{Heap after GC invocations=51 (full 0):
 garbage-first heap   total 147456K, used 101263K [0x0000000080000000, 0x0000000100000000)
  region size 1024K, 6 young (6144K), 6 survivors (6144K)
 Metaspace       used 107485K, committed 109696K, reserved 1179648K
  class space    used 15325K, committed 16384K, reserved 1048576K
}
Event: 58.245 GC heap before
{Heap before GC invocations=51 (full 0):
 garbage-first heap   total 147456K, used 129935K [0x0000000080000000, 0x0000000100000000)
  region size 1024K, 34 young (34816K), 6 survivors (6144K)
 Metaspace       used 107496K, committed 109696K, reserved 1179648K
  class space    used 15327K, committed 16384K, reserved 1048576K
}
Event: 58.270 GC heap after
{Heap after GC invocations=52 (full 0):
 garbage-first heap   total 150528K, used 113152K [0x0000000080000000, 0x0000000100000000)
  region size 1024K, 5 young (5120K), 5 survivors (5120K)
 Metaspace       used 107496K, committed 109696K, reserved 1179648K
  class space    used 15327K, committed 16384K, reserved 1048576K
}
Event: 58.675 GC heap before
{Heap before GC invocations=52 (full 0):
 garbage-first heap   total 150528K, used 132608K [0x0000000080000000, 0x0000000100000000)
  region size 1024K, 24 young (24576K), 5 survivors (5120K)
 Metaspace       used 107497K, committed 109696K, reserved 1179648K
  class space    used 15327K, committed 16384K, reserved 1048576K
}
Event: 58.699 GC heap after
{Heap after GC invocations=53 (full 0):
 garbage-first heap   total 150528K, used 121856K [0x0000000080000000, 0x0000000100000000)
  region size 1024K, 3 young (3072K), 3 survivors (3072K)
 Metaspace       used 107497K, committed 109696K, reserved 1179648K
  class space    used 15327K, committed 16384K, reserved 1048576K
}
Event: 60.203 GC heap before
{Heap before GC invocations=54 (full 0):
 garbage-first heap   total 204800K, used 137216K [0x0000000080000000, 0x0000000100000000)
  region size 1024K, 17 young (17408K), 3 survivors (3072K)
 Metaspace       used 107977K, committed 110080K, reserved 1179648K
  class space    used 15372K, committed 16384K, reserved 1048576K
}
Event: 60.226 GC heap after
{Heap after GC invocations=55 (full 0):
 garbage-first heap   total 204800K, used 127488K [0x0000000080000000, 0x0000000100000000)
  region size 1024K, 3 young (3072K), 3 survivors (3072K)
 Metaspace       used 107977K, committed 110080K, reserved 1179648K
  class space    used 15372K, committed 16384K, reserved 1048576K
}
Event: 63.391 GC heap before
{Heap before GC invocations=55 (full 0):
 garbage-first heap   total 204800K, used 162304K [0x0000000080000000, 0x0000000100000000)
  region size 1024K, 38 young (38912K), 3 survivors (3072K)
 Metaspace       used 113142K, committed 115328K, reserved 1179648K
  class space    used 15872K, committed 16896K, reserved 1048576K
}
Event: 63.404 GC heap after
{Heap after GC invocations=56 (full 0):
 garbage-first heap   total 204800K, used 128919K [0x0000000080000000, 0x0000000100000000)
  region size 1024K, 2 young (2048K), 2 survivors (2048K)
 Metaspace       used 113142K, committed 115328K, reserved 1179648K
  class space    used 15872K, committed 16896K, reserved 1048576K
}
Event: 65.218 GC heap before
{Heap before GC invocations=56 (full 0):
 garbage-first heap   total 204800K, used 167831K [0x0000000080000000, 0x0000000100000000)
  region size 1024K, 40 young (40960K), 2 survivors (2048K)
 Metaspace       used 117001K, committed 119232K, reserved 1179648K
  class space    used 16301K, committed 17344K, reserved 1048576K
}
Event: 65.232 GC heap after
{Heap after GC invocations=57 (full 0):
 garbage-first heap   total 204800K, used 132521K [0x0000000080000000, 0x0000000100000000)
  region size 1024K, 5 young (5120K), 5 survivors (5120K)
 Metaspace       used 117001K, committed 119232K, reserved 1179648K
  class space    used 16301K, committed 17344K, reserved 1048576K
}
Event: 68.584 GC heap before
{Heap before GC invocations=58 (full 0):
 garbage-first heap   total 222208K, used 171433K [0x0000000080000000, 0x0000000100000000)
  region size 1024K, 44 young (45056K), 5 survivors (5120K)
 Metaspace       used 122367K, committed 124544K, reserved 1179648K
  class space    used 16815K, committed 17856K, reserved 1048576K
}
Event: 68.626 GC heap after
{Heap after GC invocations=59 (full 0):
 garbage-first heap   total 222208K, used 134479K [0x0000000080000000, 0x0000000100000000)
  region size 1024K, 2 young (2048K), 2 survivors (2048K)
 Metaspace       used 122367K, committed 124544K, reserved 1179648K
  class space    used 16815K, committed 17856K, reserved 1048576K
}
Event: 71.219 GC heap before
{Heap before GC invocations=59 (full 0):
 garbage-first heap   total 222208K, used 185679K [0x0000000080000000, 0x0000000100000000)
  region size 1024K, 53 young (54272K), 2 survivors (2048K)
 Metaspace       used 128472K, committed 130688K, reserved 1179648K
  class space    used 17457K, committed 18496K, reserved 1048576K
}
Event: 71.239 GC heap after
{Heap after GC invocations=60 (full 0):
 garbage-first heap   total 270336K, used 137839K [0x0000000080000000, 0x0000000100000000)
  region size 1024K, 6 young (6144K), 6 survivors (6144K)
 Metaspace       used 128472K, committed 130688K, reserved 1179648K
  class space    used 17457K, committed 18496K, reserved 1048576K
}

Dll operation events (3 events):
Event: 0.050 Loaded shared library C:\Program Files\Android\Android Studio\jbr\bin\java.dll
Event: 0.087 Loaded shared library C:\Program Files\Android\Android Studio\jbr\bin\zip.dll
Event: 2.570 Loaded shared library C:\Program Files\Android\Android Studio\jbr\bin\verify.dll

Deoptimization events (20 events):
Event: 72.528 Thread 0x000001fa20696030 DEOPT PACKING pc=0x000001fa0ee28908 sp=0x0000004f17cef9a0
Event: 72.528 Thread 0x000001fa20696030 DEOPT UNPACKING pc=0x000001fa0e3643a2 sp=0x0000004f17cef930 mode 2
Event: 72.561 Thread 0x000001fa20696030 Uncommon trap: trap_request=0xffffffc6 fr.pc=0x000001fa0ee28908 relative=0x00000000000017e8
Event: 72.561 Thread 0x000001fa20696030 Uncommon trap: reason=bimorphic_or_optimized_type_check action=maybe_recompile pc=0x000001fa0ee28908 method=org.jetbrains.org.objectweb.asm.ClassReader.readElementValue(Lorg/jetbrains/org/objectweb/asm/AnnotationVisitor;ILjava/lang/String;[C)I @ 485 c2
Event: 72.561 Thread 0x000001fa20696030 DEOPT PACKING pc=0x000001fa0ee28908 sp=0x0000004f17cef9a0
Event: 72.561 Thread 0x000001fa20696030 DEOPT UNPACKING pc=0x000001fa0e3643a2 sp=0x0000004f17cef930 mode 2
Event: 72.562 Thread 0x000001fa20696030 Uncommon trap: trap_request=0xffffffc6 fr.pc=0x000001fa0ee28908 relative=0x00000000000017e8
Event: 72.562 Thread 0x000001fa20696030 Uncommon trap: reason=bimorphic_or_optimized_type_check action=maybe_recompile pc=0x000001fa0ee28908 method=org.jetbrains.org.objectweb.asm.ClassReader.readElementValue(Lorg/jetbrains/org/objectweb/asm/AnnotationVisitor;ILjava/lang/String;[C)I @ 485 c2
Event: 72.562 Thread 0x000001fa20696030 DEOPT PACKING pc=0x000001fa0ee28908 sp=0x0000004f17cef9a0
Event: 72.562 Thread 0x000001fa20696030 DEOPT UNPACKING pc=0x000001fa0e3643a2 sp=0x0000004f17cef930 mode 2
Event: 72.562 Thread 0x000001fa20696030 DEOPT PACKING pc=0x000001fa07f6ccc8 sp=0x0000004f17cf0310
Event: 72.562 Thread 0x000001fa20696030 DEOPT UNPACKING pc=0x000001fa0e364b42 sp=0x0000004f17cef7e8 mode 0
Event: 72.564 Thread 0x000001fa20696030 Uncommon trap: trap_request=0xffffffc6 fr.pc=0x000001fa0ee28908 relative=0x00000000000017e8
Event: 72.564 Thread 0x000001fa20696030 Uncommon trap: reason=bimorphic_or_optimized_type_check action=maybe_recompile pc=0x000001fa0ee28908 method=org.jetbrains.org.objectweb.asm.ClassReader.readElementValue(Lorg/jetbrains/org/objectweb/asm/AnnotationVisitor;ILjava/lang/String;[C)I @ 485 c2
Event: 72.564 Thread 0x000001fa20696030 DEOPT PACKING pc=0x000001fa0ee28908 sp=0x0000004f17cef9a0
Event: 72.564 Thread 0x000001fa20696030 DEOPT UNPACKING pc=0x000001fa0e3643a2 sp=0x0000004f17cef930 mode 2
Event: 72.699 Thread 0x000001fa20696030 Uncommon trap: trap_request=0xffffff45 fr.pc=0x000001fa0ee3d9dc relative=0x00000000000013dc
Event: 72.699 Thread 0x000001fa20696030 Uncommon trap: reason=unstable_if action=reinterpret pc=0x000001fa0ee3d9dc method=org.jetbrains.org.objectweb.asm.ClassReader.readElementValue(Lorg/jetbrains/org/objectweb/asm/AnnotationVisitor;ILjava/lang/String;[C)I @ 102 c2
Event: 72.699 Thread 0x000001fa20696030 DEOPT PACKING pc=0x000001fa0ee3d9dc sp=0x0000004f17cf0410
Event: 72.699 Thread 0x000001fa20696030 DEOPT UNPACKING pc=0x000001fa0e3643a2 sp=0x0000004f17cf03b0 mode 2

Classes loaded (20 events):
Event: 57.330 Loading class java/beans/PropertyChangeSupport
Event: 57.334 Loading class java/beans/PropertyChangeSupport done
Event: 57.334 Loading class java/beans/PropertyChangeSupport$PropertyChangeListenerMap
Event: 57.335 Loading class java/beans/ChangeListenerMap
Event: 57.338 Loading class java/beans/ChangeListenerMap done
Event: 57.338 Loading class java/beans/PropertyChangeSupport$PropertyChangeListenerMap done
Event: 57.338 Loading class java/beans/PropertyChangeListener
Event: 57.338 Loading class java/beans/PropertyChangeListener done
Event: 59.857 Loading class java/util/regex/Pattern$Bound
Event: 59.870 Loading class java/util/regex/Pattern$Bound done
Event: 60.508 Loading class java/io/NotSerializableException
Event: 60.513 Loading class java/io/NotSerializableException done
Event: 60.529 Loading class java/util/function/IntUnaryOperator
Event: 60.547 Loading class java/util/function/IntUnaryOperator done
Event: 69.284 Loading class java/text/StringCharacterIterator
Event: 69.295 Loading class java/text/CharacterIterator
Event: 69.298 Loading class java/text/CharacterIterator done
Event: 69.298 Loading class java/text/StringCharacterIterator done
Event: 69.990 Loading class java/util/PriorityQueue
Event: 69.996 Loading class java/util/PriorityQueue done

Classes unloaded (0 events):
No events

Classes redefined (0 events):
No events

Internal exceptions (20 events):
Event: 51.819 Thread 0x000001fa20696030 Exception <a 'java/lang/NoSuchMethodError'{0x00000000868b6768}: 'void java.lang.invoke.DirectMethodHandle$Holder.invokeStaticInit(java.lang.Object)'> (0x00000000868b6768) 
thrown [s\src\hotspot\share\interpreter\linkResolver.cpp, line 784]
Event: 52.062 Thread 0x000001fa20696030 Exception <a 'java/lang/NoSuchMethodError'{0x000000008678b3e0}: 'void java.lang.invoke.DelegatingMethodHandle$Holder.reinvoke_L(java.lang.Object, java.lang.Object, java.lang.Object, long, java.lang.Object)'> (0x000000008678b3e0) 
thrown [s\src\hotspot\share\interpreter\linkResolver.cpp, line 784]
Event: 52.063 Thread 0x000001fa20696030 Exception <a 'java/lang/NoSuchMethodError'{0x0000000086793570}: 'java.lang.Object java.lang.invoke.DirectMethodHandle$Holder.invokeSpecial(java.lang.Object, java.lang.Object, java.lang.Object, java.lang.Object, long)'> (0x0000000086793570) 
thrown [s\src\hotspot\share\interpreter\linkResolver.cpp, line 784]
Event: 52.067 Thread 0x000001fa20696030 Exception <a 'java/lang/NoSuchMethodError'{0x00000000867a30f0}: 'int java.lang.invoke.DelegatingMethodHandle$Holder.reinvoke_L(java.lang.Object, java.lang.Object, java.lang.Object, long, java.lang.Object, java.lang.Object)'> (0x00000000867a30f0) 
thrown [s\src\hotspot\share\interpreter\linkResolver.cpp, line 784]
Event: 52.070 Thread 0x000001fa20696030 Exception <a 'java/lang/NoSuchMethodError'{0x00000000867b2580}: 'int java.lang.invoke.DelegatingMethodHandle$Holder.reinvoke_L(java.lang.Object, java.lang.Object, java.lang.Object, long, int, int)'> (0x00000000867b2580) 
thrown [s\src\hotspot\share\interpreter\linkResolver.cpp, line 784]
Event: 52.072 Thread 0x000001fa20696030 Exception <a 'java/lang/NoSuchMethodError'{0x00000000867c17c0}: 'int java.lang.invoke.DelegatingMethodHandle$Holder.reinvoke_L(java.lang.Object, java.lang.Object, java.lang.Object, long, long, long)'> (0x00000000867c17c0) 
thrown [s\src\hotspot\share\interpreter\linkResolver.cpp, line 784]
Event: 52.074 Thread 0x000001fa20696030 Exception <a 'java/lang/NoSuchMethodError'{0x00000000867d06a8}: 'int java.lang.invoke.DelegatingMethodHandle$Holder.reinvoke_L(java.lang.Object, java.lang.Object, java.lang.Object, long, int)'> (0x00000000867d06a8) 
thrown [s\src\hotspot\share\interpreter\linkResolver.cpp, line 784]
Event: 52.075 Thread 0x000001fa20696030 Exception <a 'java/lang/NoSuchMethodError'{0x00000000867e35c8}: 'void java.lang.invoke.DelegatingMethodHandle$Holder.reinvoke_L(java.lang.Object, java.lang.Object, java.lang.Object, long, java.lang.Object, long, long)'> (0x00000000867e35c8) 
thrown [s\src\hotspot\share\interpreter\linkResolver.cpp, line 784]
Event: 55.644 Thread 0x000001fa20696030 Exception <a 'java/lang/NoSuchMethodError'{0x00000000863f2d90}: 'java.lang.Object java.lang.invoke.DirectMethodHandle$Holder.invokeStatic(java.lang.Object, java.lang.Object, java.lang.Object, java.lang.Object, int, java.lang.Object)'> (0x00000000863f2d90) 
thrown [s\src\hotspot\share\interpreter\linkResolver.cpp, line 784]
Event: 55.942 Thread 0x000001fa20696030 Exception <a 'java/lang/NoSuchMethodError'{0x000000008615e368}: 'long java.lang.invoke.DirectMethodHandle$Holder.invokeStatic(java.lang.Object, java.lang.Object, int)'> (0x000000008615e368) 
thrown [s\src\hotspot\share\interpreter\linkResolver.cpp, line 784]
Event: 55.950 Thread 0x000001fa20696030 Exception <a 'java/lang/NoSuchMethodError'{0x000000008616a6d8}: 'java.lang.Object java.lang.invoke.DelegatingMethodHandle$Holder.reinvoke_L(java.lang.Object, int, long, java.lang.Object, java.lang.Object, int, java.lang.Object)'> (0x000000008616a6d8) 
thrown [s\src\hotspot\share\interpreter\linkResolver.cpp, line 784]
Event: 57.094 Thread 0x000001fa20696030 Exception <a 'java/lang/NoSuchMethodError'{0x000000008839ff10}: 'java.lang.Object java.lang.invoke.Invokers$Holder.invokeExact_MT(java.lang.Object, java.lang.Object, long, java.lang.Object)'> (0x000000008839ff10) 
thrown [s\src\hotspot\share\interpreter\linkResolver.cpp, line 784]
Event: 57.127 Thread 0x000001fa2061a100 Exception <a 'sun/nio/fs/WindowsException'{0x0000000088285d60}> (0x0000000088285d60) 
thrown [s\src\hotspot\share\prims\jni.cpp, line 537]
Event: 57.382 Thread 0x000001fa20696030 Exception <a 'java/lang/NoSuchMethodError'{0x0000000087a59b30}: 'java.lang.Object java.lang.invoke.DirectMethodHandle$Holder.invokeStatic(java.lang.Object, java.lang.Object, long, long)'> (0x0000000087a59b30) 
thrown [s\src\hotspot\share\interpreter\linkResolver.cpp, line 784]
Event: 57.410 Thread 0x000001fa20696030 Exception <a 'java/lang/NoSuchMethodError'{0x0000000087aac6c0}: 'java.lang.Object java.lang.invoke.DirectMethodHandle$Holder.invokeStatic(java.lang.Object, java.lang.Object, java.lang.Object, long, java.lang.Object)'> (0x0000000087aac6c0) 
thrown [s\src\hotspot\share\interpreter\linkResolver.cpp, line 784]
Event: 57.411 Thread 0x000001fa20696030 Exception <a 'java/lang/NoSuchMethodError'{0x0000000087ab49a8}: 'java.lang.Object java.lang.invoke.DirectMethodHandle$Holder.newInvokeSpecial(java.lang.Object, java.lang.Object, java.lang.Object, long)'> (0x0000000087ab49a8) 
thrown [s\src\hotspot\share\interpreter\linkResolver.cpp, line 784]
Event: 57.411 Thread 0x000001fa20696030 Exception <a 'java/lang/NoSuchMethodError'{0x0000000087ab9978}: 'java.lang.Object java.lang.invoke.Invokers$Holder.linkToTargetMethod(java.lang.Object, java.lang.Object, long, java.lang.Object)'> (0x0000000087ab9978) 
thrown [s\src\hotspot\share\interpreter\linkResolver.cpp, line 784]
Event: 57.868 Thread 0x000001fa20696030 Implicit null exception at 0x000001fa0ea46767 to 0x000001fa0ea46b70
Event: 57.897 Thread 0x000001fa20696030 Implicit null exception at 0x000001fa0ebe4b72 to 0x000001fa0ebe5678
Event: 67.178 Thread 0x000001fa2061a100 Exception <a 'sun/nio/fs/WindowsException'{0x000000008c268588}> (0x000000008c268588) 
thrown [s\src\hotspot\share\prims\jni.cpp, line 537]

ZGC Phase Switch (0 events):
No events

VM Operations (20 events):
Event: 65.218 Executing safepoint VM operation: G1CollectForAllocation (G1 Evacuation Pause)
Event: 65.232 Executing safepoint VM operation: G1CollectForAllocation (G1 Evacuation Pause) done
Event: 66.120 Executing safepoint VM operation: G1PauseRemark
Event: 66.254 Executing safepoint VM operation: G1PauseRemark done
Event: 66.400 Executing safepoint VM operation: G1PauseCleanup
Event: 66.401 Executing safepoint VM operation: G1PauseCleanup done
Event: 67.401 Executing safepoint VM operation: Cleanup
Event: 67.401 Executing safepoint VM operation: Cleanup done
Event: 67.914 Executing non-safepoint VM operation: HandshakeAllThreads (Deoptimize)
Event: 67.914 Executing non-safepoint VM operation: HandshakeAllThreads (Deoptimize) done
Event: 68.583 Executing safepoint VM operation: G1CollectForAllocation (G1 Evacuation Pause)
Event: 68.626 Executing safepoint VM operation: G1CollectForAllocation (G1 Evacuation Pause) done
Event: 69.627 Executing safepoint VM operation: Cleanup
Event: 69.627 Executing safepoint VM operation: Cleanup done
Event: 71.120 Executing non-safepoint VM operation: HandshakeAllThreads (Deoptimize)
Event: 71.120 Executing non-safepoint VM operation: HandshakeAllThreads (Deoptimize) done
Event: 71.120 Executing safepoint VM operation: Cleanup
Event: 71.120 Executing safepoint VM operation: Cleanup done
Event: 71.219 Executing safepoint VM operation: G1CollectForAllocation (G1 Evacuation Pause)
Event: 71.239 Executing safepoint VM operation: G1CollectForAllocation (G1 Evacuation Pause) done

Memory protections (0 events):
No events

Nmethod flushes (20 events):
Event: 66.234 Thread 0x000001fa1aad8020 flushing  nmethod 0x000001fa07db6e90
Event: 66.234 Thread 0x000001fa1aad8020 flushing  nmethod 0x000001fa0e9bd910
Event: 66.234 Thread 0x000001fa1aad8020 flushing  nmethod 0x000001fa0ebe3e10
Event: 66.234 Thread 0x000001fa1aad8020 flushing  nmethod 0x000001fa0ebe4690
Event: 66.234 Thread 0x000001fa1aad8020 flushing  nmethod 0x000001fa0ed07c90
Event: 66.234 Thread 0x000001fa1aad8020 flushing  nmethod 0x000001fa06e87b10
Event: 66.234 Thread 0x000001fa1aad8020 flushing  nmethod 0x000001fa06f54590
Event: 66.234 Thread 0x000001fa1aad8020 flushing  nmethod 0x000001fa07011e10
Event: 66.234 Thread 0x000001fa1aad8020 flushing  nmethod 0x000001fa07101490
Event: 66.234 Thread 0x000001fa1aad8020 flushing  nmethod 0x000001fa071f4c90
Event: 66.234 Thread 0x000001fa1aad8020 flushing  nmethod 0x000001fa0720a910
Event: 66.234 Thread 0x000001fa1aad8020 flushing  nmethod 0x000001fa07353010
Event: 66.234 Thread 0x000001fa1aad8020 flushing  nmethod 0x000001fa07353910
Event: 66.234 Thread 0x000001fa1aad8020 flushing  nmethod 0x000001fa0746e790
Event: 66.234 Thread 0x000001fa1aad8020 flushing  nmethod 0x000001fa0750a490
Event: 66.234 Thread 0x000001fa1aad8020 flushing  nmethod 0x000001fa076d2d10
Event: 66.234 Thread 0x000001fa1aad8020 flushing  nmethod 0x000001fa077f8410
Event: 66.234 Thread 0x000001fa1aad8020 flushing  nmethod 0x000001fa07ac4710
Event: 66.234 Thread 0x000001fa1aad8020 flushing  nmethod 0x000001fa07c38990
Event: 66.234 Thread 0x000001fa1aad8020 flushing  nmethod 0x000001fa07dca290

Events (20 events):
Event: 9.141 Thread 0x000001fa20696030 Thread added: 0x000001fa204efa30
Event: 12.004 Thread 0x000001fa20696030 Thread added: 0x000001fa21f8ce20
Event: 12.034 Thread 0x000001fa20696030 Thread added: 0x000001fa21f8e1d0
Event: 12.487 Thread 0x000001fa20696030 Thread added: 0x000001fa21f8eef0
Event: 12.497 Thread 0x000001fa20696030 Thread added: 0x000001fa21f8db40
Event: 13.260 Thread 0x000001fa20696030 Thread added: 0x000001fa21f8f580
Event: 13.417 Thread 0x000001fa20696030 Thread added: 0x000001fa21f8c100
Event: 15.282 Thread 0x000001fa20696030 Thread added: 0x000001fa21f8d4b0
Event: 15.428 Thread 0x000001fa20696030 Thread added: 0x000001fa21f8c790
Event: 16.226 Thread 0x000001fa20696030 Thread added: 0x000001fa21f92a00
Event: 16.388 Thread 0x000001fa20696030 Thread added: 0x000001fa21f91650
Event: 17.798 Thread 0x000001fa20696030 Thread added: 0x000001fa21f93090
Event: 17.890 Thread 0x000001fa20696030 Thread added: 0x000001fa21f90930
Event: 20.238 Thread 0x000001fa20696030 Thread added: 0x000001fa21f902a0
Event: 20.246 Thread 0x000001fa20696030 Thread added: 0x000001fa21f90fc0
Event: 20.251 Thread 0x000001fa20696030 Thread added: 0x000001fa21f8fc10
Event: 20.787 Thread 0x000001fa20696030 Thread added: 0x000001fa21f93720
Event: 35.947 Thread 0x000001fa20696030 Thread added: 0x000001fa23287aa0
Event: 37.358 Thread 0x000001fa20696030 Thread added: 0x000001fa23288e50
Event: 40.726 Thread 0x000001fa20696030 Thread added: 0x000001fa232894e0


Dynamic libraries:
0x00007ff6e01b0000 - 0x00007ff6e01ba000 	C:\Program Files\Android\Android Studio\jbr\bin\java.exe
0x00007fffca560000 - 0x00007fffca7c7000 	C:\windows\SYSTEM32\ntdll.dll
0x00007fff96f30000 - 0x00007fff96f51000 	C:\Program Files\Avast Software\Avast\aswhook.dll
0x00007fffc9060000 - 0x00007fffc9129000 	C:\windows\System32\KERNEL32.DLL
0x00007fffc7ee0000 - 0x00007fffc82d7000 	C:\windows\System32\KERNELBASE.dll
0x00007fffc7cb0000 - 0x00007fffc7dfb000 	C:\windows\System32\ucrtbase.dll
0x00007fffa5940000 - 0x00007fffa5958000 	C:\Program Files\Android\Android Studio\jbr\bin\jli.dll
0x00007fffbf080000 - 0x00007fffbf09b000 	C:\Program Files\Android\Android Studio\jbr\bin\VCRUNTIME140.dll
0x00007fffc8d30000 - 0x00007fffc8ef6000 	C:\windows\System32\USER32.dll
0x00007fffc7eb0000 - 0x00007fffc7ed7000 	C:\windows\System32\win32u.dll
0x00007fffca0a0000 - 0x00007fffca0cb000 	C:\windows\System32\GDI32.dll
0x00007fffc6f90000 - 0x00007fffc70bc000 	C:\windows\System32\gdi32full.dll
0x00007fffc7b70000 - 0x00007fffc7c13000 	C:\windows\System32\msvcp_win.dll
0x00007fffad610000 - 0x00007fffad8a2000 	C:\windows\WinSxS\amd64_microsoft.windows.common-controls_6595b64144ccf1df_6.0.26100.8457_none_3e0b2faee331e92d\COMCTL32.dll
0x00007fffc83e0000 - 0x00007fffc8489000 	C:\windows\System32\msvcrt.dll
0x00007fffc8cf0000 - 0x00007fffc8d22000 	C:\windows\System32\IMM32.DLL
0x000000005aea0000 - 0x000000005aead000 	C:\Program Files (x86)\360\Total Security\safemon\SafeWrapper.dll
0x00007fffc9430000 - 0x00007fffc94e6000 	C:\windows\System32\ADVAPI32.dll
0x00007fffca0d0000 - 0x00007fffca177000 	C:\windows\System32\sechost.dll
0x00007fffc8bd0000 - 0x00007fffc8ce8000 	C:\windows\System32\RPCRT4.dll
0x00007fffc1c90000 - 0x00007fffc1d95000 	C:\Program Files (x86)\360\Total Security\safemon\libzdtp64.dll
0x00007fffc9920000 - 0x00007fffca08e000 	C:\windows\System32\SHELL32.dll
0x00007fffc8b60000 - 0x00007fffc8bc6000 	C:\windows\System32\SHLWAPI.dll
0x00007fffc7300000 - 0x00007fffc7b6c000 	C:\windows\System32\Windows.Storage.dll
0x00007fffca190000 - 0x00007fffca513000 	C:\windows\System32\combase.dll
0x00007fffc6a70000 - 0x00007fffc6a7b000 	C:\windows\SYSTEM32\VERSION.dll
0x00007fffbf2e0000 - 0x00007fffbf2ec000 	C:\Program Files\Android\Android Studio\jbr\bin\vcruntime140_1.dll
0x00007fff59ed0000 - 0x00007fff59f5d000 	C:\Program Files\Android\Android Studio\jbr\bin\msvcp140.dll
0x00007fff3c360000 - 0x00007fff3cff6000 	C:\Program Files\Android\Android Studio\jbr\bin\server\jvm.dll
0x00007fffc9890000 - 0x00007fffc9910000 	C:\windows\System32\WS2_32.dll
0x00007fffc6df0000 - 0x00007fffc6e4e000 	C:\windows\SYSTEM32\POWRPROF.dll
0x00007fffc3f10000 - 0x00007fffc3f46000 	C:\windows\SYSTEM32\WINMM.dll
0x00007fffc6dd0000 - 0x00007fffc6de4000 	C:\windows\SYSTEM32\UMPDC.dll
0x00007fffc5cb0000 - 0x00007fffc5ccb000 	C:\windows\SYSTEM32\kernel.appcore.dll
0x00007fffbf0c0000 - 0x00007fffbf0ca000 	C:\Program Files\Android\Android Studio\jbr\bin\jimage.dll
0x00007fffc4d50000 - 0x00007fffc4f92000 	C:\windows\SYSTEM32\DBGHELP.DLL
0x00007fffc9720000 - 0x00007fffc97f9000 	C:\windows\System32\OLEAUT32.dll
0x00007fffadb20000 - 0x00007fffadb5b000 	C:\windows\SYSTEM32\dbgcore.DLL
0x00007fffc7e00000 - 0x00007fffc7ea8000 	C:\windows\System32\bcryptPrimitives.dll
0x00007fffbf3b0000 - 0x00007fffbf3be000 	C:\Program Files\Android\Android Studio\jbr\bin\instrument.dll
0x00007fffa5620000 - 0x00007fffa5640000 	C:\Program Files\Android\Android Studio\jbr\bin\java.dll
0x00007fffa55b0000 - 0x00007fffa55c8000 	C:\Program Files\Android\Android Studio\jbr\bin\zip.dll
0x00007fffc82e0000 - 0x00007fffc83d6000 	C:\windows\System32\SHCORE.dll
0x00007fffc6eb0000 - 0x00007fffc6ed9000 	C:\windows\SYSTEM32\profapi.dll
0x00007fffb1a00000 - 0x00007fffb1a10000 	C:\Program Files\Android\Android Studio\jbr\bin\net.dll
0x00007fffb1ea0000 - 0x00007fffb1fc9000 	C:\windows\SYSTEM32\WINHTTP.dll
0x00007fffc6220000 - 0x00007fffc628c000 	C:\windows\system32\mswsock.dll
0x00007fffa1f50000 - 0x00007fffa1f66000 	C:\Program Files\Android\Android Studio\jbr\bin\nio.dll
0x00007fffa5e70000 - 0x00007fffa5e80000 	C:\Program Files\Android\Android Studio\jbr\bin\verify.dll
0x00007fff84c80000 - 0x00007fff84ca7000 	C:\Users\hcxys\.gradle\native\660c5614fbf4a5f2a75b1949f50a0caf5cd603558e7d8a26e50b933a0cfb79d1\windows-amd64\native-platform.dll
0x00007fff59fe0000 - 0x00007fff5a057000 	C:\Users\hcxys\.gradle\native\0.2.8\x86_64-windows-gnu\gradle-fileevents.dll
0x00007fffb0c80000 - 0x00007fffb0c89000 	C:\Program Files\Android\Android Studio\jbr\bin\management.dll
0x00007fffad490000 - 0x00007fffad49b000 	C:\Program Files\Android\Android Studio\jbr\bin\management_ext.dll
0x00007fffc9570000 - 0x00007fffc9578000 	C:\windows\System32\PSAPI.DLL
0x00007fffc57c0000 - 0x00007fffc57f2000 	C:\windows\SYSTEM32\IPHLPAPI.DLL
0x00007fffc8630000 - 0x00007fffc863a000 	C:\windows\System32\NSI.dll
0x00007fffb0ca0000 - 0x00007fffb0ca9000 	C:\Program Files\Android\Android Studio\jbr\bin\extnet.dll
0x00007fffc6500000 - 0x00007fffc651b000 	C:\windows\SYSTEM32\CRYPTSP.dll
0x00007fffc5c10000 - 0x00007fffc5c49000 	C:\windows\system32\rsaenh.dll
0x00007fffc62d0000 - 0x00007fffc6303000 	C:\windows\SYSTEM32\USERENV.dll
0x00007fffc6e80000 - 0x00007fffc6eaa000 	C:\windows\SYSTEM32\bcrypt.dll
0x00007fffc6520000 - 0x00007fffc652c000 	C:\windows\SYSTEM32\CRYPTBASE.dll
0x00007fff920b0000 - 0x00007fff920b8000 	C:\windows\system32\wshunix.dll

JVMTI agents:
C:\Users\hcxys\.gradle\wrapper\dists\gradle-9.4.1-bin\arn2x92ynaizyzdaamcbpbhtj\gradle-9.4.1\lib\agents\gradle-instrumentation-agent-9.4.1.jar path:C:\Program Files\Android\Android Studio\jbr\bin\instrument.dll, loaded, initialized, instrumentlib options:none

dbghelp: loaded successfully - version: 4.0.5 - missing functions: none
symbol engine: initialized successfully - sym options: 0x614 - pdb path: .;C:\Program Files\Android\Android Studio\jbr\bin;C:\windows\SYSTEM32;C:\Program Files\Avast Software\Avast;C:\windows\WinSxS\amd64_microsoft.windows.common-controls_6595b64144ccf1df_6.0.26100.8457_none_3e0b2faee331e92d;C:\Program Files (x86)\360\Total Security\safemon;C:\Program Files\Android\Android Studio\jbr\bin\server;C:\Users\hcxys\.gradle\native\660c5614fbf4a5f2a75b1949f50a0caf5cd603558e7d8a26e50b933a0cfb79d1\windows-amd64;C:\Users\hcxys\.gradle\native\0.2.8\x86_64-windows-gnu

VM Arguments:
jvm_args: --add-opens=java.base/java.lang=ALL-UNNAMED --add-opens=java.base/java.lang.invoke=ALL-UNNAMED --add-opens=java.base/java.util=ALL-UNNAMED --add-opens=java.prefs/java.util.prefs=ALL-UNNAMED --add-exports=jdk.compiler/com.sun.tools.javac.api=ALL-UNNAMED --add-exports=jdk.compiler/com.sun.tools.javac.util=ALL-UNNAMED --add-opens=java.base/java.util=ALL-UNNAMED --add-opens=java.prefs/java.util.prefs=ALL-UNNAMED --add-opens=java.base/java.nio.charset=ALL-UNNAMED --add-opens=java.base/java.net=ALL-UNNAMED --add-opens=java.base/java.util.concurrent=ALL-UNNAMED --add-opens=java.base/java.util.concurrent.atomic=ALL-UNNAMED --add-opens=java.xml/javax.xml.namespace=ALL-UNNAMED --add-opens=java.base/java.time=ALL-UNNAMED -Xmx2048m -Dfile.encoding=UTF-8 -Duser.country=US -Duser.language=en -Duser.variant -javaagent:C:\Users\hcxys\.gradle\wrapper\dists\gradle-9.4.1-bin\arn2x92ynaizyzdaamcbpbhtj\gradle-9.4.1\lib\agents\gradle-instrumentation-agent-9.4.1.jar 
java_command: org.gradle.launcher.daemon.bootstrap.GradleDaemon 9.4.1
java_class_path (initial): C:\Users\hcxys\.gradle\wrapper\dists\gradle-9.4.1-bin\arn2x92ynaizyzdaamcbpbhtj\gradle-9.4.1\lib\gradle-daemon-main-9.4.1.jar
Launcher Type: SUN_STANDARD

[Global flags]
     intx CICompilerCount                          = 3                                         {product} {ergonomic}
     uint ConcGCThreads                            = 1                                         {product} {ergonomic}
     uint G1ConcRefinementThreads                  = 4                                         {product} {ergonomic}
   size_t G1HeapRegionSize                         = 1048576                                   {product} {ergonomic}
    uintx GCDrainStackTargetSize                   = 64                                        {product} {ergonomic}
   size_t InitialHeapSize                          = 62914560                                  {product} {ergonomic}
   size_t MarkStackSize                            = 4194304                                   {product} {ergonomic}
   size_t MaxHeapSize                              = 2147483648                                {product} {command line}
   size_t MaxNewSize                               = 1287651328                                {product} {ergonomic}
   size_t MinHeapDeltaBytes                        = 1048576                                   {product} {ergonomic}
   size_t MinHeapSize                              = 8388608                                   {product} {ergonomic}
    uintx NonNMethodCodeHeapSize                   = 5832780                                {pd product} {ergonomic}
    uintx NonProfiledCodeHeapSize                  = 122912730                              {pd product} {ergonomic}
    uintx ProfiledCodeHeapSize                     = 122912730                              {pd product} {ergonomic}
    uintx ReservedCodeCacheSize                    = 251658240                              {pd product} {ergonomic}
     bool SegmentedCodeCache                       = true                                      {product} {ergonomic}
   size_t SoftMaxHeapSize                          = 2147483648                             {manageable} {ergonomic}
     bool UseCompressedOops                        = true                           {product lp64_product} {ergonomic}
     bool UseG1GC                                  = true                                      {product} {ergonomic}
     bool UseLargePagesIndividualAllocation        = false                                  {pd product} {ergonomic}

Logging:
Log output configuration:
 #0: stdout all=warning uptime,level,tags foldmultilines=false
 #1: stderr all=off uptime,level,tags foldmultilines=false

Release file:
JAVA_VERSION="21.0.10" 
MODULES="java.base java.compiler java.datatransfer java.xml java.prefs java.desktop java.instrument java.logging java.management java.security.sasl java.naming java.rmi java.management.rmi java.net.http java.scripting java.security.jgss java.transaction.xa java.sql java.sql.rowset java.xml.crypto java.se java.smartcardio jdk.accessibility jdk.internal.jvmstat jdk.attach jdk.charsets jdk.internal.opt jdk.zipfs jdk.compiler jdk.crypto.ec jdk.crypto.cryptoki jdk.dynalink jdk.hotspot.agent jdk.httpserver jdk.internal.ed jdk.internal.le jdk.internal.vm.ci jdk.jartool jdk.javadoc jdk.jcmd jdk.jdeps jdk.jdwp.agent jdk.jdi jdk.jfr jdk.jlink jdk.jsobject jdk.localedata jdk.management jdk.management.agent jdk.management.jfr jdk.naming.dns jdk.naming.rmi jdk.net jdk.sctp jdk.security.auth jdk.security.jgss jdk.unsupported jdk.unsupported.desktop jdk.xml.dom" 
IMPLEMENTOR="JetBrains s.r.o." 
JAVA_RUNTIME_VERSION="21.0.10+-14961533-b1163.108" 
LIBC="default" 
OS_ARCH="x86_64" 
OS_NAME="Windows" 
SOURCE=".:git:1351622c2ff2" 

Environment Variables:
PATH=C:\Program Files (x86)\Common Files\Oracle\Java\java8path;C:\windows\system32;C:\windows;C:\windows\System32\Wbem;C:\windows\System32\WindowsPowerShell\v1.0\;C:\windows\System32\OpenSSH\;C:\Program Files\dotnet\;C:\Program Files\nodejs\;C:\Program Files\CMake\bin;C:\Users\hcxys\AppData\Local\Microsoft\WindowsApps;C:\Users\hcxys\AppData\Roaming\npm;C:\Users\hcxys\AppData\Local\Python\bin
USERNAME=hcxys
OS=Windows_NT
PROCESSOR_IDENTIFIER=Intel64 Family 6 Model 190 Stepping 0, GenuineIntel
TMP=C:\Users\hcxys\AppData\Local\Temp
TEMP=C:\Users\hcxys\AppData\Local\Temp




Periodic native trim disabled

JNI global refs:
JNI global refs: 26, weak refs: 0

JNI global refs memory usage: 835, weak refs: 833

Process memory usage:
Resident Set Size: 183268K (4% of 3841796K total physical memory with 25076K free physical memory)

OOME stack traces (most recent first):
Classloader memory used:
Loader org.gradle.internal.classloader.VisitableURLClassLoader                         : 76685K
Loader bootstrap                                                                       : 26760K
Loader org.gradle.internal.classloader.VisitableURLClassLoader$InstrumentingVisitableURLClassLoader: 12452K
Loader org.gradle.initialization.MixInLegacyTypesClassLoader                           : 11966K
Loader jdk.internal.jrtfs.JrtFileSystemProvider$JrtFsLoader                            : 340K
Loader jdk.internal.reflect.DelegatingClassLoader                                      : 245K
Loader jdk.internal.loader.ClassLoaders$PlatformClassLoader                            : 202K
Loader jdk.internal.loader.ClassLoaders$AppClassLoader                                 : 189K
Loader org.gradle.groovy.scripts.internal.DefaultScriptCompilationHandler$ScriptClassLoader: 148K
Loader org.gradle.internal.classloader.VisitableURLClassLoader                         : 118K

Classes loaded by more than one classloader:
Class Program                                                                         : loaded 4 times (x 74B)
Class com.google.common.base.Equivalence$Identity                                     : loaded 2 times (x 82B)
Class com.google.common.collect.RegularImmutableMap$KeySet                            : loaded 2 times (x 152B)
Class org.gradle.internal.classloader.FilteringClassLoader                            : loaded 2 times (x 105B)
Class jdk.internal.jimage.BasicImageReader                                            : loaded 2 times (x 95B)
Class com.google.common.base.CharMatcher$IsEither                                     : loaded 2 times (x 111B)
Class org.gradle.internal.classloader.ClassLoaderHierarchy                            : loaded 2 times (x 70B)
Class com.google.common.collect.ImmutableEnumSet                                      : loaded 2 times (x 146B)
Class com.google.common.util.concurrent.ExecutionError                                : loaded 2 times (x 82B)
Class com.google.common.collect.ImmutableList$1                                       : loaded 2 times (x 97B)
Class com.google.common.collect.RegularImmutableMap                                   : loaded 2 times (x 121B)
Class com.google.common.collect.ImmutableMap$MapViewOfValuesAsSingletonSets           : loaded 2 times (x 126B)
Class jdk.internal.jimage.decompressor.StringSharingDecompressorFactory               : loaded 2 times (x 74B)
Class [Lorg.objectweb.asm.Symbol;                                                     : loaded 2 times (x 69B)
Class org.objectweb.asm.ClassVisitor                                                  : loaded 2 times (x 88B)
Class com.google.common.collect.UnmodifiableListIterator                              : loaded 2 times (x 95B)
Class org.objectweb.asm.MethodTooLargeException                                       : loaded 2 times (x 83B)
Class [Lcom.google.common.cache.CacheBuilder$OneWeigher;                              : loaded 2 times (x 69B)
Class com.google.common.base.Suppliers                                                : loaded 2 times (x 71B)
Class org.gradle.internal.classloader.DefaultClassLoaderFactory                       : loaded 2 times (x 82B)
Class [Lcom.google.common.collect.ImmutableMapEntry;                                  : loaded 2 times (x 69B)
Class ijJvmDebugger1_4l6edta82oj001filpcwpuy6i                                        : loaded 2 times (x 171B)
Class com.google.common.collect.ListMultimap                                          : loaded 2 times (x 70B)
Class com.google.common.collect.ImmutableEnumMap                                      : loaded 2 times (x 126B)
Class com.google.common.collect.Sets$1                                                : loaded 2 times (x 139B)
Class org.objectweb.asm.AnnotationVisitor                                             : loaded 2 times (x 78B)
Class org.gradle.api.internal.DefaultClassPathProvider                                : loaded 2 times (x 76B)
Class com.google.common.collect.Sets$2                                                : loaded 2 times (x 139B)
Class [Lorg.gradle.api.internal.ClassPathProvider;                                    : loaded 2 times (x 69B)
Class org.gradle.api.internal.ClassPathProvider                                       : loaded 2 times (x 70B)
Class [Lorg.objectweb.asm.AnnotationVisitor;                                          : loaded 2 times (x 69B)
Class com.google.common.collect.Sets$3                                                : loaded 2 times (x 139B)
Class com.google.common.cache.LocalCache$LocalLoadingCache                            : loaded 2 times (x 134B)
Class org.gradle.internal.service.UnknownServiceException                             : loaded 2 times (x 83B)
Class com.google.common.collect.Sets$4                                                : loaded 2 times (x 139B)
Class org.objectweb.asm.ModuleVisitor                                                 : loaded 2 times (x 81B)
Class com.google.common.cache.LocalCache$Strength$1                                   : loaded 2 times (x 81B)
Class com.google.common.util.concurrent.SettableFuture                                : loaded 2 times (x 114B)
Class com.google.common.cache.LocalCache$Strength$2                                   : loaded 2 times (x 81B)
Class com.google.common.cache.LocalCache$Strength$3                                   : loaded 2 times (x 81B)
Class com.google.common.collect.MapDifference                                         : loaded 2 times (x 70B)
Class ijKotlinCoroutineJvmDebugInit1_afkd3s873emofcg9cgldcbfo0                        : loaded 2 times (x 171B)
Class org.objectweb.asm.FieldWriter                                                   : loaded 2 times (x 78B)
Class com.google.common.cache.CacheBuilder$NullListener                               : loaded 2 times (x 82B)
Class org.gradle.internal.classpath.TransformedClassPath                              : loaded 2 times (x 96B)
Class org.gradle.internal.classloader.InstrumentingClassLoader                        : loaded 2 times (x 70B)
Class com.google.common.cache.CacheLoader$FunctionToCacheLoader                       : loaded 2 times (x 75B)
Class com.google.common.collect.Iterators$ArrayItr                                    : loaded 2 times (x 97B)
Class com.google.common.collect.ImmutableCollection$Builder                           : loaded 2 times (x 76B)
Class com.google.common.base.MoreObjects                                              : loaded 2 times (x 71B)
Class com.google.common.collect.Platform                                              : loaded 2 times (x 71B)
Class [Lorg.objectweb.asm.Type;                                                       : loaded 2 times (x 69B)
Class com.google.common.collect.UnmodifiableIterator                                  : loaded 2 times (x 80B)
Class org.gradle.internal.service.ServiceLocator                                      : loaded 2 times (x 70B)
Class jdk.internal.jrtfs.JrtFileSystemProvider                                        : loaded 2 times (x 101B)
Class com.google.common.base.Ascii                                                    : loaded 2 times (x 71B)
Class com.google.common.cache.LocalCache$1                                            : loaded 2 times (x 89B)
Class com.google.common.collect.SingletonImmutableBiMap                               : loaded 2 times (x 143B)
Class com.google.common.collect.Iterators$SingletonIterator                           : loaded 2 times (x 81B)
Class com.google.common.collect.AbstractMapEntry                                      : loaded 2 times (x 81B)
Class com.google.common.collect.AbstractMultimap                                      : loaded 2 times (x 123B)
Class com.google.common.cache.LocalCache$2                                            : loaded 2 times (x 142B)
Class com.google.common.collect.RegularImmutableAsList                                : loaded 2 times (x 217B)
Class ijKotlinCoroutineJvmDebugInit1_afkd3s873emofcg9cgldcbfo0$_run_closure1$_closure2: loaded 2 times (x 139B)
Class com.google.common.util.concurrent.AbstractFuture$Trusted                        : loaded 2 times (x 70B)
Class com.google.common.collect.Iterators                                             : loaded 2 times (x 71B)
Class jdk.internal.jimage.ImageLocation                                               : loaded 2 times (x 90B)
Class com.google.common.collect.Lists$StringAsImmutableList                           : loaded 2 times (x 207B)
Class com.google.common.util.concurrent.UncheckedExecutionException                   : loaded 2 times (x 82B)
Class org.gradle.kotlin.dsl.VersionCatalogAccessorsKt                                 : loaded 2 times (x 71B)
Class jdk.internal.jimage.ImageBufferCache$1                                          : loaded 2 times (x 83B)
Class org.objectweb.asm.ClassWriter                                                   : loaded 2 times (x 106B)
Class com.google.common.cache.CacheLoader$UnsupportedLoadingOperationException        : loaded 2 times (x 82B)
Class com.google.common.base.CharMatcher$And                                          : loaded 2 times (x 112B)
Class jdk.internal.jimage.ImageBufferCache$2                                          : loaded 2 times (x 91B)
Class org.objectweb.asm.FieldVisitor                                                  : loaded 2 times (x 77B)
Class com.google.common.collect.IndexedImmutableSet                                   : loaded 2 times (x 152B)
Class com.google.common.collect.ImmutableMap$1                                        : loaded 2 times (x 81B)
Class com.google.common.collect.BiMap                                                 : loaded 2 times (x 70B)
Class org.gradle.api.internal.classpath.DefaultModuleRegistry$DefaultModule           : loaded 2 times (x 82B)
Class com.google.common.primitives.Ints                                               : loaded 2 times (x 71B)
Class com.google.common.collect.AbstractIterator                                      : loaded 2 times (x 82B)
Class com.google.common.math.MathPreconditions                                        : loaded 2 times (x 71B)
Class com.google.common.collect.Multiset                                              : loaded 2 times (x 70B)
Class com.google.common.collect.ArrayListMultimapGwtSerializationDependencies         : loaded 2 times (x 172B)
Class com.google.common.collect.AbstractIndexedListIterator                           : loaded 2 times (x 96B)
Class com.google.common.collect.ImmutableMapEntrySet                                  : loaded 2 times (x 152B)
Class org.gradle.api.internal.classpath.Module                                        : loaded 2 times (x 70B)
Class com.google.common.cache.Weigher                                                 : loaded 2 times (x 70B)
Class org.gradle.api.internal.classpath.UnknownModuleException                        : loaded 2 times (x 82B)
Class jdk.internal.jimage.ImageHeader                                                 : loaded 2 times (x 71B)
Class com.google.common.base.Stopwatch                                                : loaded 2 times (x 72B)
Class com.google.common.cache.LocalCache$Strength                                     : loaded 2 times (x 81B)
Class com.google.common.cache.Cache                                                   : loaded 2 times (x 70B)
Class com.google.common.util.concurrent.AbstractFuture$Cancellation                   : loaded 2 times (x 72B)
Class com.google.common.collect.ImmutableMap$Builder                                  : loaded 2 times (x 82B)
Class com.google.common.cache.RemovalListener                                         : loaded 2 times (x 70B)
Class org.gradle.api.internal.DefaultClassPathRegistry                                : loaded 2 times (x 76B)
Class com.google.common.primitives.IntsMethodsForWeb                                  : loaded 2 times (x 71B)
Class com.google.common.collect.Multimap                                              : loaded 2 times (x 70B)
Class org.gradle.internal.classpath.DefaultClassPath$ImmutableUniqueList              : loaded 2 times (x 199B)
Class org.gradle.api.internal.ClassPathRegistry                                       : loaded 2 times (x 70B)
Class jdk.internal.jimage.decompressor.ResourceDecompressor                           : loaded 2 times (x 70B)
Class com.google.common.cache.CacheBuilder                                            : loaded 2 times (x 72B)
Class com.google.common.collect.SingletonImmutableList                                : loaded 2 times (x 207B)
Class com.google.common.base.PairwiseEquivalence                                      : loaded 2 times (x 83B)
Class Settings_gradle$1                                                               : loaded 2 times (x 74B)
Class org.gradle.internal.classpath.ClassPath                                         : loaded 2 times (x 70B)
Class com.google.common.collect.ImmutableList$ReverseImmutableList                    : loaded 2 times (x 209B)
Class org.objectweb.asm.SymbolTable$Entry                                             : loaded 2 times (x 74B)
Class org.gradle.api.internal.classpath.DefaultModuleRegistry$DefaultModuleAlias      : loaded 2 times (x 80B)
Class jdk.internal.jimage.ImageStringsReader                                          : loaded 2 times (x 80B)
Class org.objectweb.asm.Edge                                                          : loaded 2 times (x 72B)
Class com.google.common.base.Suppliers$SupplierOfInstance                             : loaded 2 times (x 79B)
Class com.google.common.collect.Iterators$1                                           : loaded 2 times (x 81B)
Class com.google.common.cache.LocalCache$ComputingValueReference                      : loaded 2 times (x 96B)
Class com.google.common.collect.SingletonImmutableSet                                 : loaded 2 times (x 146B)
Class com.google.common.collect.ImmutableMap$IteratorBasedImmutableMap                : loaded 2 times (x 126B)
Class jdk.internal.jimage.ImageReader                                                 : loaded 2 times (x 75B)
Class com.google.common.cache.LocalCache$Segment                                      : loaded 2 times (x 154B)
Class jdk.internal.jimage.ImageReader$SharedImageReader                               : loaded 2 times (x 95B)
Class com.google.common.collect.AbstractListMultimap                                  : loaded 2 times (x 172B)
Class [Lorg.objectweb.asm.SymbolTable$Entry;                                          : loaded 2 times (x 69B)
Class com.google.common.cache.CacheLoader                                             : loaded 2 times (x 74B)
Class com.google.common.collect.Iterators$4                                           : loaded 2 times (x 82B)
Class com.google.common.collect.ImmutableBiMap                                        : loaded 2 times (x 143B)
Class org.gradle.api.internal.classpath.ModuleRegistry                                : loaded 2 times (x 70B)
Class org.gradle.internal.installation.GradleInstallation$1                           : loaded 2 times (x 75B)
Class jdk.internal.jimage.decompressor.ResourceDecompressorFactory                    : loaded 2 times (x 74B)
Class com.google.common.collect.ImmutableSet$JdkBackedSetBuilderImpl                  : loaded 2 times (x 76B)
Class com.google.common.util.concurrent.internal.InternalFutureFailureAccess          : loaded 2 times (x 72B)
Class com.google.common.collect.Iterators$5                                           : loaded 2 times (x 82B)
Class com.google.common.cache.LocalCache$LocalManualCache$1                           : loaded 2 times (x 75B)
Class com.google.common.base.CharMatcher$ForPredicate                                 : loaded 2 times (x 112B)
Class jdk.internal.jimage.ImageReader$Node                                            : loaded 2 times (x 84B)
Class com.google.common.base.CharMatcher$AnyOf                                        : loaded 2 times (x 112B)
Class com.google.common.collect.ImmutableCollection                                   : loaded 2 times (x 125B)
Class org.gradle.api.internal.classpath.DefaultModuleRegistry                         : loaded 2 times (x 84B)
Class jdk.internal.jimage.BasicImageReader$1                                          : loaded 2 times (x 77B)
Class com.google.common.collect.Lists                                                 : loaded 2 times (x 71B)
Class com.google.common.util.concurrent.ListenableFuture                              : loaded 2 times (x 70B)
Class com.google.common.cache.ReferenceEntry                                          : loaded 2 times (x 70B)
Class com.google.common.base.Converter                                                : loaded 2 times (x 90B)
Class com.google.common.collect.ImmutableSet$CachingAsList                            : loaded 2 times (x 148B)
Class com.google.common.collect.AbstractMapBasedMultimap                              : loaded 2 times (x 139B)
Class com.google.common.util.concurrent.AbstractFuture                                : loaded 2 times (x 106B)
Class com.google.common.base.FunctionalEquivalence                                    : loaded 2 times (x 83B)
Class com.google.common.collect.Iterators$9                                           : loaded 2 times (x 81B)
Class com.google.common.collect.ImmutableAsList                                       : loaded 2 times (x 209B)
Class org.objectweb.asm.RecordComponentVisitor                                        : loaded 2 times (x 77B)
Class com.google.common.cache.CacheLoader$SupplierToCacheLoader                       : loaded 2 times (x 75B)
Class jdk.internal.jimage.decompressor.Decompressor                                   : loaded 2 times (x 72B)
Class org.gradle.internal.service.ServiceLookupException                              : loaded 2 times (x 82B)
Class [Lcom.google.common.cache.LocalCache$EntryFactory;                              : loaded 2 times (x 69B)
Class org.gradle.internal.classloader.ClassLoaderFactory                              : loaded 2 times (x 70B)
Class com.google.common.cache.LocalCache$LocalManualCache                             : loaded 2 times (x 99B)
Class com.google.common.base.CharMatcher$IsNot                                        : loaded 2 times (x 111B)
Class org.gradle.internal.service.CachingServiceLocator                               : loaded 2 times (x 82B)
Class com.google.common.math.IntMath                                                  : loaded 2 times (x 71B)
Class com.google.common.collect.ImmutableMapEntry                                     : loaded 2 times (x 85B)
Class com.google.common.base.Equivalence                                              : loaded 2 times (x 82B)
Class com.google.common.base.Function                                                 : loaded 2 times (x 70B)
Class com.google.common.collect.ImmutableMapEntry$NonTerminalImmutableMapEntry        : loaded 2 times (x 85B)
Class com.google.common.cache.CacheBuilder$OneWeigher                                 : loaded 2 times (x 82B)
Class com.google.common.collect.RegularImmutableList                                  : loaded 2 times (x 213B)
Class jdk.internal.jimage.ImageBufferCache                                            : loaded 2 times (x 71B)
Class jdk.internal.jrtfs.JrtPath                                                      : loaded 2 times (x 118B)
Class org.gradle.internal.classloader.ClasspathUtil                                   : loaded 2 times (x 71B)
Class com.google.common.util.concurrent.Uninterruptibles                              : loaded 2 times (x 71B)
Class com.google.common.util.concurrent.LazyLogger                                    : loaded 2 times (x 72B)
Class com.google.common.collect.Maps                                                  : loaded 2 times (x 71B)
Class org.gradle.api.specs.Spec                                                       : loaded 2 times (x 70B)
Class [Lcom.google.common.collect.ImmutableEntry;                                     : loaded 2 times (x 69B)
Class com.google.common.cache.LocalCache$LoadingValueReference                        : loaded 2 times (x 96B)
Class ijJvmDebugger1_4l6edta82oj001filpcwpuy6i$_run_closure1                          : loaded 2 times (x 139B)
Class jdk.internal.jimage.decompressor.ResourceDecompressorRepository                 : loaded 2 times (x 71B)
Class jdk.internal.jimage.ImageReader$Directory                                       : loaded 2 times (x 84B)
Class [Lorg.objectweb.asm.AnnotationWriter;                                           : loaded 2 times (x 69B)
Class com.google.common.collect.Maps$8                                                : loaded 2 times (x 82B)
Class com.google.common.collect.Sets$SetView                                          : loaded 2 times (x 138B)
Class com.google.common.cache.LocalCache$StrongValueReference                         : loaded 2 times (x 90B)
Class org.objectweb.asm.Type                                                          : loaded 2 times (x 72B)
Class org.gradle.internal.classloader.VisitableURLClassLoader$InstrumentingVisitableURLClassLoader: loaded 2 times (x 123B)
Class com.google.common.math.IntMath$1                                                : loaded 2 times (x 71B)
Class org.objectweb.asm.ByteVector                                                    : loaded 2 times (x 79B)
Class [Lcom.google.common.cache.CacheBuilder$NullListener;                            : loaded 2 times (x 69B)
Class org.gradle.internal.classloader.VisitableURLClassLoader$Spec                    : loaded 2 times (x 74B)
Class org.gradle.internal.classpath.DefaultClassPath                                  : loaded 2 times (x 90B)
Class jdk.internal.jimage.decompressor.ZipDecompressorFactory                         : loaded 2 times (x 74B)
Class org.objectweb.asm.Symbol                                                        : loaded 2 times (x 73B)
Class com.google.common.base.CharMatcher$BitSetMatcher                                : loaded 2 times (x 112B)
Class com.google.common.collect.RegularImmutableMap$Values                            : loaded 2 times (x 207B)
Class com.google.common.collect.ImmutableSet                                          : loaded 2 times (x 145B)
Class org.gradle.internal.classloader.ClassLoaderSpec                                 : loaded 2 times (x 71B)
Class org.objectweb.asm.AnnotationWriter                                              : loaded 2 times (x 79B)
Class com.google.common.cache.CacheStats                                              : loaded 2 times (x 71B)
Class org.objectweb.asm.RecordComponentWriter                                         : loaded 2 times (x 78B)
Class com.google.common.util.concurrent.AbstractFuture$Listener                       : loaded 2 times (x 72B)
Class com.google.common.base.CharMatcher$Or                                           : loaded 2 times (x 112B)
Class Settings_gradle$1$1                                                             : loaded 2 times (x 74B)
Class org.gradle.api.internal.classpath.Module$ModuleAlias                            : loaded 2 times (x 70B)
Class org.objectweb.asm.Attribute                                                     : loaded 2 times (x 77B)
Class com.google.common.base.Supplier                                                 : loaded 2 times (x 70B)
Class org.gradle.internal.classloader.VisitableURLClassLoader                         : loaded 2 times (x 117B)
Class Settings_gradle                                                                 : loaded 2 times (x 124B)
Class org.gradle.internal.Cast                                                        : loaded 2 times (x 71B)
Class org.gradle.api.Action                                                           : loaded 2 times (x 70B)
Class jdk.internal.jimage.decompressor.ZipDecompressor                                : loaded 2 times (x 75B)
Class com.google.common.collect.Sets                                                  : loaded 2 times (x 71B)
Class org.objectweb.asm.Handler                                                       : loaded 2 times (x 72B)
Class com.google.common.base.Ticker                                                   : loaded 2 times (x 72B)
Class com.google.common.base.CharMatcher$FastMatcher                                  : loaded 2 times (x 111B)
Class [Lcom.google.common.cache.LocalCache$Segment;                                   : loaded 2 times (x 69B)
Class [Lcom.google.common.cache.LocalCache$Strength;                                  : loaded 2 times (x 69B)
Class com.google.common.cache.CacheBuilder$1                                          : loaded 2 times (x 85B)
Class com.google.common.base.Predicate                                                : loaded 2 times (x 70B)
Class com.google.common.collect.ImmutableMap                                          : loaded 2 times (x 120B)
Class org.gradle.internal.classpath.DefaultClassPath$ImmutableUniqueList$Builder      : loaded 2 times (x 75B)
Class com.google.common.cache.LocalCache                                              : loaded 2 times (x 187B)
Class com.google.common.cache.CacheBuilder$2                                          : loaded 2 times (x 79B)
Class com.google.common.base.CharMatcher$NegatedFastMatcher                           : loaded 2 times (x 113B)
Class com.google.common.collect.ArrayListMultimap                                     : loaded 2 times (x 172B)
Class com.google.common.cache.CacheBuilder$3                                          : loaded 2 times (x 72B)
Class [Lcom.google.common.collect.AbstractMapEntry;                                   : loaded 2 times (x 69B)
Class com.google.common.collect.ImmutableEntry                                        : loaded 2 times (x 82B)
Class org.gradle.api.GradleException                                                  : loaded 2 times (x 82B)
Class jdk.internal.jimage.ImageStrings                                                : loaded 2 times (x 70B)
Class com.google.common.collect.CollectPreconditions                                  : loaded 2 times (x 71B)
Class com.google.common.collect.SortedMapDifference                                   : loaded 2 times (x 70B)
Class com.google.common.cache.LocalCache$EntryFactory                                 : loaded 2 times (x 83B)
Class com.google.common.cache.LocalCache$AbstractReferenceEntry                       : loaded 2 times (x 107B)
Class org.gradle.internal.IoActions                                                   : loaded 2 times (x 71B)
Class org.objectweb.asm.SymbolTable                                                   : loaded 2 times (x 72B)
Class com.google.common.cache.CacheLoader$InvalidCacheLoadException                   : loaded 2 times (x 82B)
Class com.google.common.collect.ImmutableSet$RegularSetBuilderImpl                    : loaded 2 times (x 77B)
Class com.google.common.cache.LocalCache$StrongEntry                                  : loaded 2 times (x 108B)
Class com.google.common.util.concurrent.AbstractFuture$TrustedFuture                  : loaded 2 times (x 114B)
Class com.google.common.cache.LoadingCache                                            : loaded 2 times (x 70B)
Class jdk.internal.jrtfs.JrtFileSystem                                                : loaded 2 times (x 102B)
Class org.objectweb.asm.MethodWriter                                                  : loaded 2 times (x 106B)
Class [Lcom.google.common.cache.Weigher;                                              : loaded 2 times (x 69B)
Class com.google.common.collect.RegularImmutableMap$BucketOverflowException           : loaded 2 times (x 82B)
Class jdk.internal.jimage.decompressor.CompressedResourceHeader                       : loaded 2 times (x 71B)
Class com.google.common.cache.LocalCache$ValueReference                               : loaded 2 times (x 70B)
Class com.google.common.base.CharMatcher$Negated                                      : loaded 2 times (x 113B)
Class com.google.common.base.CharMatcher$Is                                           : loaded 2 times (x 111B)
Class com.google.common.collect.RegularImmutableBiMap                                 : loaded 2 times (x 149B)
Class com.google.common.util.concurrent.AbstractFuture$Failure                        : loaded 2 times (x 72B)
Class com.google.common.base.Equivalence$Equals                                       : loaded 2 times (x 82B)
Class com.google.common.collect.Hashing                                               : loaded 2 times (x 71B)
Class com.google.common.base.Preconditions                                            : loaded 2 times (x 71B)
Class org.objectweb.asm.Label                                                         : loaded 2 times (x 73B)
Class org.objectweb.asm.CurrentFrame                                                  : loaded 2 times (x 73B)
Class org.objectweb.asm.ClassTooLargeException                                        : loaded 2 times (x 83B)
Class com.google.common.base.CharMatcher                                              : loaded 2 times (x 111B)
Class com.google.common.collect.PeekingIterator                                       : loaded 2 times (x 70B)
Class ijJvmDebugger1_4l6edta82oj001filpcwpuy6i$_run_closure1$_closure2                : loaded 2 times (x 140B)
Class org.objectweb.asm.Frame                                                         : loaded 2 times (x 73B)
Class org.objectweb.asm.MethodVisitor                                                 : loaded 2 times (x 105B)
Class com.google.common.cache.LocalCache$EntryFactory$1                               : loaded 2 times (x 83B)
Class [Lcom.google.common.cache.RemovalListener;                                      : loaded 2 times (x 69B)
Class com.google.common.base.CharMatcher$1                                            : loaded 2 times (x 113B)
Class com.google.common.base.CharMatcher$NamedFastMatcher                             : loaded 2 times (x 112B)
Class com.google.common.cache.LocalCache$EntryFactory$2                               : loaded 2 times (x 83B)
Class org.objectweb.asm.ModuleWriter                                                  : loaded 2 times (x 82B)
Class com.google.common.cache.LocalCache$EntryFactory$3                               : loaded 2 times (x 83B)
Class com.google.common.base.Ticker$1                                                 : loaded 2 times (x 72B)
Class com.google.common.collect.Maps$BiMapConverter                                   : loaded 2 times (x 90B)
Class com.google.common.collect.ImmutableMapEntrySet$RegularEntrySet                  : loaded 2 times (x 152B)
Class com.google.common.collect.ImmutableSet$Builder                                  : loaded 2 times (x 85B)
Class com.google.common.cache.LocalCache$EntryFactory$4                               : loaded 2 times (x 83B)
Class com.google.common.base.CharMatcher$InRange                                      : loaded 2 times (x 111B)
Class com.google.common.cache.LocalCache$EntryFactory$5                               : loaded 2 times (x 83B)
Class com.google.common.cache.LocalCache$EntryFactory$6                               : loaded 2 times (x 83B)
Class Build_gradle                                                                    : loaded 2 times (x 72B)
Class org.gradle.internal.installation.CurrentGradleInstallationLocator               : loaded 2 times (x 71B)
Class com.google.common.collect.ImmutableSet$EmptySetBuilderImpl                      : loaded 2 times (x 76B)
Class com.google.common.cache.LocalCache$EntryFactory$7                               : loaded 2 times (x 83B)
Class com.google.common.collect.ImmutableList                                         : loaded 2 times (x 206B)
Class org.gradle.internal.service.DefaultServiceLocator                               : loaded 2 times (x 83B)
Class com.google.common.cache.LocalCache$EntryFactory$8                               : loaded 2 times (x 83B)
Class com.google.common.collect.ImmutableSet$SetBuilderImpl                           : loaded 2 times (x 76B)
Class org.gradle.internal.installation.CurrentGradleInstallation                      : loaded 2 times (x 73B)
Class com.google.common.cache.CacheLoader$1                                           : loaded 2 times (x 75B)
Class com.google.common.collect.ImmutableList$SubList                                 : loaded 2 times (x 209B)
Class org.gradle.util.internal.GUtil                                                  : loaded 2 times (x 71B)
Class com.google.common.cache.AbstractCache$StatsCounter                              : loaded 2 times (x 70B)
Class com.google.common.collect.Iterators$MergingIterator                             : loaded 2 times (x 81B)
Class com.google.common.collect.RegularImmutableSet                                   : loaded 2 times (x 149B)
Class org.gradle.internal.installation.GradleInstallation                             : loaded 2 times (x 75B)
Class jdk.internal.jimage.decompressor.ResourceDecompressor$StringsProvider           : loaded 2 times (x 70B)
Class ijKotlinCoroutineJvmDebugInit1_afkd3s873emofcg9cgldcbfo0$_run_closure1          : loaded 2 times (x 139B)

---------------  S Y S T E M  ---------------

OS:
 Windows 11 , 64 bit Build 26100 (10.0.26100.8328)
OS uptime: 0 days 3:13 hours
Hyper-V role detected

CPU: total 4 (initial active 4) (4 cores per cpu, 1 threads per core) family 6 model 190 stepping 0 microcode 0x1a, cx8, cmov, fxsr, mmx, 3dnowpref, sse, sse2, sse3, ssse3, sse4.1, sse4.2, popcnt, lzcnt, tsc, tscinvbit, avx, avx2, aes, erms, clmul, bmi1, bmi2, adx, sha, fma, vzeroupper, clflush, clflushopt, clwb, hv, serialize, rdtscp, rdpid, fsrm, f16c, cet_ibt, cet_ss
Processor Information for the first 4 processors :
  Max Mhz: 800, Current Mhz: 800, Mhz Limit: 800

Memory: 4k page, system-wide physical 3751M (22M free)
TotalPageFile size 10498M (AvailPageFile size 1M)
current process WorkingSet (physical memory assigned to process): 189M, peak: 294M
current process commit charge ("private bytes"): 595M, peak: 597M

vm_info: OpenJDK 64-Bit Server VM (21.0.10+-14961533-b1163.108) for windows-amd64 JRE (21.0.10+-14961533-b1163.108), built on 2026-03-02T19:58:50Z by "builder" with MS VC++ 16.10 / 16.11 (VS2019)

END.
