#
# There is insufficient memory for the Java Runtime Environment to continue.
# Native memory allocation (mmap) failed to map 23068672 bytes. Error detail: G1 virtual space
# Possible reasons:
#   The system is out of physical RAM or swap space
#   This process is running with CompressedOops enabled, and the Java Heap may be blocking the growth of the native heap
# Possible solutions:
#   Reduce memory load on the system
#   Increase physical memory or swap space
#   Check if swap backing store is full
#   Decrease Java heap size (-Xmx/-Xms)
#   Decrease number of Java threads
#   Decrease Java thread stack sizes (-Xss)
#   Set larger code cache with -XX:ReservedCodeCacheSize=
#   JVM is running with Unscaled Compressed Oops mode in which the Java heap is
#     placed in the first 4GB address space. The Java Heap base address is the
#     maximum limit for the native heap growth. Please use -XX:HeapBaseMinAddress
#     to set the Java Heap base and to place the Java Heap above 4GB virtual address.
# This output file may be truncated or incomplete.
#
#  Out of Memory Error (os_windows.cpp:3926), pid=13528, tid=16804
#
# JRE version: OpenJDK Runtime Environment (21.0.10) (build 21.0.10+-14961533-b1163.108)
# Java VM: OpenJDK 64-Bit Server VM (21.0.10+-14961533-b1163.108, mixed mode, tiered, compressed oops, compressed class ptrs, g1 gc, windows-amd64)
# No core dump will be written. Minidumps are not enabled by default on client versions of Windows
#

---------------  S U M M A R Y ------------

Command Line: --add-opens=java.base/java.lang=ALL-UNNAMED --add-opens=java.base/java.lang.invoke=ALL-UNNAMED --add-opens=java.base/java.util=ALL-UNNAMED --add-opens=java.prefs/java.util.prefs=ALL-UNNAMED --add-exports=jdk.compiler/com.sun.tools.javac.api=ALL-UNNAMED --add-exports=jdk.compiler/com.sun.tools.javac.util=ALL-UNNAMED --add-opens=java.base/java.util=ALL-UNNAMED --add-opens=java.prefs/java.util.prefs=ALL-UNNAMED --add-opens=java.base/java.nio.charset=ALL-UNNAMED --add-opens=java.base/java.net=ALL-UNNAMED --add-opens=java.base/java.util.concurrent=ALL-UNNAMED --add-opens=java.base/java.util.concurrent.atomic=ALL-UNNAMED --add-opens=java.xml/javax.xml.namespace=ALL-UNNAMED --add-opens=java.base/java.time=ALL-UNNAMED -Xmx2048m -Dfile.encoding=UTF-8 -Duser.country=US -Duser.language=en -Duser.variant -javaagent:C:\Users\hcxys\.gradle\wrapper\dists\gradle-9.4.1-bin\arn2x92ynaizyzdaamcbpbhtj\gradle-9.4.1\lib\agents\gradle-instrumentation-agent-9.4.1.jar org.gradle.launcher.daemon.bootstrap.GradleDaemon 9.4.1

Host: Intel(R) N150, 4 cores, 3G,  Windows 11 , 64 bit Build 26100 (10.0.26100.8328)
Time: Sun May 31 20:08:38 2026 Eastern Daylight Time elapsed time: 34.109436 seconds (0d 0h 0m 34s)

---------------  T H R E A D  ---------------

Current thread (0x000001c9ec7de540):  VMThread "VM Thread"          [id=16804, stack(0x0000009103100000,0x0000009103200000) (1024K)]

Stack: [0x0000009103100000,0x0000009103200000]
Native frames: (J=compiled Java code, j=interpreted, Vv=VM code, C=native code)
V  [jvm.dll+0x6d78a9]
V  [jvm.dll+0x8665b3]
V  [jvm.dll+0x868bde]
V  [jvm.dll+0x8692c3]
V  [jvm.dll+0x280ee6]
V  [jvm.dll+0x6d4165]
V  [jvm.dll+0x6c77fa]
V  [jvm.dll+0x358f4b]
V  [jvm.dll+0x360bc6]
V  [jvm.dll+0x3b2ea6]
V  [jvm.dll+0x3b3178]
V  [jvm.dll+0x32b65c]
V  [jvm.dll+0x32e066]
V  [jvm.dll+0x337f3d]
V  [jvm.dll+0x36f6a5]
V  [jvm.dll+0x86f048]
V  [jvm.dll+0x870394]
V  [jvm.dll+0x8708d0]
V  [jvm.dll+0x870b63]
V  [jvm.dll+0x80fd28]
V  [jvm.dll+0x6d60fd]
C  [ucrtbase.dll+0x37b0]
C  [KERNEL32.DLL+0x2e957]
C  [ntdll.dll+0x427c]

VM_Operation (0x0000009102cff670): G1PauseRemark, mode: safepoint, requested by thread 0x000001c9d59e7d50


---------------  P R O C E S S  ---------------

Threads class SMR info:
_java_thread_list=0x000001c9f5b47620, length=41, elements={
0x000001c9d597e5c0, 0x000001c9ec955010, 0x000001c9ec956e50, 0x000001c9ec9578b0,
0x000001c9ec958960, 0x000001c9ec9593c0, 0x000001c9ec9626f0, 0x000001c9ec963150,
0x000001c9ec9876e0, 0x000001c9ec9a3590, 0x000001c9ecc8ffa0, 0x000001c9f352b240,
0x000001c9f1ce6660, 0x000001c9f209b2e0, 0x000001c9f26d6600, 0x000001c9f29230c0,
0x000001c9f38e8cc0, 0x000001c9f396bfe0, 0x000001c9f3985aa0, 0x000001c9f3986e50,
0x000001c9f39867c0, 0x000001c9f39846f0, 0x000001c9f3984d80, 0x000001c9f3985410,
0x000001c9f2c64cb0, 0x000001c9f2c62550, 0x000001c9f2c63270, 0x000001c9f2c62be0,
0x000001c9f2c63900, 0x000001c9f2c61ec0, 0x000001c9f2c659d0, 0x000001c9f2c66060,
0x000001c9f2c66d80, 0x000001c9f2c67410, 0x000001c9f2c63f90, 0x000001c9f2c666f0,
0x000001c9f2c64620, 0x000001c9f2c68130, 0x000001c9f2c687c0, 0x000001c9f2c694e0,
0x000001c9f5ab6cb0
}

Java Threads: ( => current thread )
  0x000001c9d597e5c0 JavaThread "main"                              [_thread_blocked, id=15104, stack(0x0000009102a00000,0x0000009102b00000) (1024K)]
  0x000001c9ec955010 JavaThread "Common-Cleaner"             daemon [_thread_blocked, id=13992, stack(0x0000009103200000,0x0000009103300000) (1024K)]
  0x000001c9ec956e50 JavaThread "Reference Handler"          daemon [_thread_blocked, id=15016, stack(0x0000009103300000,0x0000009103400000) (1024K)]
  0x000001c9ec9578b0 JavaThread "Finalizer"                  daemon [_thread_blocked, id=13556, stack(0x0000009103400000,0x0000009103500000) (1024K)]
  0x000001c9ec958960 JavaThread "Signal Dispatcher"          daemon [_thread_blocked, id=16340, stack(0x0000009103500000,0x0000009103600000) (1024K)]
  0x000001c9ec9593c0 JavaThread "Attach Listener"            daemon [_thread_blocked, id=14320, stack(0x0000009103600000,0x0000009103700000) (1024K)]
  0x000001c9ec9626f0 JavaThread "Service Thread"             daemon [_thread_blocked, id=6088, stack(0x0000009103700000,0x0000009103800000) (1024K)]
  0x000001c9ec963150 JavaThread "Monitor Deflation Thread"   daemon [_thread_blocked, id=1588, stack(0x0000009103800000,0x0000009103900000) (1024K)]
  0x000001c9ec9876e0 JavaThread "C2 CompilerThread0"         daemon [_thread_blocked, id=16280, stack(0x0000009103900000,0x0000009103a00000) (1024K)]
  0x000001c9ec9a3590 JavaThread "C1 CompilerThread0"         daemon [_thread_blocked, id=8980, stack(0x0000009103a00000,0x0000009103b00000) (1024K)]
  0x000001c9ecc8ffa0 JavaThread "Notification Thread"        daemon [_thread_blocked, id=7612, stack(0x0000009103b00000,0x0000009103c00000) (1024K)]
  0x000001c9f352b240 JavaThread "Daemon health stats"               [_thread_blocked, id=16768, stack(0x0000009103f00000,0x0000009104000000) (1024K)]
  0x000001c9f1ce6660 JavaThread "Incoming local TCP Connector on port 50505"        [_thread_in_native, id=17136, stack(0x0000009104100000,0x0000009104200000) (1024K)]
  0x000001c9f209b2e0 JavaThread "Daemon periodic checks"            [_thread_blocked, id=1188, stack(0x0000009104200000,0x0000009104300000) (1024K)]
  0x000001c9f26d6600 JavaThread "Daemon"                            [_thread_blocked, id=6164, stack(0x0000009104300000,0x0000009104400000) (1024K)]
  0x000001c9f29230c0 JavaThread "Handler for socket connection from /127.0.0.1:50505 to /127.0.0.1:50506"        [_thread_in_native, id=17088, stack(0x0000009104400000,0x0000009104500000) (1024K)]
  0x000001c9f38e8cc0 JavaThread "Cancel handler"                    [_thread_blocked, id=15956, stack(0x0000009104500000,0x0000009104600000) (1024K)]
  0x000001c9f396bfe0 JavaThread "Daemon worker"                     [_thread_blocked, id=15948, stack(0x0000009104600000,0x0000009104700000) (1024K)]
  0x000001c9f3985aa0 JavaThread "Asynchronous log dispatcher for DefaultDaemonConnection: socket connection from /127.0.0.1:50505 to /127.0.0.1:50506"        [_thread_blocked, id=14224, stack(0x0000009104700000,0x0000009104800000) (1024K)]
  0x000001c9f3986e50 JavaThread "Stdin handler"                     [_thread_blocked, id=312, stack(0x0000009104800000,0x0000009104900000) (1024K)]
  0x000001c9f39867c0 JavaThread "Daemon client event forwarder"        [_thread_blocked, id=5080, stack(0x0000009104900000,0x0000009104a00000) (1024K)]
  0x000001c9f39846f0 JavaThread "Cache worker for journal cache (C:\Users\hcxys\.gradle\caches\journal-1)"        [_thread_blocked, id=672, stack(0x0000009104000000,0x0000009104100000) (1024K)]
  0x000001c9f3984d80 JavaThread "File lock request listener"        [_thread_in_native, id=13832, stack(0x0000009104a00000,0x0000009104b00000) (1024K)]
  0x000001c9f3985410 JavaThread "Cache worker for file hash cache (C:\Users\hcxys\.gradle\caches\9.4.1\fileHashes)"        [_thread_blocked, id=3608, stack(0x0000009104c00000,0x0000009104d00000) (1024K)]
  0x000001c9f2c64cb0 JavaThread "Cache worker for file hash cache (C:\Users\hcxys\AndroidStudioProjects\MyApplication\.gradle\9.4.1\fileHashes)"        [_thread_blocked, id=3500, stack(0x0000009104d00000,0x0000009104e00000) (1024K)]
  0x000001c9f2c62550 JavaThread "Cache worker for Build Output Cleanup Cache (C:\Users\hcxys\AndroidStudioProjects\MyApplication\.gradle\buildOutputCleanup)"        [_thread_blocked, id=10008, stack(0x0000009104e00000,0x0000009104f00000) (1024K)]
  0x000001c9f2c63270 JavaThread "File watcher server"        daemon [_thread_in_native, id=13908, stack(0x0000009104f00000,0x0000009105000000) (1024K)]
  0x000001c9f2c62be0 JavaThread "File watcher consumer"      daemon [_thread_blocked, id=12624, stack(0x0000009105000000,0x0000009105100000) (1024K)]
  0x000001c9f2c63900 JavaThread "jar transforms"                    [_thread_blocked, id=13476, stack(0x0000009105100000,0x0000009105200000) (1024K)]
  0x000001c9f2c61ec0 JavaThread "jar transforms Thread 2"           [_thread_blocked, id=1476, stack(0x0000009105200000,0x0000009105300000) (1024K)]
  0x000001c9f2c659d0 JavaThread "jar transforms Thread 3"           [_thread_blocked, id=17276, stack(0x0000009105300000,0x0000009105400000) (1024K)]
  0x000001c9f2c66060 JavaThread "jar transforms Thread 4"           [_thread_blocked, id=16636, stack(0x0000009105400000,0x0000009105500000) (1024K)]
  0x000001c9f2c66d80 JavaThread "Cache worker for file content cache (C:\Users\hcxys\.gradle\caches\9.4.1\fileContent)"        [_thread_blocked, id=15256, stack(0x0000009104b00000,0x0000009104c00000) (1024K)]
  0x000001c9f2c67410 JavaThread "Cache worker for checksums cache (C:\Users\hcxys\AndroidStudioProjects\MyApplication\.gradle\9.4.1\checksums)"        [_thread_blocked, id=2860, stack(0x0000009105500000,0x0000009105600000) (1024K)]
  0x000001c9f2c63f90 JavaThread "Cache worker for cache directory md-supplier (C:\Users\hcxys\.gradle\caches\9.4.1\md-supplier)"        [_thread_blocked, id=17292, stack(0x0000009105600000,0x0000009105700000) (1024K)]
  0x000001c9f2c666f0 JavaThread "Cache worker for cache directory md-rule (C:\Users\hcxys\.gradle\caches\9.4.1\md-rule)"        [_thread_blocked, id=6936, stack(0x0000009105700000,0x0000009105800000) (1024K)]
  0x000001c9f2c64620 JavaThread "Build operations"                  [_thread_blocked, id=16396, stack(0x0000009105800000,0x0000009105900000) (1024K)]
  0x000001c9f2c68130 JavaThread "Build operations Thread 2"         [_thread_blocked, id=13884, stack(0x0000009105900000,0x0000009105a00000) (1024K)]
  0x000001c9f2c687c0 JavaThread "Build operations Thread 3"         [_thread_blocked, id=16444, stack(0x0000009105a00000,0x0000009105b00000) (1024K)]
  0x000001c9f2c694e0 JavaThread "Build operations Thread 4"         [_thread_blocked, id=8252, stack(0x0000009105b00000,0x0000009105c00000) (1024K)]
  0x000001c9f5ab6cb0 JavaThread "Memory manager"                    [_thread_blocked, id=17264, stack(0x0000009105c00000,0x0000009105d00000) (1024K)]
Total: 41

Other Threads:
=>0x000001c9ec7de540 VMThread "VM Thread"                           [id=16804, stack(0x0000009103100000,0x0000009103200000) (1024K)]
  0x000001c9ec74ac40 WatcherThread "VM Periodic Task Thread"        [id=5396, stack(0x0000009103000000,0x0000009103100000) (1024K)]
  0x000001c9d59d5f00 WorkerThread "GC Thread#0"                     [id=10044, stack(0x0000009102b00000,0x0000009102c00000) (1024K)]
  0x000001c9f1104eb0 WorkerThread "GC Thread#1"                     [id=16224, stack(0x0000009103d00000,0x0000009103e00000) (1024K)]
  0x000001c9ecc96080 WorkerThread "GC Thread#2"                     [id=8652, stack(0x0000009103e00000,0x0000009103f00000) (1024K)]
  0x000001c9f1e72c10 WorkerThread "GC Thread#3"                     [id=12968, stack(0x0000009103c00000,0x0000009103d00000) (1024K)]
  0x000001c9d59e7d50 ConcurrentGCThread "G1 Main Marker"            [id=15904, stack(0x0000009102c00000,0x0000009102d00000) (1024K)]
  0x000001c9d358cf00 WorkerThread "G1 Conc#0"                       [id=14776, stack(0x0000009102d00000,0x0000009102e00000) (1024K)]
  0x000001c9ec614140 ConcurrentGCThread "G1 Refine#0"               [id=16776, stack(0x0000009102e00000,0x0000009102f00000) (1024K)]
  0x000001c9ec614970 ConcurrentGCThread "G1 Service"                [id=16604, stack(0x0000009102f00000,0x0000009103000000) (1024K)]
Total: 10

Threads with active compile tasks:
C2 CompilerThread0  34527 10317 % !   4       org.jetbrains.kotlin.cli.jvm.compiler.jarfs.FastJarHandler::<init> @ 204 (551 bytes)
C1 CompilerThread0  34528 10318   !   3       java.io.IoOverNioFileSystem::isInvalid (65 bytes)
Total: 2

VM state: at safepoint (normal execution)

VM Mutex/Monitor currently owned by a thread:  ([mutex/lock_event])
[0x00007fff3cf186d0] Threads_lock - owner thread: 0x000001c9ec7de540
[0x00007fff3cf187d0] Heap_lock - owner thread: 0x000001c9d59e7d50

Heap address: 0x0000000080000000, size: 2048 MB, Compressed Oops mode: 32-bit

CDS archive(s) not mapped
Compressed class space mapped at: 0x0000000100000000-0x0000000140000000, reserved size: 1073741824
Narrow klass base: 0x0000000000000000, Narrow klass shift: 3, Narrow klass range: 0x140000000

GC Precious Log:
 CardTable entry size: 512
 Card Set container configuration: InlinePtr #cards 5 size 8 Array Of Cards #cards 12 size 40 Howl #buckets 4 coarsen threshold 1843 Howl Bitmap #cards 512 size 80 coarsen threshold 460 Card regions per heap region 1 cards per card region 2048
 CPUs: 4 total, 4 available
 Memory: 3751M
 Large Page Support: Disabled
 NUMA Support: Disabled
 Compressed Oops: Enabled (32-bit)
 Heap Region Size: 1M
 Heap Min Capacity: 8M
 Heap Initial Capacity: 60M
 Heap Max Capacity: 2G
 Pre-touch: Disabled
 Parallel Workers: 4
 Concurrent Workers: 1
 Concurrent Refinement Workers: 4
 Periodic GC: Disabled

Heap:
 garbage-first heap   total 194560K, used 129446K [0x0000000080000000, 0x0000000100000000)
  region size 1024K, 9 young (9216K), 8 survivors (8192K)
 Metaspace       used 107461K, committed 109632K, reserved 1179648K
  class space    used 15351K, committed 16384K, reserved 1048576K

Heap Regions: E=young(eden), S=young(survivor), O=old, HS=humongous(starts), HC=humongous(continues), CS=collection set, F=free, TAMS=top-at-mark-start, PB=parsable bottom
|   0|0x0000000080000000, 0x0000000080100000, 0x0000000080100000|100%|HS|  |TAMS 0x0000000080100000| PB 0x0000000080000000| Complete 
|   1|0x0000000080100000, 0x0000000080200000, 0x0000000080200000|100%|HC|  |TAMS 0x0000000080200000| PB 0x0000000080100000| Complete 
|   2|0x0000000080200000, 0x0000000080300000, 0x0000000080300000|100%|HC|  |TAMS 0x0000000080300000| PB 0x0000000080200000| Complete 
|   3|0x0000000080300000, 0x0000000080400000, 0x0000000080400000|100%|HC|  |TAMS 0x0000000080400000| PB 0x0000000080300000| Complete 
|   4|0x0000000080400000, 0x0000000080500000, 0x0000000080500000|100%| O|  |TAMS 0x0000000080500000| PB 0x0000000080500000| Untracked 
|   5|0x0000000080500000, 0x0000000080600000, 0x0000000080600000|100%| O|  |TAMS 0x0000000080600000| PB 0x0000000080600000| Untracked 
|   6|0x0000000080600000, 0x0000000080700000, 0x0000000080700000|100%| O|  |TAMS 0x0000000080700000| PB 0x0000000080700000| Untracked 
|   7|0x0000000080700000, 0x0000000080800000, 0x0000000080800000|100%| O|  |TAMS 0x0000000080800000| PB 0x0000000080800000| Untracked 
|   8|0x0000000080800000, 0x0000000080900000, 0x0000000080900000|100%|HS|  |TAMS 0x0000000080900000| PB 0x0000000080800000| Complete 
|   9|0x0000000080900000, 0x0000000080a00000, 0x0000000080a00000|100%| O|  |TAMS 0x0000000080a00000| PB 0x0000000080a00000| Untracked 
|  10|0x0000000080a00000, 0x0000000080b00000, 0x0000000080b00000|100%| O|  |TAMS 0x0000000080b00000| PB 0x0000000080b00000| Untracked 
|  11|0x0000000080b00000, 0x0000000080c00000, 0x0000000080c00000|100%| O|  |TAMS 0x0000000080c00000| PB 0x0000000080c00000| Untracked 
|  12|0x0000000080c00000, 0x0000000080d00000, 0x0000000080d00000|100%| O|  |TAMS 0x0000000080d00000| PB 0x0000000080d00000| Untracked 
|  13|0x0000000080d00000, 0x0000000080e00000, 0x0000000080e00000|100%| O|  |TAMS 0x0000000080e00000| PB 0x0000000080e00000| Untracked 
|  14|0x0000000080e00000, 0x0000000080f00000, 0x0000000080f00000|100%| O|  |TAMS 0x0000000080f00000| PB 0x0000000080f00000| Untracked 
|  15|0x0000000080f00000, 0x0000000081000000, 0x0000000081000000|100%| O|  |TAMS 0x0000000081000000| PB 0x0000000081000000| Untracked 
|  16|0x0000000081000000, 0x0000000081100000, 0x0000000081100000|100%| O|  |TAMS 0x0000000081100000| PB 0x0000000081100000| Untracked 
|  17|0x0000000081100000, 0x0000000081200000, 0x0000000081200000|100%| O|  |TAMS 0x0000000081200000| PB 0x0000000081200000| Untracked 
|  18|0x0000000081200000, 0x0000000081300000, 0x0000000081300000|100%| O|  |TAMS 0x0000000081300000| PB 0x0000000081300000| Untracked 
|  19|0x0000000081300000, 0x0000000081400000, 0x0000000081400000|100%| O|  |TAMS 0x0000000081400000| PB 0x0000000081400000| Untracked 
|  20|0x0000000081400000, 0x0000000081500000, 0x0000000081500000|100%|HS|  |TAMS 0x0000000081500000| PB 0x0000000081400000| Complete 
|  21|0x0000000081500000, 0x0000000081600000, 0x0000000081600000|100%| O|  |TAMS 0x0000000081600000| PB 0x0000000081600000| Updating 
|  22|0x0000000081600000, 0x0000000081700000, 0x0000000081700000|100%| O|  |TAMS 0x0000000081700000| PB 0x0000000081700000| Updating 
|  23|0x0000000081700000, 0x0000000081800000, 0x0000000081800000|100%|HS|  |TAMS 0x0000000081800000| PB 0x0000000081700000| Complete 
|  24|0x0000000081800000, 0x0000000081900000, 0x0000000081900000|100%|HC|  |TAMS 0x0000000081900000| PB 0x0000000081800000| Complete 
|  25|0x0000000081900000, 0x0000000081a00000, 0x0000000081a00000|100%|HC|  |TAMS 0x0000000081a00000| PB 0x0000000081900000| Complete 
|  26|0x0000000081a00000, 0x0000000081b00000, 0x0000000081b00000|100%|HC|  |TAMS 0x0000000081b00000| PB 0x0000000081a00000| Complete 
|  27|0x0000000081b00000, 0x0000000081c00000, 0x0000000081c00000|100%|HC|  |TAMS 0x0000000081c00000| PB 0x0000000081b00000| Complete 
|  28|0x0000000081c00000, 0x0000000081d00000, 0x0000000081d00000|100%|HC|  |TAMS 0x0000000081d00000| PB 0x0000000081c00000| Complete 
|  29|0x0000000081d00000, 0x0000000081e00000, 0x0000000081e00000|100%|HS|  |TAMS 0x0000000081e00000| PB 0x0000000081d00000| Complete 
|  30|0x0000000081e00000, 0x0000000081f00000, 0x0000000081f00000|100%|HC|  |TAMS 0x0000000081f00000| PB 0x0000000081e00000| Complete 
|  31|0x0000000081f00000, 0x0000000082000000, 0x0000000082000000|100%|HS|  |TAMS 0x0000000082000000| PB 0x0000000081f00000| Complete 
|  32|0x0000000082000000, 0x0000000082100000, 0x0000000082100000|100%|HS|  |TAMS 0x0000000082100000| PB 0x0000000082000000| Complete 
|  33|0x0000000082100000, 0x0000000082200000, 0x0000000082200000|100%|HC|  |TAMS 0x0000000082200000| PB 0x0000000082100000| Complete 
|  34|0x0000000082200000, 0x0000000082300000, 0x0000000082300000|100%|HC|  |TAMS 0x0000000082300000| PB 0x0000000082200000| Complete 
|  35|0x0000000082300000, 0x0000000082400000, 0x0000000082400000|100%|HC|  |TAMS 0x0000000082400000| PB 0x0000000082300000| Complete 
|  36|0x0000000082400000, 0x0000000082500000, 0x0000000082500000|100%|HC|  |TAMS 0x0000000082500000| PB 0x0000000082400000| Complete 
|  37|0x0000000082500000, 0x0000000082600000, 0x0000000082600000|100%|HC|  |TAMS 0x0000000082600000| PB 0x0000000082500000| Complete 
|  38|0x0000000082600000, 0x0000000082700000, 0x0000000082700000|100%|HS|  |TAMS 0x0000000082700000| PB 0x0000000082600000| Complete 
|  39|0x0000000082700000, 0x0000000082800000, 0x0000000082800000|100%|HC|  |TAMS 0x0000000082800000| PB 0x0000000082700000| Complete 
|  40|0x0000000082800000, 0x0000000082900000, 0x0000000082900000|100%|HS|  |TAMS 0x0000000082900000| PB 0x0000000082800000| Complete 
|  41|0x0000000082900000, 0x0000000082a00000, 0x0000000082a00000|100%| O|  |TAMS 0x0000000082a00000| PB 0x0000000082a00000| Untracked 
|  42|0x0000000082a00000, 0x0000000082b00000, 0x0000000082b00000|100%| O|  |TAMS 0x0000000082b00000| PB 0x0000000082b00000| Untracked 
|  43|0x0000000082b00000, 0x0000000082c00000, 0x0000000082c00000|100%| O|  |TAMS 0x0000000082c00000| PB 0x0000000082c00000| Updating 
|  44|0x0000000082c00000, 0x0000000082d00000, 0x0000000082d00000|100%| O|  |TAMS 0x0000000082d00000| PB 0x0000000082d00000| Updating 
|  45|0x0000000082d00000, 0x0000000082e00000, 0x0000000082e00000|100%| O|  |TAMS 0x0000000082e00000| PB 0x0000000082e00000| Untracked 
|  46|0x0000000082e00000, 0x0000000082f00000, 0x0000000082f00000|100%| O|  |TAMS 0x0000000082f00000| PB 0x0000000082f00000| Untracked 
|  47|0x0000000082f00000, 0x0000000083000000, 0x0000000083000000|100%| O|  |TAMS 0x0000000083000000| PB 0x0000000083000000| Updating 
|  48|0x0000000083000000, 0x0000000083100000, 0x0000000083100000|100%| O|  |TAMS 0x0000000083100000| PB 0x0000000083100000| Untracked 
|  49|0x0000000083100000, 0x0000000083200000, 0x0000000083200000|100%| O|  |TAMS 0x0000000083200000| PB 0x0000000083200000| Untracked 
|  50|0x0000000083200000, 0x0000000083300000, 0x0000000083300000|100%| O|  |TAMS 0x0000000083300000| PB 0x0000000083300000| Untracked 
|  51|0x0000000083300000, 0x0000000083400000, 0x0000000083400000|100%| O|  |TAMS 0x0000000083400000| PB 0x0000000083400000| Untracked 
|  52|0x0000000083400000, 0x0000000083500000, 0x0000000083500000|100%| O|  |TAMS 0x0000000083500000| PB 0x0000000083500000| Untracked 
|  53|0x0000000083500000, 0x0000000083600000, 0x0000000083600000|100%|HS|  |TAMS 0x0000000083600000| PB 0x0000000083500000| Complete 
|  54|0x0000000083600000, 0x0000000083700000, 0x0000000083700000|100%|HC|  |TAMS 0x0000000083700000| PB 0x0000000083600000| Complete 
|  55|0x0000000083700000, 0x0000000083800000, 0x0000000083800000|100%| O|  |TAMS 0x0000000083800000| PB 0x0000000083800000| Updating 
|  56|0x0000000083800000, 0x0000000083900000, 0x0000000083900000|100%| O|  |TAMS 0x0000000083900000| PB 0x0000000083900000| Untracked 
|  57|0x0000000083900000, 0x0000000083a00000, 0x0000000083a00000|100%| O|  |TAMS 0x0000000083a00000| PB 0x0000000083a00000| Untracked 
|  58|0x0000000083a00000, 0x0000000083b00000, 0x0000000083b00000|100%| O|  |TAMS 0x0000000083b00000| PB 0x0000000083b00000| Untracked 
|  59|0x0000000083b00000, 0x0000000083c00000, 0x0000000083c00000|100%| O|  |TAMS 0x0000000083c00000| PB 0x0000000083c00000| Updating 
|  60|0x0000000083c00000, 0x0000000083d00000, 0x0000000083d00000|100%| O|  |TAMS 0x0000000083d00000| PB 0x0000000083d00000| Untracked 
|  61|0x0000000083d00000, 0x0000000083e00000, 0x0000000083e00000|100%| O|  |TAMS 0x0000000083e00000| PB 0x0000000083e00000| Untracked 
|  62|0x0000000083e00000, 0x0000000083f00000, 0x0000000083f00000|100%| O|  |TAMS 0x0000000083f00000| PB 0x0000000083f00000| Updating 
|  63|0x0000000083f00000, 0x0000000084000000, 0x0000000084000000|100%| O|  |TAMS 0x0000000084000000| PB 0x0000000084000000| Untracked 
|  64|0x0000000084000000, 0x0000000084100000, 0x0000000084100000|100%| O|  |TAMS 0x0000000084100000| PB 0x0000000084100000| Untracked 
|  65|0x0000000084100000, 0x0000000084200000, 0x0000000084200000|100%| O|  |TAMS 0x0000000084200000| PB 0x0000000084200000| Untracked 
|  66|0x0000000084200000, 0x0000000084300000, 0x0000000084300000|100%|HS|  |TAMS 0x0000000084300000| PB 0x0000000084200000| Complete 
|  67|0x0000000084300000, 0x0000000084400000, 0x0000000084400000|100%| O|  |TAMS 0x0000000084400000| PB 0x0000000084400000| Untracked 
|  68|0x0000000084400000, 0x0000000084500000, 0x0000000084500000|100%| O|  |TAMS 0x0000000084500000| PB 0x0000000084500000| Untracked 
|  69|0x0000000084500000, 0x0000000084600000, 0x0000000084600000|100%|HS|  |TAMS 0x0000000084600000| PB 0x0000000084500000| Complete 
|  70|0x0000000084600000, 0x0000000084700000, 0x0000000084700000|100%|HS|  |TAMS 0x0000000084700000| PB 0x0000000084600000| Complete 
|  71|0x0000000084700000, 0x0000000084800000, 0x0000000084800000|100%|HC|  |TAMS 0x0000000084800000| PB 0x0000000084700000| Complete 
|  72|0x0000000084800000, 0x0000000084900000, 0x0000000084900000|100%| O|  |TAMS 0x0000000084900000| PB 0x0000000084900000| Untracked 
|  73|0x0000000084900000, 0x0000000084a00000, 0x0000000084a00000|100%|HS|  |TAMS 0x0000000084a00000| PB 0x0000000084900000| Complete 
|  74|0x0000000084a00000, 0x0000000084b00000, 0x0000000084b00000|100%|HS|  |TAMS 0x0000000084b00000| PB 0x0000000084a00000| Complete 
|  75|0x0000000084b00000, 0x0000000084c00000, 0x0000000084c00000|100%| O|  |TAMS 0x0000000084c00000| PB 0x0000000084c00000| Untracked 
|  76|0x0000000084c00000, 0x0000000084d00000, 0x0000000084d00000|100%|HS|  |TAMS 0x0000000084d00000| PB 0x0000000084c00000| Complete 
|  77|0x0000000084d00000, 0x0000000084e00000, 0x0000000084e00000|100%| O|  |TAMS 0x0000000084e00000| PB 0x0000000084e00000| Untracked 
|  78|0x0000000084e00000, 0x0000000084f00000, 0x0000000084f00000|100%|HS|  |TAMS 0x0000000084f00000| PB 0x0000000084e00000| Complete 
|  79|0x0000000084f00000, 0x0000000085000000, 0x0000000085000000|100%|HC|  |TAMS 0x0000000085000000| PB 0x0000000084f00000| Complete 
|  80|0x0000000085000000, 0x0000000085100000, 0x0000000085100000|100%| O|  |TAMS 0x0000000085100000| PB 0x0000000085100000| Untracked 
|  81|0x0000000085100000, 0x0000000085200000, 0x0000000085200000|100%| O|  |TAMS 0x0000000085200000| PB 0x0000000085200000| Untracked 
|  82|0x0000000085200000, 0x0000000085300000, 0x0000000085300000|100%|HS|  |TAMS 0x0000000085300000| PB 0x0000000085200000| Complete 
|  83|0x0000000085300000, 0x0000000085400000, 0x0000000085400000|100%| O|  |TAMS 0x0000000085400000| PB 0x0000000085400000| Untracked 
|  84|0x0000000085400000, 0x0000000085500000, 0x0000000085500000|100%| O|  |TAMS 0x0000000085500000| PB 0x0000000085500000| Untracked 
|  85|0x0000000085500000, 0x0000000085600000, 0x0000000085600000|100%| O|  |TAMS 0x0000000085600000| PB 0x0000000085600000| Untracked 
|  86|0x0000000085600000, 0x0000000085700000, 0x0000000085700000|100%| O|  |TAMS 0x0000000085600000| PB 0x0000000085600000| Untracked 
|  87|0x0000000085700000, 0x0000000085800000, 0x0000000085800000|100%| O|  |TAMS 0x0000000085800000| PB 0x0000000085800000| Untracked 
|  88|0x0000000085800000, 0x0000000085900000, 0x0000000085900000|100%| O|  |TAMS 0x0000000085900000| PB 0x0000000085900000| Updating 
|  89|0x0000000085900000, 0x0000000085a00000, 0x0000000085a00000|100%| O|  |TAMS 0x0000000085900000| PB 0x0000000085900000| Untracked 
|  90|0x0000000085a00000, 0x0000000085b00000, 0x0000000085b00000|100%| O|  |TAMS 0x0000000085b00000| PB 0x0000000085b00000| Untracked 
|  91|0x0000000085b00000, 0x0000000085c00000, 0x0000000085c00000|100%| O|  |TAMS 0x0000000085c00000| PB 0x0000000085c00000| Updating 
|  92|0x0000000085c00000, 0x0000000085d00000, 0x0000000085d00000|100%| O|  |TAMS 0x0000000085d00000| PB 0x0000000085d00000| Untracked 
|  93|0x0000000085d00000, 0x0000000085e00000, 0x0000000085e00000|100%| O|  |TAMS 0x0000000085e00000| PB 0x0000000085e00000| Untracked 
|  94|0x0000000085e00000, 0x0000000085f00000, 0x0000000085f00000|100%| O|  |TAMS 0x0000000085ee3008| PB 0x0000000085ee3008| Untracked 
|  95|0x0000000085f00000, 0x0000000086000000, 0x0000000086000000|100%| O|  |TAMS 0x0000000085f00000| PB 0x0000000085f00000| Untracked 
|  96|0x0000000086000000, 0x0000000086100000, 0x0000000086100000|100%| S|CS|TAMS 0x0000000086000000| PB 0x0000000086000000| Complete 
|  97|0x0000000086100000, 0x0000000086200000, 0x0000000086200000|100%| S|CS|TAMS 0x0000000086100000| PB 0x0000000086100000| Complete 
|  98|0x0000000086200000, 0x0000000086300000, 0x0000000086300000|100%| S|CS|TAMS 0x0000000086200000| PB 0x0000000086200000| Complete 
|  99|0x0000000086300000, 0x0000000086400000, 0x0000000086400000|100%| O|  |TAMS 0x0000000086400000| PB 0x0000000086400000| Updating 
| 100|0x0000000086400000, 0x0000000086400000, 0x0000000086500000|  0%| F|  |TAMS 0x0000000086400000| PB 0x0000000086400000| Untracked 
| 101|0x0000000086500000, 0x0000000086500000, 0x0000000086600000|  0%| F|  |TAMS 0x0000000086500000| PB 0x0000000086500000| Untracked 
| 102|0x0000000086600000, 0x0000000086600000, 0x0000000086700000|  0%| F|  |TAMS 0x0000000086600000| PB 0x0000000086600000| Untracked 
| 103|0x0000000086700000, 0x0000000086700000, 0x0000000086800000|  0%| F|  |TAMS 0x0000000086700000| PB 0x0000000086700000| Untracked 
| 104|0x0000000086800000, 0x0000000086800000, 0x0000000086900000|  0%| F|  |TAMS 0x0000000086800000| PB 0x0000000086800000| Untracked 
| 105|0x0000000086900000, 0x0000000086a00000, 0x0000000086a00000|100%| S|CS|TAMS 0x0000000086900000| PB 0x0000000086900000| Complete 
| 106|0x0000000086a00000, 0x0000000086b00000, 0x0000000086b00000|100%| S|CS|TAMS 0x0000000086a00000| PB 0x0000000086a00000| Complete 
| 107|0x0000000086b00000, 0x0000000086c00000, 0x0000000086c00000|100%| S|CS|TAMS 0x0000000086b00000| PB 0x0000000086b00000| Complete 
| 108|0x0000000086c00000, 0x0000000086d00000, 0x0000000086d00000|100%| S|CS|TAMS 0x0000000086c00000| PB 0x0000000086c00000| Complete 
| 109|0x0000000086d00000, 0x0000000086e00000, 0x0000000086e00000|100%| S|CS|TAMS 0x0000000086d00000| PB 0x0000000086d00000| Complete 
| 110|0x0000000086e00000, 0x0000000086e00000, 0x0000000086f00000|  0%| F|  |TAMS 0x0000000086e00000| PB 0x0000000086e00000| Untracked 
| 111|0x0000000086f00000, 0x0000000086f00000, 0x0000000087000000|  0%| F|  |TAMS 0x0000000086f00000| PB 0x0000000086f00000| Untracked 
| 112|0x0000000087000000, 0x0000000087000000, 0x0000000087100000|  0%| F|  |TAMS 0x0000000087000000| PB 0x0000000087000000| Untracked 
| 113|0x0000000087100000, 0x0000000087100000, 0x0000000087200000|  0%| F|  |TAMS 0x0000000087100000| PB 0x0000000087100000| Untracked 
| 114|0x0000000087200000, 0x0000000087200000, 0x0000000087300000|  0%| F|  |TAMS 0x0000000087200000| PB 0x0000000087200000| Untracked 
| 115|0x0000000087300000, 0x0000000087300000, 0x0000000087400000|  0%| F|  |TAMS 0x0000000087300000| PB 0x0000000087300000| Untracked 
| 116|0x0000000087400000, 0x0000000087400000, 0x0000000087500000|  0%| F|  |TAMS 0x0000000087400000| PB 0x0000000087400000| Untracked 
| 117|0x0000000087500000, 0x0000000087500000, 0x0000000087600000|  0%| F|  |TAMS 0x0000000087500000| PB 0x0000000087500000| Untracked 
| 118|0x0000000087600000, 0x0000000087600000, 0x0000000087700000|  0%| F|  |TAMS 0x0000000087600000| PB 0x0000000087600000| Untracked 
| 119|0x0000000087700000, 0x0000000087700000, 0x0000000087800000|  0%| F|  |TAMS 0x0000000087700000| PB 0x0000000087700000| Untracked 
| 120|0x0000000087800000, 0x0000000087800000, 0x0000000087900000|  0%| F|  |TAMS 0x0000000087800000| PB 0x0000000087800000| Untracked 
| 121|0x0000000087900000, 0x0000000087900000, 0x0000000087a00000|  0%| F|  |TAMS 0x0000000087900000| PB 0x0000000087900000| Untracked 
| 122|0x0000000087a00000, 0x0000000087a00000, 0x0000000087b00000|  0%| F|  |TAMS 0x0000000087a00000| PB 0x0000000087a00000| Untracked 
| 123|0x0000000087b00000, 0x0000000087b00000, 0x0000000087c00000|  0%| F|  |TAMS 0x0000000087b00000| PB 0x0000000087b00000| Untracked 
| 124|0x0000000087c00000, 0x0000000087c00000, 0x0000000087d00000|  0%| F|  |TAMS 0x0000000087c00000| PB 0x0000000087c00000| Untracked 
| 125|0x0000000087d00000, 0x0000000087d00000, 0x0000000087e00000|  0%| F|  |TAMS 0x0000000087d00000| PB 0x0000000087d00000| Untracked 
| 126|0x0000000087e00000, 0x0000000087e00000, 0x0000000087f00000|  0%| F|  |TAMS 0x0000000087e00000| PB 0x0000000087e00000| Untracked 
| 127|0x0000000087f00000, 0x0000000087f00000, 0x0000000088000000|  0%| F|  |TAMS 0x0000000087f00000| PB 0x0000000087f00000| Untracked 
| 128|0x0000000088000000, 0x0000000088000000, 0x0000000088100000|  0%| F|  |TAMS 0x0000000088000000| PB 0x0000000088000000| Untracked 
| 129|0x0000000088100000, 0x0000000088100000, 0x0000000088200000|  0%| F|  |TAMS 0x0000000088100000| PB 0x0000000088100000| Untracked 
| 130|0x0000000088200000, 0x0000000088200000, 0x0000000088300000|  0%| F|  |TAMS 0x0000000088200000| PB 0x0000000088200000| Untracked 
| 131|0x0000000088300000, 0x0000000088300000, 0x0000000088400000|  0%| F|  |TAMS 0x0000000088300000| PB 0x0000000088300000| Untracked 
| 132|0x0000000088400000, 0x0000000088400000, 0x0000000088500000|  0%| F|  |TAMS 0x0000000088400000| PB 0x0000000088400000| Untracked 
| 133|0x0000000088500000, 0x0000000088500000, 0x0000000088600000|  0%| F|  |TAMS 0x0000000088500000| PB 0x0000000088500000| Untracked 
| 134|0x0000000088600000, 0x0000000088600000, 0x0000000088700000|  0%| F|  |TAMS 0x0000000088600000| PB 0x0000000088600000| Untracked 
| 135|0x0000000088700000, 0x0000000088700000, 0x0000000088800000|  0%| F|  |TAMS 0x0000000088700000| PB 0x0000000088700000| Untracked 
| 136|0x0000000088800000, 0x0000000088800000, 0x0000000088900000|  0%| F|  |TAMS 0x0000000088800000| PB 0x0000000088800000| Untracked 
| 137|0x0000000088900000, 0x0000000088900000, 0x0000000088a00000|  0%| F|  |TAMS 0x0000000088900000| PB 0x0000000088900000| Untracked 
| 138|0x0000000088a00000, 0x0000000088a00000, 0x0000000088b00000|  0%| F|  |TAMS 0x0000000088a00000| PB 0x0000000088a00000| Untracked 
| 139|0x0000000088b00000, 0x0000000088b00000, 0x0000000088c00000|  0%| F|  |TAMS 0x0000000088b00000| PB 0x0000000088b00000| Untracked 
| 140|0x0000000088c00000, 0x0000000088c00000, 0x0000000088d00000|  0%| F|  |TAMS 0x0000000088c00000| PB 0x0000000088c00000| Untracked 
| 141|0x0000000088d00000, 0x0000000088d00000, 0x0000000088e00000|  0%| F|  |TAMS 0x0000000088d00000| PB 0x0000000088d00000| Untracked 
| 142|0x0000000088e00000, 0x0000000088e00000, 0x0000000088f00000|  0%| F|  |TAMS 0x0000000088e00000| PB 0x0000000088e00000| Untracked 
| 143|0x0000000088f00000, 0x0000000088f00000, 0x0000000089000000|  0%| F|  |TAMS 0x0000000088f00000| PB 0x0000000088f00000| Untracked 
| 144|0x0000000089000000, 0x0000000089000000, 0x0000000089100000|  0%| F|  |TAMS 0x0000000089000000| PB 0x0000000089000000| Untracked 
| 145|0x0000000089100000, 0x0000000089100000, 0x0000000089200000|  0%| F|  |TAMS 0x0000000089100000| PB 0x0000000089100000| Untracked 
| 146|0x0000000089200000, 0x0000000089200000, 0x0000000089300000|  0%| F|  |TAMS 0x0000000089200000| PB 0x0000000089200000| Untracked 
| 147|0x0000000089300000, 0x0000000089300000, 0x0000000089400000|  0%| F|  |TAMS 0x0000000089300000| PB 0x0000000089300000| Untracked 
| 148|0x0000000089400000, 0x0000000089400000, 0x0000000089500000|  0%| F|  |TAMS 0x0000000089400000| PB 0x0000000089400000| Untracked 
| 149|0x0000000089500000, 0x0000000089500000, 0x0000000089600000|  0%| F|  |TAMS 0x0000000089500000| PB 0x0000000089500000| Untracked 
| 150|0x0000000089600000, 0x0000000089600000, 0x0000000089700000|  0%| F|  |TAMS 0x0000000089600000| PB 0x0000000089600000| Untracked 
| 151|0x0000000089700000, 0x0000000089700000, 0x0000000089800000|  0%| F|  |TAMS 0x0000000089700000| PB 0x0000000089700000| Untracked 
| 152|0x0000000089800000, 0x0000000089800000, 0x0000000089900000|  0%| F|  |TAMS 0x0000000089800000| PB 0x0000000089800000| Untracked 
| 153|0x0000000089900000, 0x0000000089900000, 0x0000000089a00000|  0%| F|  |TAMS 0x0000000089900000| PB 0x0000000089900000| Untracked 
| 154|0x0000000089a00000, 0x0000000089a00000, 0x0000000089b00000|  0%| F|  |TAMS 0x0000000089a00000| PB 0x0000000089a00000| Untracked 
| 155|0x0000000089b00000, 0x0000000089b00000, 0x0000000089c00000|  0%| F|  |TAMS 0x0000000089b00000| PB 0x0000000089b00000| Untracked 
| 156|0x0000000089c00000, 0x0000000089c00000, 0x0000000089d00000|  0%| F|  |TAMS 0x0000000089c00000| PB 0x0000000089c00000| Untracked 
| 157|0x0000000089d00000, 0x0000000089d00000, 0x0000000089e00000|  0%| F|  |TAMS 0x0000000089d00000| PB 0x0000000089d00000| Untracked 
| 158|0x0000000089e00000, 0x0000000089e00000, 0x0000000089f00000|  0%| F|  |TAMS 0x0000000089e00000| PB 0x0000000089e00000| Untracked 
| 159|0x0000000089f00000, 0x0000000089f00000, 0x000000008a000000|  0%| F|  |TAMS 0x0000000089f00000| PB 0x0000000089f00000| Untracked 
| 160|0x000000008a000000, 0x000000008a000000, 0x000000008a100000|  0%| F|  |TAMS 0x000000008a000000| PB 0x000000008a000000| Untracked 
| 161|0x000000008a100000, 0x000000008a100000, 0x000000008a200000|  0%| F|  |TAMS 0x000000008a100000| PB 0x000000008a100000| Untracked 
| 162|0x000000008a200000, 0x000000008a200000, 0x000000008a300000|  0%| F|  |TAMS 0x000000008a200000| PB 0x000000008a200000| Untracked 
| 163|0x000000008a300000, 0x000000008a300000, 0x000000008a400000|  0%| F|  |TAMS 0x000000008a300000| PB 0x000000008a300000| Untracked 
| 164|0x000000008a400000, 0x000000008a400000, 0x000000008a500000|  0%| F|  |TAMS 0x000000008a400000| PB 0x000000008a400000| Untracked 
|2023|0x00000000fe700000, 0x00000000fe769ac0, 0x00000000fe800000| 41%| O|  |TAMS 0x00000000fe700000| PB 0x00000000fe700000| Updating 
|2024|0x00000000fe800000, 0x00000000fe900000, 0x00000000fe900000|100%| O|  |TAMS 0x00000000fe800000| PB 0x00000000fe800000| Untracked 
|2025|0x00000000fe900000, 0x00000000fea00000, 0x00000000fea00000|100%| O|  |TAMS 0x00000000fe900000| PB 0x00000000fe900000| Untracked 
|2026|0x00000000fea00000, 0x00000000feb00000, 0x00000000feb00000|100%| O|  |TAMS 0x00000000fea00000| PB 0x00000000fea00000| Untracked 
|2027|0x00000000feb00000, 0x00000000fec00000, 0x00000000fec00000|100%| O|  |TAMS 0x00000000feb00000| PB 0x00000000feb00000| Untracked 
|2028|0x00000000fec00000, 0x00000000fed00000, 0x00000000fed00000|100%| O|  |TAMS 0x00000000fec00000| PB 0x00000000fec00000| Untracked 
|2029|0x00000000fed00000, 0x00000000fee00000, 0x00000000fee00000|100%| O|  |TAMS 0x00000000fed00000| PB 0x00000000fed00000| Untracked 
|2030|0x00000000fee00000, 0x00000000fef00000, 0x00000000fef00000|100%| O|  |TAMS 0x00000000fee00000| PB 0x00000000fee00000| Untracked 
|2031|0x00000000fef00000, 0x00000000ff000000, 0x00000000ff000000|100%| O|  |TAMS 0x00000000fef00000| PB 0x00000000fef00000| Untracked 
|2032|0x00000000ff000000, 0x00000000ff100000, 0x00000000ff100000|100%| O|  |TAMS 0x00000000ff000000| PB 0x00000000ff000000| Untracked 
|2033|0x00000000ff100000, 0x00000000ff200000, 0x00000000ff200000|100%| O|  |TAMS 0x00000000ff200000| PB 0x00000000ff200000| Updating 
|2034|0x00000000ff200000, 0x00000000ff300000, 0x00000000ff300000|100%| O|  |TAMS 0x00000000ff300000| PB 0x00000000ff300000| Updating 
|2035|0x00000000ff300000, 0x00000000ff300000, 0x00000000ff400000|  0%| F|  |TAMS 0x00000000ff300000| PB 0x00000000ff300000| Untracked 
|2036|0x00000000ff400000, 0x00000000ff400000, 0x00000000ff500000|  0%| F|  |TAMS 0x00000000ff400000| PB 0x00000000ff400000| Untracked 
|2037|0x00000000ff500000, 0x00000000ff600000, 0x00000000ff600000|100%| O|  |TAMS 0x00000000ff600000| PB 0x00000000ff600000| Updating 
|2038|0x00000000ff600000, 0x00000000ff700000, 0x00000000ff700000|100%| O|  |TAMS 0x00000000ff700000| PB 0x00000000ff700000| Untracked 
|2039|0x00000000ff700000, 0x00000000ff800000, 0x00000000ff800000|100%| O|  |TAMS 0x00000000ff800000| PB 0x00000000ff800000| Updating 
|2040|0x00000000ff800000, 0x00000000ff900000, 0x00000000ff900000|100%| E|  |TAMS 0x00000000ff800000| PB 0x00000000ff800000| Complete 
|2041|0x00000000ff900000, 0x00000000ffa00000, 0x00000000ffa00000|100%| O|  |TAMS 0x00000000ffa00000| PB 0x00000000ffa00000| Untracked 
|2042|0x00000000ffa00000, 0x00000000ffb00000, 0x00000000ffb00000|100%| O|  |TAMS 0x00000000ffb00000| PB 0x00000000ffb00000| Untracked 
|2043|0x00000000ffb00000, 0x00000000ffc00000, 0x00000000ffc00000|100%| O|  |TAMS 0x00000000ffc00000| PB 0x00000000ffc00000| Untracked 
|2044|0x00000000ffc00000, 0x00000000ffd00000, 0x00000000ffd00000|100%| O|  |TAMS 0x00000000ffd00000| PB 0x00000000ffd00000| Untracked 
|2045|0x00000000ffd00000, 0x00000000ffe00000, 0x00000000ffe00000|100%| O|  |TAMS 0x00000000ffe00000| PB 0x00000000ffe00000| Untracked 
|2046|0x00000000ffe00000, 0x00000000fff00000, 0x00000000fff00000|100%| O|  |TAMS 0x00000000fff00000| PB 0x00000000fff00000| Updating 
|2047|0x00000000fff00000, 0x0000000100000000, 0x0000000100000000|100%| O|  |TAMS 0x0000000100000000| PB 0x0000000100000000| Untracked 

Card table byte_map: [0x000001c9e7eb0000,0x000001c9e82b0000] _byte_map_base: 0x000001c9e7ab0000

Marking Bits: (CMBitMap*) 0x000001c9d59d63c0
 Bits: [0x000001c9e82b0000, 0x000001c9ea2b0000)

Polling page: 0x000001c9d3720000

Metaspace:

Usage:
  Non-class:     89.95 MB used.
      Class:     14.99 MB used.
       Both:    104.94 MB used.

Virtual space:
  Non-class space:      128.00 MB reserved,      91.06 MB ( 71%) committed,  2 nodes.
      Class space:        1.00 GB reserved,      16.00 MB (  2%) committed,  1 nodes.
             Both:        1.12 GB reserved,     107.06 MB (  9%) committed. 

Chunk freelists:
   Non-Class:  4.14 MB
       Class:  15.81 MB
        Both:  19.95 MB

MaxMetaspaceSize: unlimited
CompressedClassSpaceSize: 1.00 GB
Initial GC threshold: 21.00 MB
Current GC threshold: 151.19 MB
CDS: off
 - commit_granule_bytes: 65536.
 - commit_granule_words: 8192.
 - virtual_space_node_default_size: 8388608.
 - enlarge_chunks_in_place: 1.
 - use_allocation_guard: 0.


Internal statistics:

num_allocs_failed_limit: 6.
num_arena_births: 4200.
num_arena_deaths: 0.
num_vsnodes_births: 3.
num_vsnodes_deaths: 0.
num_space_committed: 1713.
num_space_uncommitted: 0.
num_chunks_returned_to_freelist: 6.
num_chunks_taken_from_freelist: 8722.
num_chunk_merges: 6.
num_chunk_splits: 5797.
num_chunks_enlarged: 3744.
num_inconsistent_stats: 0.

CodeHeap 'non-profiled nmethods': size=120000Kb used=4965Kb max_used=5114Kb free=115034Kb
 bounds [0x000001c9e0580000, 0x000001c9e0a80000, 0x000001c9e7ab0000]
CodeHeap 'profiled nmethods': size=120000Kb used=15726Kb max_used=16233Kb free=104273Kb
 bounds [0x000001c9d8ab0000, 0x000001c9d9a90000, 0x000001c9dffe0000]
CodeHeap 'non-nmethods': size=5760Kb used=1989Kb max_used=2027Kb free=3770Kb
 bounds [0x000001c9dffe0000, 0x000001c9e0250000, 0x000001c9e0580000]
CodeCache: size=245760Kb, used=22680Kb, max_used=23374Kb, free=223077Kb
 total_blobs=9504, nmethods=8631, adapters=777, full_count=0
Compilation: enabled, stopped_count=0, restarted_count=0

Compilation events (20 events):
Event: 33.646 Thread 0x000001c9ec9876e0 10211       4       sun.nio.fs.WindowsPath::isAbsolute (26 bytes)
Event: 33.646 Thread 0x000001c9ec9876e0 nmethod 10211 0x000001c9e0a79290 code [0x000001c9e0a79420, 0x000001c9e0a794e0]
Event: 33.646 Thread 0x000001c9ec9876e0 10210       4       jdk.internal.misc.VM::isModuleSystemInited (13 bytes)
Event: 33.647 Thread 0x000001c9ec9876e0 nmethod 10210 0x000001c9e0a79590 code [0x000001c9e0a79720, 0x000001c9e0a797b8]
Event: 33.647 Thread 0x000001c9ec9876e0 10208       4       java.io.File::getAbsolutePath (8 bytes)
Event: 33.677 Thread 0x000001c9ec9876e0 nmethod 10208 0x000001c9e0a79890 code [0x000001c9e0a79be0, 0x000001c9e0a7ae40]
Event: 33.677 Thread 0x000001c9ec9876e0 10308       4       sun.nio.fs.WindowsFileSystem::supportedFileAttributeViews (4 bytes)
Event: 33.677 Thread 0x000001c9ec9876e0 nmethod 10308 0x000001c9e0a7be10 code [0x000001c9e0a7bfa0, 0x000001c9e0a7c030]
Event: 33.677 Thread 0x000001c9ec9876e0 10269       4       org.jetbrains.kotlin.com.intellij.openapi.util.text.StringUtil::equals (7 bytes)
Event: 33.690 Thread 0x000001c9ec9876e0 nmethod 10269 0x000001c9e0a7c110 code [0x000001c9e0a7c320, 0x000001c9e0a7c868]
Event: 33.690 Thread 0x000001c9ec9876e0 10254       4       org.jetbrains.kotlin.cli.jvm.compiler.jarfs.ByteArrayCharSequence::<init> (26 bytes)
Event: 33.692 Thread 0x000001c9ec9876e0 nmethod 10254 0x000001c9e0a7cd90 code [0x000001c9e0a7cf20, 0x000001c9e0a7d0a8]
Event: 33.733 Thread 0x000001c9ec9876e0 10314  s    4       org.jetbrains.kotlin.cli.jvm.compiler.jarfs.LargeDynamicMappedBuffer::withMappedRange (350 bytes)
Event: 33.742 Thread 0x000001c9ec9a3590 10315 %     3       org.jetbrains.kotlin.cli.jvm.compiler.jarfs.ZipImplementationKt::parseCentralDirectory @ 65 (105 bytes)
Event: 33.744 Thread 0x000001c9ec9a3590 nmethod 10315% 0x000001c9d9a86190 code [0x000001c9d9a86500, 0x000001c9d9a87cc8]
Event: 33.744 Thread 0x000001c9ec9a3590 10316       3       org.jetbrains.kotlin.cli.jvm.compiler.jarfs.ZipImplementationKt::parseCentralDirectory (105 bytes)
Event: 33.746 Thread 0x000001c9ec9a3590 nmethod 10316 0x000001c9d9a88590 code [0x000001c9d9a888e0, 0x000001c9d9a89e70]
Event: 33.748 Thread 0x000001c9ec9876e0 nmethod 10314 0x000001c9e0a7d190 code [0x000001c9e0a7d3e0, 0x000001c9e0a7dfd8]
Event: 33.748 Thread 0x000001c9ec9876e0 10317 % !   4       org.jetbrains.kotlin.cli.jvm.compiler.jarfs.FastJarHandler::<init> @ 204 (551 bytes)
Event: 33.794 Thread 0x000001c9ec9a3590 10318   !   3       java.io.IoOverNioFileSystem::isInvalid (65 bytes)

GC Heap History (20 events):
Event: 21.308 GC heap before
{Heap before GC invocations=29 (full 0):
 garbage-first heap   total 130048K, used 94465K [0x0000000080000000, 0x0000000100000000)
  region size 1024K, 18 young (18432K), 3 survivors (3072K)
 Metaspace       used 74070K, committed 76032K, reserved 1114112K
  class space    used 10573K, committed 11520K, reserved 1048576K
}
Event: 21.312 GC heap after
{Heap after GC invocations=30 (full 0):
 garbage-first heap   total 130048K, used 80943K [0x0000000080000000, 0x0000000100000000)
  region size 1024K, 4 young (4096K), 4 survivors (4096K)
 Metaspace       used 74070K, committed 76032K, reserved 1114112K
  class space    used 10573K, committed 11520K, reserved 1048576K
}
Event: 22.741 GC heap before
{Heap before GC invocations=31 (full 0):
 garbage-first heap   total 138240K, used 129071K [0x0000000080000000, 0x0000000100000000)
  region size 1024K, 43 young (44032K), 4 survivors (4096K)
 Metaspace       used 76020K, committed 78016K, reserved 1179648K
  class space    used 10822K, committed 11840K, reserved 1048576K
}
Event: 22.749 GC heap after
{Heap after GC invocations=32 (full 0):
 garbage-first heap   total 144384K, used 98669K [0x0000000080000000, 0x0000000100000000)
  region size 1024K, 6 young (6144K), 6 survivors (6144K)
 Metaspace       used 76020K, committed 78016K, reserved 1179648K
  class space    used 10822K, committed 11840K, reserved 1048576K
}
Event: 23.518 GC heap before
{Heap before GC invocations=32 (full 0):
 garbage-first heap   total 144384K, used 131437K [0x0000000080000000, 0x0000000100000000)
  region size 1024K, 39 young (39936K), 6 survivors (6144K)
 Metaspace       used 78657K, committed 80640K, reserved 1179648K
  class space    used 11114K, committed 12096K, reserved 1048576K
}
Event: 23.522 GC heap after
{Heap after GC invocations=33 (full 0):
 garbage-first heap   total 144384K, used 99178K [0x0000000080000000, 0x0000000100000000)
  region size 1024K, 1 young (1024K), 1 survivors (1024K)
 Metaspace       used 78657K, committed 80640K, reserved 1179648K
  class space    used 11114K, committed 12096K, reserved 1048576K
}
Event: 24.208 GC heap before
{Heap before GC invocations=33 (full 0):
 garbage-first heap   total 144384K, used 124778K [0x0000000080000000, 0x0000000100000000)
  region size 1024K, 27 young (27648K), 1 survivors (1024K)
 Metaspace       used 81399K, committed 83456K, reserved 1179648K
  class space    used 11542K, committed 12544K, reserved 1048576K
}
Event: 24.212 GC heap after
{Heap after GC invocations=34 (full 0):
 garbage-first heap   total 144384K, used 100095K [0x0000000080000000, 0x0000000100000000)
  region size 1024K, 2 young (2048K), 2 survivors (2048K)
 Metaspace       used 81399K, committed 83456K, reserved 1179648K
  class space    used 11542K, committed 12544K, reserved 1048576K
}
Event: 25.163 GC heap before
{Heap before GC invocations=35 (full 0):
 garbage-first heap   total 171008K, used 136959K [0x0000000080000000, 0x0000000100000000)
  region size 1024K, 36 young (36864K), 2 survivors (2048K)
 Metaspace       used 83985K, committed 86080K, reserved 1179648K
  class space    used 11914K, committed 12928K, reserved 1048576K
}
Event: 25.167 GC heap after
{Heap after GC invocations=36 (full 0):
 garbage-first heap   total 171008K, used 103284K [0x0000000080000000, 0x0000000100000000)
  region size 1024K, 3 young (3072K), 3 survivors (3072K)
 Metaspace       used 83985K, committed 86080K, reserved 1179648K
  class space    used 11914K, committed 12928K, reserved 1048576K
}
Event: 26.332 GC heap before
{Heap before GC invocations=36 (full 0):
 garbage-first heap   total 171008K, used 160628K [0x0000000080000000, 0x0000000100000000)
  region size 1024K, 54 young (55296K), 3 survivors (3072K)
 Metaspace       used 87300K, committed 89344K, reserved 1179648K
  class space    used 12362K, committed 13376K, reserved 1048576K
}
Event: 26.342 GC heap after
{Heap after GC invocations=37 (full 0):
 garbage-first heap   total 171008K, used 106677K [0x0000000080000000, 0x0000000100000000)
  region size 1024K, 7 young (7168K), 7 survivors (7168K)
 Metaspace       used 87300K, committed 89344K, reserved 1179648K
  class space    used 12362K, committed 13376K, reserved 1048576K
}
Event: 27.691 GC heap before
{Heap before GC invocations=37 (full 0):
 garbage-first heap   total 171008K, used 155829K [0x0000000080000000, 0x0000000100000000)
  region size 1024K, 55 young (56320K), 7 survivors (7168K)
 Metaspace       used 90651K, committed 92736K, reserved 1179648K
  class space    used 12769K, committed 13760K, reserved 1048576K
}
Event: 27.700 GC heap after
{Heap after GC invocations=38 (full 0):
 garbage-first heap   total 171008K, used 109992K [0x0000000080000000, 0x0000000100000000)
  region size 1024K, 3 young (3072K), 3 survivors (3072K)
 Metaspace       used 90651K, committed 92736K, reserved 1179648K
  class space    used 12769K, committed 13760K, reserved 1048576K
}
Event: 30.068 GC heap before
{Heap before GC invocations=39 (full 0):
 garbage-first heap   total 184320K, used 157096K [0x0000000080000000, 0x0000000100000000)
  region size 1024K, 50 young (51200K), 3 survivors (3072K)
 Metaspace       used 95543K, committed 97664K, reserved 1179648K
  class space    used 13400K, committed 14400K, reserved 1048576K
}
Event: 30.073 GC heap after
{Heap after GC invocations=40 (full 0):
 garbage-first heap   total 184320K, used 111667K [0x0000000080000000, 0x0000000100000000)
  region size 1024K, 5 young (5120K), 5 survivors (5120K)
 Metaspace       used 95543K, committed 97664K, reserved 1179648K
  class space    used 13400K, committed 14400K, reserved 1048576K
}
Event: 32.208 GC heap before
{Heap before GC invocations=40 (full 0):
 garbage-first heap   total 184320K, used 171059K [0x0000000080000000, 0x0000000100000000)
  region size 1024K, 63 young (64512K), 5 survivors (5120K)
 Metaspace       used 104856K, committed 107072K, reserved 1179648K
  class space    used 15051K, committed 16128K, reserved 1048576K
}
Event: 32.215 GC heap after
{Heap after GC invocations=41 (full 0):
 garbage-first heap   total 184320K, used 113124K [0x0000000080000000, 0x0000000100000000)
  region size 1024K, 5 young (5120K), 5 survivors (5120K)
 Metaspace       used 104856K, committed 107072K, reserved 1179648K
  class space    used 15051K, committed 16128K, reserved 1048576K
}
Event: 33.594 GC heap before
{Heap before GC invocations=41 (full 0):
 garbage-first heap   total 184320K, used 172516K [0x0000000080000000, 0x0000000100000000)
  region size 1024K, 63 young (64512K), 5 survivors (5120K)
 Metaspace       used 107460K, committed 109632K, reserved 1179648K
  class space    used 15351K, committed 16384K, reserved 1048576K
}
Event: 33.625 GC heap after
{Heap after GC invocations=42 (full 0):
 garbage-first heap   total 194560K, used 129446K [0x0000000080000000, 0x0000000100000000)
  region size 1024K, 8 young (8192K), 8 survivors (8192K)
 Metaspace       used 107460K, committed 109632K, reserved 1179648K
  class space    used 15351K, committed 16384K, reserved 1048576K
}

Dll operation events (3 events):
Event: 0.022 Loaded shared library C:\Program Files\Android\Android Studio\jbr\bin\java.dll
Event: 0.030 Loaded shared library C:\Program Files\Android\Android Studio\jbr\bin\zip.dll
Event: 1.728 Loaded shared library C:\Program Files\Android\Android Studio\jbr\bin\verify.dll

Deoptimization events (20 events):
Event: 33.455 Thread 0x000001c9f396bfe0 DEOPT PACKING pc=0x000001c9d9a806a3 sp=0x00000091046f3790
Event: 33.455 Thread 0x000001c9f396bfe0 DEOPT UNPACKING pc=0x000001c9e0034b42 sp=0x00000091046f2d00 mode 0
Event: 33.456 Thread 0x000001c9f396bfe0 DEOPT PACKING pc=0x000001c9d9a806a3 sp=0x00000091046f3790
Event: 33.456 Thread 0x000001c9f396bfe0 DEOPT UNPACKING pc=0x000001c9e0034b42 sp=0x00000091046f2d00 mode 0
Event: 33.457 Thread 0x000001c9f396bfe0 DEOPT PACKING pc=0x000001c9d9a806a3 sp=0x00000091046f3790
Event: 33.457 Thread 0x000001c9f396bfe0 DEOPT UNPACKING pc=0x000001c9e0034b42 sp=0x00000091046f2d00 mode 0
Event: 33.457 Thread 0x000001c9f396bfe0 DEOPT PACKING pc=0x000001c9d9a806a3 sp=0x00000091046f3790
Event: 33.457 Thread 0x000001c9f396bfe0 DEOPT UNPACKING pc=0x000001c9e0034b42 sp=0x00000091046f2d00 mode 0
Event: 33.457 Thread 0x000001c9f396bfe0 DEOPT PACKING pc=0x000001c9d9a806a3 sp=0x00000091046f3790
Event: 33.457 Thread 0x000001c9f396bfe0 DEOPT UNPACKING pc=0x000001c9e0034b42 sp=0x00000091046f2d00 mode 0
Event: 33.457 Thread 0x000001c9f396bfe0 DEOPT PACKING pc=0x000001c9d9a806a3 sp=0x00000091046f3790
Event: 33.457 Thread 0x000001c9f396bfe0 DEOPT UNPACKING pc=0x000001c9e0034b42 sp=0x00000091046f2d00 mode 0
Event: 33.457 Thread 0x000001c9f396bfe0 DEOPT PACKING pc=0x000001c9d9a806a3 sp=0x00000091046f3790
Event: 33.457 Thread 0x000001c9f396bfe0 DEOPT UNPACKING pc=0x000001c9e0034b42 sp=0x00000091046f2d00 mode 0
Event: 33.457 Thread 0x000001c9f396bfe0 DEOPT PACKING pc=0x000001c9d9a806a3 sp=0x00000091046f3790
Event: 33.457 Thread 0x000001c9f396bfe0 DEOPT UNPACKING pc=0x000001c9e0034b42 sp=0x00000091046f2d00 mode 0
Event: 33.481 Thread 0x000001c9f396bfe0 DEOPT PACKING pc=0x000001c9d9a806a3 sp=0x00000091046f3790
Event: 33.481 Thread 0x000001c9f396bfe0 DEOPT UNPACKING pc=0x000001c9e0034b42 sp=0x00000091046f2d00 mode 0
Event: 33.720 Thread 0x000001c9f396bfe0 DEOPT PACKING pc=0x000001c9d99aefe6 sp=0x00000091046f3750
Event: 33.720 Thread 0x000001c9f396bfe0 DEOPT UNPACKING pc=0x000001c9e0034b42 sp=0x00000091046f2c98 mode 0

Classes loaded (20 events):
Event: 32.003 Loading class java/nio/channels/NonWritableChannelException
Event: 32.003 Loading class java/nio/channels/NonWritableChannelException done
Event: 32.249 Loading class java/nio/charset/IllegalCharsetNameException
Event: 32.249 Loading class java/nio/charset/IllegalCharsetNameException done
Event: 32.249 Loading class java/nio/charset/UnsupportedCharsetException
Event: 32.249 Loading class java/nio/charset/UnsupportedCharsetException done
Event: 32.250 Loading class sun/nio/cs/UTF_32BE
Event: 32.253 Loading class sun/nio/cs/UTF_32BE done
Event: 32.256 Loading class sun/nio/cs/UTF_32LE
Event: 32.256 Loading class sun/nio/cs/UTF_32LE done
Event: 32.257 Loading class sun/nio/cs/MS1251
Event: 32.260 Loading class sun/nio/cs/MS1251 done
Event: 33.084 Loading class java/beans/PropertyChangeSupport
Event: 33.086 Loading class java/beans/PropertyChangeSupport done
Event: 33.086 Loading class java/beans/PropertyChangeSupport$PropertyChangeListenerMap
Event: 33.087 Loading class java/beans/ChangeListenerMap
Event: 33.089 Loading class java/beans/ChangeListenerMap done
Event: 33.089 Loading class java/beans/PropertyChangeSupport$PropertyChangeListenerMap done
Event: 33.089 Loading class java/beans/PropertyChangeListener
Event: 33.089 Loading class java/beans/PropertyChangeListener done

Classes unloaded (0 events):
No events

Classes redefined (0 events):
No events

Internal exceptions (20 events):
Event: 29.682 Thread 0x000001c9f396bfe0 Exception <a 'java/lang/NoSuchMethodError'{0x0000000088024e00}: 'long java.lang.invoke.DirectMethodHandle$Holder.invokeStatic(java.lang.Object)'> (0x0000000088024e00) 
thrown [s\src\hotspot\share\interpreter\linkResolver.cpp, line 784]
Event: 29.683 Thread 0x000001c9f396bfe0 Exception <a 'java/lang/NoSuchMethodError'{0x0000000088029a00}: 'long java.lang.invoke.DirectMethodHandle$Holder.invokeStaticInit(java.lang.Object)'> (0x0000000088029a00) 
thrown [s\src\hotspot\share\interpreter\linkResolver.cpp, line 784]
Event: 29.893 Thread 0x000001c9f396bfe0 Exception <a 'java/lang/NoSuchMethodError'{0x0000000087cfc510}: 'void java.lang.invoke.DirectMethodHandle$Holder.invokeStaticInit(java.lang.Object)'> (0x0000000087cfc510) 
thrown [s\src\hotspot\share\interpreter\linkResolver.cpp, line 784]
Event: 30.018 Thread 0x000001c9f396bfe0 Exception <a 'java/lang/NoSuchMethodError'{0x0000000087be1108}: 'void java.lang.invoke.DelegatingMethodHandle$Holder.reinvoke_L(java.lang.Object, java.lang.Object, java.lang.Object, long, java.lang.Object)'> (0x0000000087be1108) 
thrown [s\src\hotspot\share\interpreter\linkResolver.cpp, line 784]
Event: 30.019 Thread 0x000001c9f396bfe0 Exception <a 'java/lang/NoSuchMethodError'{0x0000000087be9668}: 'java.lang.Object java.lang.invoke.DirectMethodHandle$Holder.invokeSpecial(java.lang.Object, java.lang.Object, java.lang.Object, java.lang.Object, long)'> (0x0000000087be9668) 
thrown [s\src\hotspot\share\interpreter\linkResolver.cpp, line 784]
Event: 30.020 Thread 0x000001c9f396bfe0 Exception <a 'java/lang/NoSuchMethodError'{0x0000000087bf9968}: 'int java.lang.invoke.DelegatingMethodHandle$Holder.reinvoke_L(java.lang.Object, java.lang.Object, java.lang.Object, long, java.lang.Object, java.lang.Object)'> (0x0000000087bf9968) 
thrown [s\src\hotspot\share\interpreter\linkResolver.cpp, line 784]
Event: 30.021 Thread 0x000001c9f396bfe0 Exception <a 'java/lang/NoSuchMethodError'{0x0000000087a09518}: 'int java.lang.invoke.DelegatingMethodHandle$Holder.reinvoke_L(java.lang.Object, java.lang.Object, java.lang.Object, long, int, int)'> (0x0000000087a09518) 
thrown [s\src\hotspot\share\interpreter\linkResolver.cpp, line 784]
Event: 30.021 Thread 0x000001c9f396bfe0 Exception <a 'java/lang/NoSuchMethodError'{0x0000000087a18c28}: 'int java.lang.invoke.DelegatingMethodHandle$Holder.reinvoke_L(java.lang.Object, java.lang.Object, java.lang.Object, long, long, long)'> (0x0000000087a18c28) 
thrown [s\src\hotspot\share\interpreter\linkResolver.cpp, line 784]
Event: 30.022 Thread 0x000001c9f396bfe0 Exception <a 'java/lang/NoSuchMethodError'{0x0000000087a28000}: 'int java.lang.invoke.DelegatingMethodHandle$Holder.reinvoke_L(java.lang.Object, java.lang.Object, java.lang.Object, long, int)'> (0x0000000087a28000) 
thrown [s\src\hotspot\share\interpreter\linkResolver.cpp, line 784]
Event: 30.023 Thread 0x000001c9f396bfe0 Exception <a 'java/lang/NoSuchMethodError'{0x0000000087a3b478}: 'void java.lang.invoke.DelegatingMethodHandle$Holder.reinvoke_L(java.lang.Object, java.lang.Object, java.lang.Object, long, java.lang.Object, long, long)'> (0x0000000087a3b478) 
thrown [s\src\hotspot\share\interpreter\linkResolver.cpp, line 784]
Event: 30.743 Thread 0x000001c9f396bfe0 Implicit null exception at 0x000001c9e07f4d41 to 0x000001c9e07f4e9c
Event: 31.823 Thread 0x000001c9f396bfe0 Exception <a 'java/lang/NoSuchMethodError'{0x000000008739f410}: 'java.lang.Object java.lang.invoke.DirectMethodHandle$Holder.invokeStatic(java.lang.Object, java.lang.Object, java.lang.Object, java.lang.Object, int, java.lang.Object)'> (0x000000008739f410) 
thrown [s\src\hotspot\share\interpreter\linkResolver.cpp, line 784]
Event: 31.945 Thread 0x000001c9f396bfe0 Exception <a 'java/lang/NoSuchMethodError'{0x000000008710f1d8}: 'long java.lang.invoke.DirectMethodHandle$Holder.invokeStatic(java.lang.Object, java.lang.Object, int)'> (0x000000008710f1d8) 
thrown [s\src\hotspot\share\interpreter\linkResolver.cpp, line 784]
Event: 31.946 Thread 0x000001c9f396bfe0 Exception <a 'java/lang/NoSuchMethodError'{0x000000008711ba70}: 'java.lang.Object java.lang.invoke.DelegatingMethodHandle$Holder.reinvoke_L(java.lang.Object, int, long, java.lang.Object, java.lang.Object, int, java.lang.Object)'> (0x000000008711ba70) 
thrown [s\src\hotspot\share\interpreter\linkResolver.cpp, line 784]
Event: 32.834 Thread 0x000001c9f396bfe0 Exception <a 'java/lang/NoSuchMethodError'{0x0000000089ed88e0}: 'java.lang.Object java.lang.invoke.Invokers$Holder.invokeExact_MT(java.lang.Object, java.lang.Object, long, java.lang.Object)'> (0x0000000089ed88e0) 
thrown [s\src\hotspot\share\interpreter\linkResolver.cpp, line 784]
Event: 33.126 Thread 0x000001c9f396bfe0 Exception <a 'java/lang/NoSuchMethodError'{0x000000008959d500}: 'java.lang.Object java.lang.invoke.DirectMethodHandle$Holder.invokeStatic(java.lang.Object, java.lang.Object, long, long)'> (0x000000008959d500) 
thrown [s\src\hotspot\share\interpreter\linkResolver.cpp, line 784]
Event: 33.145 Thread 0x000001c9f396bfe0 Exception <a 'java/lang/NoSuchMethodError'{0x00000000895eb610}: 'java.lang.Object java.lang.invoke.DirectMethodHandle$Holder.invokeStatic(java.lang.Object, java.lang.Object, java.lang.Object, long, java.lang.Object)'> (0x00000000895eb610) 
thrown [s\src\hotspot\share\interpreter\linkResolver.cpp, line 784]
Event: 33.147 Thread 0x000001c9f396bfe0 Exception <a 'java/lang/NoSuchMethodError'{0x00000000895f3ec0}: 'java.lang.Object java.lang.invoke.DirectMethodHandle$Holder.newInvokeSpecial(java.lang.Object, java.lang.Object, java.lang.Object, long)'> (0x00000000895f3ec0) 
thrown [s\src\hotspot\share\interpreter\linkResolver.cpp, line 784]
Event: 33.148 Thread 0x000001c9f396bfe0 Exception <a 'java/lang/NoSuchMethodError'{0x00000000895f9488}: 'java.lang.Object java.lang.invoke.Invokers$Holder.linkToTargetMethod(java.lang.Object, java.lang.Object, long, java.lang.Object)'> (0x00000000895f9488) 
thrown [s\src\hotspot\share\interpreter\linkResolver.cpp, line 784]
Event: 33.426 Thread 0x000001c9f396bfe0 Implicit null exception at 0x000001c9e0a682e7 to 0x000001c9e0a686f0

ZGC Phase Switch (0 events):
No events

VM Operations (20 events):
Event: 31.954 Executing non-safepoint VM operation: HandshakeAllThreads (Deoptimize) done
Event: 31.982 Executing non-safepoint VM operation: HandshakeAllThreads (Deoptimize)
Event: 31.982 Executing non-safepoint VM operation: HandshakeAllThreads (Deoptimize) done
Event: 32.003 Executing non-safepoint VM operation: HandshakeAllThreads (Deoptimize)
Event: 32.003 Executing non-safepoint VM operation: HandshakeAllThreads (Deoptimize) done
Event: 32.113 Executing non-safepoint VM operation: HandshakeAllThreads (Deoptimize)
Event: 32.113 Executing non-safepoint VM operation: HandshakeAllThreads (Deoptimize) done
Event: 32.208 Executing safepoint VM operation: G1CollectForAllocation (G1 Evacuation Pause)
Event: 32.215 Executing safepoint VM operation: G1CollectForAllocation (G1 Evacuation Pause) done
Event: 32.548 Executing non-safepoint VM operation: HandshakeAllThreads (Deoptimize)
Event: 32.548 Executing non-safepoint VM operation: HandshakeAllThreads (Deoptimize) done
Event: 33.071 Executing non-safepoint VM operation: HandshakeAllThreads (Deoptimize)
Event: 33.072 Executing non-safepoint VM operation: HandshakeAllThreads (Deoptimize) done
Event: 33.343 Executing non-safepoint VM operation: HandshakeAllThreads (Deoptimize)
Event: 33.343 Executing non-safepoint VM operation: HandshakeAllThreads (Deoptimize) done
Event: 33.343 Executing safepoint VM operation: Cleanup
Event: 33.343 Executing safepoint VM operation: Cleanup done
Event: 33.594 Executing safepoint VM operation: G1CollectForAllocation (G1 Evacuation Pause)
Event: 33.625 Executing safepoint VM operation: G1CollectForAllocation (G1 Evacuation Pause) done
Event: 33.794 Executing safepoint VM operation: G1PauseRemark

Memory protections (0 events):
No events

Nmethod flushes (20 events):
Event: 33.801 Thread 0x000001c9ec7de540 flushing  nmethod 0x000001c9d8eaa190
Event: 33.801 Thread 0x000001c9ec7de540 flushing  nmethod 0x000001c9d903f990
Event: 33.801 Thread 0x000001c9ec7de540 flushing  nmethod 0x000001c9d904a910
Event: 33.801 Thread 0x000001c9ec7de540 flushing  nmethod 0x000001c9d90f4590
Event: 33.801 Thread 0x000001c9ec7de540 flushing  nmethod 0x000001c9d9154c90
Event: 33.801 Thread 0x000001c9ec7de540 flushing  nmethod 0x000001c9d9247c10
Event: 33.801 Thread 0x000001c9ec7de540 flushing  nmethod 0x000001c9d92ef290
Event: 33.801 Thread 0x000001c9ec7de540 flushing  nmethod 0x000001c9d92f5590
Event: 33.801 Thread 0x000001c9ec7de540 flushing  nmethod 0x000001c9d932ff10
Event: 33.801 Thread 0x000001c9ec7de540 flushing  nmethod 0x000001c9d93f3c90
Event: 33.801 Thread 0x000001c9ec7de540 flushing  nmethod 0x000001c9d943f390
Event: 33.801 Thread 0x000001c9ec7de540 flushing  nmethod 0x000001c9d9440610
Event: 33.801 Thread 0x000001c9ec7de540 flushing  nmethod 0x000001c9d951a110
Event: 33.801 Thread 0x000001c9ec7de540 flushing  nmethod 0x000001c9d9563090
Event: 33.801 Thread 0x000001c9ec7de540 flushing  nmethod 0x000001c9d95f7b10
Event: 33.801 Thread 0x000001c9ec7de540 flushing  nmethod 0x000001c9d9678110
Event: 33.801 Thread 0x000001c9ec7de540 flushing  nmethod 0x000001c9d983d410
Event: 33.801 Thread 0x000001c9ec7de540 flushing  nmethod 0x000001c9d983f610
Event: 33.801 Thread 0x000001c9ec7de540 flushing  nmethod 0x000001c9d9841610
Event: 33.801 Thread 0x000001c9ec7de540 flushing  nmethod 0x000001c9d98f3d10

Events (20 events):
Event: 8.355 Thread 0x000001c9f396bfe0 Thread added: 0x000001c9f2c63900
Event: 8.355 Thread 0x000001c9f396bfe0 Thread added: 0x000001c9f2c61ec0
Event: 8.355 Thread 0x000001c9f396bfe0 Thread added: 0x000001c9f2c659d0
Event: 8.355 Thread 0x000001c9f396bfe0 Thread added: 0x000001c9f2c66060
Event: 8.897 Thread 0x000001c9f227bc90 Thread exited: 0x000001c9f227bc90
Event: 9.279 Thread 0x000001c9f396bfe0 Thread added: 0x000001c9f2c66d80
Event: 9.398 Thread 0x000001c9f396bfe0 Thread added: 0x000001c9f2c67410
Event: 10.090 Thread 0x000001c9f396bfe0 Thread added: 0x000001c9f2c63f90
Event: 10.199 Thread 0x000001c9f396bfe0 Thread added: 0x000001c9f2c666f0
Event: 10.636 Thread 0x000001c9ec9a3590 Thread added: 0x000001c9f54391e0
Event: 12.594 Thread 0x000001c9f54391e0 Thread exited: 0x000001c9f54391e0
Event: 12.816 Thread 0x000001c9f396bfe0 Thread added: 0x000001c9f2c64620
Event: 12.818 Thread 0x000001c9f396bfe0 Thread added: 0x000001c9f2c68130
Event: 12.893 Thread 0x000001c9f396bfe0 Thread added: 0x000001c9f2c687c0
Event: 12.895 Thread 0x000001c9f396bfe0 Thread added: 0x000001c9f2c694e0
Event: 14.364 Thread 0x000001c9ec9a3590 Thread added: 0x000001c9f54398b0
Event: 15.731 Thread 0x000001c9f54398b0 Thread exited: 0x000001c9f54398b0
Event: 20.407 Thread 0x000001c9ec9876e0 Thread added: 0x000001c9f5438b10
Event: 21.272 Thread 0x000001c9f5438b10 Thread exited: 0x000001c9f5438b10
Event: 24.126 Thread 0x000001c9f396bfe0 Thread added: 0x000001c9f5ab6cb0


Dynamic libraries:
0x00007ff643e70000 - 0x00007ff643e7a000 	C:\Program Files\Android\Android Studio\jbr\bin\java.exe
0x00007fffca560000 - 0x00007fffca7c7000 	C:\windows\SYSTEM32\ntdll.dll
0x00007fff96f30000 - 0x00007fff96f51000 	C:\Program Files\Avast Software\Avast\aswhook.dll
0x00007fffc9060000 - 0x00007fffc9129000 	C:\windows\System32\KERNEL32.DLL
0x00007fffc7ee0000 - 0x00007fffc82d7000 	C:\windows\System32\KERNELBASE.dll
0x00007fffc7cb0000 - 0x00007fffc7dfb000 	C:\windows\System32\ucrtbase.dll
0x00007fffa5940000 - 0x00007fffa5958000 	C:\Program Files\Android\Android Studio\jbr\bin\jli.dll
0x00007fffc8d30000 - 0x00007fffc8ef6000 	C:\windows\System32\USER32.dll
0x00007fffbf080000 - 0x00007fffbf09b000 	C:\Program Files\Android\Android Studio\jbr\bin\VCRUNTIME140.dll
0x00007fffc7eb0000 - 0x00007fffc7ed7000 	C:\windows\System32\win32u.dll
0x00007fffca0a0000 - 0x00007fffca0cb000 	C:\windows\System32\GDI32.dll
0x00007fffc6f90000 - 0x00007fffc70bc000 	C:\windows\System32\gdi32full.dll
0x00007fffad610000 - 0x00007fffad8a2000 	C:\windows\WinSxS\amd64_microsoft.windows.common-controls_6595b64144ccf1df_6.0.26100.8457_none_3e0b2faee331e92d\COMCTL32.dll
0x00007fffc7b70000 - 0x00007fffc7c13000 	C:\windows\System32\msvcp_win.dll
0x00007fffc83e0000 - 0x00007fffc8489000 	C:\windows\System32\msvcrt.dll
0x00007fffc8cf0000 - 0x00007fffc8d22000 	C:\windows\System32\IMM32.DLL
0x000000005aea0000 - 0x000000005aead000 	C:\Program Files (x86)\360\Total Security\safemon\SafeWrapper.dll
0x00007fffc9430000 - 0x00007fffc94e6000 	C:\windows\System32\ADVAPI32.dll
0x00007fffca0d0000 - 0x00007fffca177000 	C:\windows\System32\sechost.dll
0x00007fffc8bd0000 - 0x00007fffc8ce8000 	C:\windows\System32\RPCRT4.dll
0x00007fffc1c90000 - 0x00007fffc1d95000 	C:\Program Files (x86)\360\Total Security\safemon\libzdtp64.dll
0x00007fffc9920000 - 0x00007fffca08e000 	C:\windows\System32\SHELL32.dll
0x00007fffc8b60000 - 0x00007fffc8bc6000 	C:\windows\System32\SHLWAPI.dll
0x00007fffc7300000 - 0x00007fffc7b6c000 	C:\windows\System32\Windows.Storage.dll
0x00007fffca190000 - 0x00007fffca513000 	C:\windows\System32\combase.dll
0x00007fffc6a70000 - 0x00007fffc6a7b000 	C:\windows\SYSTEM32\VERSION.dll
0x00007fffbf2e0000 - 0x00007fffbf2ec000 	C:\Program Files\Android\Android Studio\jbr\bin\vcruntime140_1.dll
0x00007fff59ed0000 - 0x00007fff59f5d000 	C:\Program Files\Android\Android Studio\jbr\bin\msvcp140.dll
0x00007fff3c360000 - 0x00007fff3cff6000 	C:\Program Files\Android\Android Studio\jbr\bin\server\jvm.dll
0x00007fffc9890000 - 0x00007fffc9910000 	C:\windows\System32\WS2_32.dll
0x00007fffc3f10000 - 0x00007fffc3f46000 	C:\windows\SYSTEM32\WINMM.dll
0x00007fffc6df0000 - 0x00007fffc6e4e000 	C:\windows\SYSTEM32\POWRPROF.dll
0x00007fffc6dd0000 - 0x00007fffc6de4000 	C:\windows\SYSTEM32\UMPDC.dll
0x00007fffc5cb0000 - 0x00007fffc5ccb000 	C:\windows\SYSTEM32\kernel.appcore.dll
0x00007fffbf0c0000 - 0x00007fffbf0ca000 	C:\Program Files\Android\Android Studio\jbr\bin\jimage.dll
0x00007fffc4d50000 - 0x00007fffc4f92000 	C:\windows\SYSTEM32\DBGHELP.DLL
0x00007fffc9720000 - 0x00007fffc97f9000 	C:\windows\System32\OLEAUT32.dll
0x00007fffadb20000 - 0x00007fffadb5b000 	C:\windows\SYSTEM32\dbgcore.DLL
0x00007fffc7e00000 - 0x00007fffc7ea8000 	C:\windows\System32\bcryptPrimitives.dll
0x00007fffbf3b0000 - 0x00007fffbf3be000 	C:\Program Files\Android\Android Studio\jbr\bin\instrument.dll
0x00007fffa5620000 - 0x00007fffa5640000 	C:\Program Files\Android\Android Studio\jbr\bin\java.dll
0x00007fffa55b0000 - 0x00007fffa55c8000 	C:\Program Files\Android\Android Studio\jbr\bin\zip.dll
0x00007fffc82e0000 - 0x00007fffc83d6000 	C:\windows\System32\SHCORE.dll
0x00007fffc6eb0000 - 0x00007fffc6ed9000 	C:\windows\SYSTEM32\profapi.dll
0x00007fffb1a00000 - 0x00007fffb1a10000 	C:\Program Files\Android\Android Studio\jbr\bin\net.dll
0x00007fffb1ea0000 - 0x00007fffb1fc9000 	C:\windows\SYSTEM32\WINHTTP.dll
0x00007fffc6220000 - 0x00007fffc628c000 	C:\windows\system32\mswsock.dll
0x00007fffa1f50000 - 0x00007fffa1f66000 	C:\Program Files\Android\Android Studio\jbr\bin\nio.dll
0x00007fffa5e70000 - 0x00007fffa5e80000 	C:\Program Files\Android\Android Studio\jbr\bin\verify.dll
0x00007fff84c80000 - 0x00007fff84ca7000 	C:\Users\hcxys\.gradle\native\660c5614fbf4a5f2a75b1949f50a0caf5cd603558e7d8a26e50b933a0cfb79d1\windows-amd64\native-platform.dll
0x00007fff59fe0000 - 0x00007fff5a057000 	C:\Users\hcxys\.gradle\native\0.2.8\x86_64-windows-gnu\gradle-fileevents.dll
0x00007fffb0c80000 - 0x00007fffb0c89000 	C:\Program Files\Android\Android Studio\jbr\bin\management.dll
0x00007fffad490000 - 0x00007fffad49b000 	C:\Program Files\Android\Android Studio\jbr\bin\management_ext.dll
0x00007fffc9570000 - 0x00007fffc9578000 	C:\windows\System32\PSAPI.DLL
0x00007fffc57c0000 - 0x00007fffc57f2000 	C:\windows\SYSTEM32\IPHLPAPI.DLL
0x00007fffc8630000 - 0x00007fffc863a000 	C:\windows\System32\NSI.dll
0x00007fffb0ca0000 - 0x00007fffb0ca9000 	C:\Program Files\Android\Android Studio\jbr\bin\extnet.dll
0x00007fffc6500000 - 0x00007fffc651b000 	C:\windows\SYSTEM32\CRYPTSP.dll
0x00007fffc5c10000 - 0x00007fffc5c49000 	C:\windows\system32\rsaenh.dll
0x00007fffc62d0000 - 0x00007fffc6303000 	C:\windows\SYSTEM32\USERENV.dll
0x00007fffc6e80000 - 0x00007fffc6eaa000 	C:\windows\SYSTEM32\bcrypt.dll
0x00007fffc6520000 - 0x00007fffc652c000 	C:\windows\SYSTEM32\CRYPTBASE.dll
0x00007fff920b0000 - 0x00007fff920b8000 	C:\windows\system32\wshunix.dll

JVMTI agents:
C:\Users\hcxys\.gradle\wrapper\dists\gradle-9.4.1-bin\arn2x92ynaizyzdaamcbpbhtj\gradle-9.4.1\lib\agents\gradle-instrumentation-agent-9.4.1.jar path:C:\Program Files\Android\Android Studio\jbr\bin\instrument.dll, loaded, initialized, instrumentlib options:none

dbghelp: loaded successfully - version: 4.0.5 - missing functions: none
symbol engine: initialized successfully - sym options: 0x614 - pdb path: .;C:\Program Files\Android\Android Studio\jbr\bin;C:\windows\SYSTEM32;C:\Program Files\Avast Software\Avast;C:\windows\WinSxS\amd64_microsoft.windows.common-controls_6595b64144ccf1df_6.0.26100.8457_none_3e0b2faee331e92d;C:\Program Files (x86)\360\Total Security\safemon;C:\Program Files\Android\Android Studio\jbr\bin\server;C:\Users\hcxys\.gradle\native\660c5614fbf4a5f2a75b1949f50a0caf5cd603558e7d8a26e50b933a0cfb79d1\windows-amd64;C:\Users\hcxys\.gradle\native\0.2.8\x86_64-windows-gnu

VM Arguments:
jvm_args: --add-opens=java.base/java.lang=ALL-UNNAMED --add-opens=java.base/java.lang.invoke=ALL-UNNAMED --add-opens=java.base/java.util=ALL-UNNAMED --add-opens=java.prefs/java.util.prefs=ALL-UNNAMED --add-exports=jdk.compiler/com.sun.tools.javac.api=ALL-UNNAMED --add-exports=jdk.compiler/com.sun.tools.javac.util=ALL-UNNAMED --add-opens=java.base/java.util=ALL-UNNAMED --add-opens=java.prefs/java.util.prefs=ALL-UNNAMED --add-opens=java.base/java.nio.charset=ALL-UNNAMED --add-opens=java.base/java.net=ALL-UNNAMED --add-opens=java.base/java.util.concurrent=ALL-UNNAMED --add-opens=java.base/java.util.concurrent.atomic=ALL-UNNAMED --add-opens=java.xml/javax.xml.namespace=ALL-UNNAMED --add-opens=java.base/java.time=ALL-UNNAMED -Xmx2048m -Dfile.encoding=UTF-8 -Duser.country=US -Duser.language=en -Duser.variant -javaagent:C:\Users\hcxys\.gradle\wrapper\dists\gradle-9.4.1-bin\arn2x92ynaizyzdaamcbpbhtj\gradle-9.4.1\lib\agents\gradle-instrumentation-agent-9.4.1.jar 
java_command: org.gradle.launcher.daemon.bootstrap.GradleDaemon 9.4.1
java_class_path (initial): C:\Users\hcxys\.gradle\wrapper\dists\gradle-9.4.1-bin\arn2x92ynaizyzdaamcbpbhtj\gradle-9.4.1\lib\gradle-daemon-main-9.4.1.jar
Launcher Type: SUN_STANDARD

[Global flags]
     intx CICompilerCount                          = 3                                         {product} {ergonomic}
     uint ConcGCThreads                            = 1                                         {product} {ergonomic}
     uint G1ConcRefinementThreads                  = 4                                         {product} {ergonomic}
   size_t G1HeapRegionSize                         = 1048576                                   {product} {ergonomic}
    uintx GCDrainStackTargetSize                   = 64                                        {product} {ergonomic}
   size_t InitialHeapSize                          = 62914560                                  {product} {ergonomic}
   size_t MarkStackSize                            = 4194304                                   {product} {ergonomic}
   size_t MaxHeapSize                              = 2147483648                                {product} {command line}
   size_t MaxNewSize                               = 1287651328                                {product} {ergonomic}
   size_t MinHeapDeltaBytes                        = 1048576                                   {product} {ergonomic}
   size_t MinHeapSize                              = 8388608                                   {product} {ergonomic}
    uintx NonNMethodCodeHeapSize                   = 5832780                                {pd product} {ergonomic}
    uintx NonProfiledCodeHeapSize                  = 122912730                              {pd product} {ergonomic}
    uintx ProfiledCodeHeapSize                     = 122912730                              {pd product} {ergonomic}
    uintx ReservedCodeCacheSize                    = 251658240                              {pd product} {ergonomic}
     bool SegmentedCodeCache                       = true                                      {product} {ergonomic}
   size_t SoftMaxHeapSize                          = 2147483648                             {manageable} {ergonomic}
     bool UseCompressedOops                        = true                           {product lp64_product} {ergonomic}
     bool UseG1GC                                  = true                                      {product} {ergonomic}
     bool UseLargePagesIndividualAllocation        = false                                  {pd product} {ergonomic}

Logging:
Log output configuration:
 #0: stdout all=warning uptime,level,tags foldmultilines=false
 #1: stderr all=off uptime,level,tags foldmultilines=false

Release file:
JAVA_VERSION="21.0.10" 
MODULES="java.base java.compiler java.datatransfer java.xml java.prefs java.desktop java.instrument java.logging java.management java.security.sasl java.naming java.rmi java.management.rmi java.net.http java.scripting java.security.jgss java.transaction.xa java.sql java.sql.rowset java.xml.crypto java.se java.smartcardio jdk.accessibility jdk.internal.jvmstat jdk.attach jdk.charsets jdk.internal.opt jdk.zipfs jdk.compiler jdk.crypto.ec jdk.crypto.cryptoki jdk.dynalink jdk.hotspot.agent jdk.httpserver jdk.internal.ed jdk.internal.le jdk.internal.vm.ci jdk.jartool jdk.javadoc jdk.jcmd jdk.jdeps jdk.jdwp.agent jdk.jdi jdk.jfr jdk.jlink jdk.jsobject jdk.localedata jdk.management jdk.management.agent jdk.management.jfr jdk.naming.dns jdk.naming.rmi jdk.net jdk.sctp jdk.security.auth jdk.security.jgss jdk.unsupported jdk.unsupported.desktop jdk.xml.dom" 
IMPLEMENTOR="JetBrains s.r.o." 
JAVA_RUNTIME_VERSION="21.0.10+-14961533-b1163.108" 
LIBC="default" 
OS_ARCH="x86_64" 
OS_NAME="Windows" 
SOURCE=".:git:1351622c2ff2" 

Environment Variables:
PATH=C:\Program Files (x86)\Common Files\Oracle\Java\java8path;C:\windows\system32;C:\windows;C:\windows\System32\Wbem;C:\windows\System32\WindowsPowerShell\v1.0\;C:\windows\System32\OpenSSH\;C:\Program Files\dotnet\;C:\Program Files\nodejs\;C:\Program Files\CMake\bin;C:\Users\hcxys\AppData\Local\Microsoft\WindowsApps;C:\Users\hcxys\AppData\Roaming\npm;C:\Users\hcxys\AppData\Local\Python\bin
USERNAME=hcxys
OS=Windows_NT
PROCESSOR_IDENTIFIER=Intel64 Family 6 Model 190 Stepping 0, GenuineIntel
TMP=C:\Users\hcxys\AppData\Local\Temp
TEMP=C:\Users\hcxys\AppData\Local\Temp




Periodic native trim disabled

JNI global refs:
JNI global refs: 27, weak refs: 0

JNI global refs memory usage: 835, weak refs: 833

Process memory usage:
Resident Set Size: 308940K (8% of 3841796K total physical memory with 342592K free physical memory)

OOME stack traces (most recent first):
Classloader memory used:
Loader org.gradle.internal.classloader.VisitableURLClassLoader                         : 55464K
Loader bootstrap                                                                       : 25294K
Loader org.gradle.internal.classloader.VisitableURLClassLoader$InstrumentingVisitableURLClassLoader: 12595K
Loader org.gradle.initialization.MixInLegacyTypesClassLoader                           : 11912K
Loader org.gradle.internal.classloader.VisitableURLClassLoader                         : 1046K
Loader jdk.internal.reflect.DelegatingClassLoader                                      : 355K
Loader jdk.internal.jrtfs.JrtFileSystemProvider$JrtFsLoader                            : 311K
Loader jdk.internal.loader.ClassLoaders$PlatformClassLoader                            : 202K
Loader jdk.internal.loader.ClassLoaders$AppClassLoader                                 : 189K
Loader org.gradle.groovy.scripts.internal.DefaultScriptCompilationHandler$ScriptClassLoader: 91408B

Classes loaded by more than one classloader:
Class Program                                                                         : loaded 4 times (x 74B)
Class com.google.common.collect.PeekingIterator                                       : loaded 3 times (x 70B)
Class com.google.common.base.Preconditions                                            : loaded 3 times (x 71B)
Class org.gradle.internal.IoActions                                                   : loaded 3 times (x 71B)
Class org.gradle.api.GradleException                                                  : loaded 3 times (x 82B)
Class org.gradle.api.Action                                                           : loaded 3 times (x 70B)
Class org.gradle.internal.Cast                                                        : loaded 3 times (x 71B)
Class com.google.common.collect.ImmutableList                                         : loaded 3 times (x 206B)
Class com.google.common.collect.Iterators$9                                           : loaded 3 times (x 81B)
Class com.google.common.collect.Lists                                                 : loaded 3 times (x 71B)
Class com.google.common.collect.ImmutableCollection                                   : loaded 3 times (x 125B)
Class com.google.common.collect.Iterators$5                                           : loaded 3 times (x 82B)
Class com.google.common.collect.Iterators$4                                           : loaded 3 times (x 82B)
Class com.google.common.collect.Iterators$1                                           : loaded 3 times (x 81B)
Class com.google.common.collect.Iterators$MergingIterator                             : loaded 3 times (x 81B)
Class com.google.common.collect.AbstractIndexedListIterator                           : loaded 3 times (x 96B)
Class com.google.common.collect.UnmodifiableListIterator                              : loaded 3 times (x 95B)
Class com.google.common.collect.AbstractIterator                                      : loaded 3 times (x 82B)
Class com.google.common.collect.Lists$StringAsImmutableList                           : loaded 3 times (x 207B)
Class com.google.common.collect.Iterators                                             : loaded 3 times (x 71B)
Class com.google.common.collect.Iterators$SingletonIterator                           : loaded 3 times (x 81B)
Class com.google.common.collect.UnmodifiableIterator                                  : loaded 3 times (x 80B)
Class com.google.common.collect.Iterators$ArrayItr                                    : loaded 3 times (x 97B)
Class [Lcom.google.common.collect.ImmutableMapEntry;                                  : loaded 2 times (x 69B)
Class ijInit1_4rpdauriu1pxtook5vrrnrrq1$_run_closure1                                 : loaded 2 times (x 140B)
Class com.google.common.collect.ListMultimap                                          : loaded 2 times (x 70B)
Class com.google.common.collect.ImmutableEnumMap                                      : loaded 2 times (x 126B)
Class org.gradle.tooling.internal.gradle.DefaultProjectIdentifier                     : loaded 2 times (x 86B)
Class com.google.common.collect.Sets$1                                                : loaded 2 times (x 139B)
Class org.objectweb.asm.AnnotationVisitor                                             : loaded 2 times (x 78B)
Class org.gradle.api.internal.DefaultClassPathProvider                                : loaded 2 times (x 76B)
Class com.google.common.collect.Sets$2                                                : loaded 2 times (x 139B)
Class [Lorg.gradle.api.internal.ClassPathProvider;                                    : loaded 2 times (x 69B)
Class org.gradle.api.internal.ClassPathProvider                                       : loaded 2 times (x 70B)
Class [Lorg.objectweb.asm.AnnotationVisitor;                                          : loaded 2 times (x 69B)
Class com.google.common.collect.Sets$3                                                : loaded 2 times (x 139B)
Class com.google.common.cache.LocalCache$LocalLoadingCache                            : loaded 2 times (x 134B)
Class org.gradle.internal.service.UnknownServiceException                             : loaded 2 times (x 83B)
Class com.google.common.collect.Sets$4                                                : loaded 2 times (x 139B)
Class org.objectweb.asm.ModuleVisitor                                                 : loaded 2 times (x 81B)
Class com.google.common.cache.LocalCache$Strength$1                                   : loaded 2 times (x 81B)
Class com.google.common.util.concurrent.SettableFuture                                : loaded 2 times (x 114B)
Class com.google.common.cache.LocalCache$Strength$2                                   : loaded 2 times (x 81B)
Class com.google.common.cache.LocalCache$Strength$3                                   : loaded 2 times (x 81B)
Class com.google.common.collect.MapDifference                                         : loaded 2 times (x 70B)
Class org.objectweb.asm.FieldWriter                                                   : loaded 2 times (x 78B)
Class com.google.common.cache.CacheBuilder$NullListener                               : loaded 2 times (x 82B)
Class org.gradle.internal.classpath.TransformedClassPath                              : loaded 2 times (x 96B)
Class org.gradle.internal.classloader.InstrumentingClassLoader                        : loaded 2 times (x 70B)
Class com.google.common.cache.CacheLoader$FunctionToCacheLoader                       : loaded 2 times (x 75B)
Class kotlin.collections.AbstractList$Companion                                       : loaded 2 times (x 71B)
Class com.google.common.collect.ImmutableCollection$Builder                           : loaded 2 times (x 76B)
Class kotlin.enums.EnumEntriesList                                                    : loaded 2 times (x 223B)
Class com.google.common.base.MoreObjects                                              : loaded 2 times (x 71B)
Class com.google.common.collect.Platform                                              : loaded 2 times (x 71B)
Class [Lorg.objectweb.asm.Type;                                                       : loaded 2 times (x 69B)
Class org.gradle.internal.classloader.DefaultClassLoaderFactory                       : loaded 2 times (x 82B)
Class org.gradle.internal.service.ServiceLocator                                      : loaded 2 times (x 70B)
Class jdk.internal.jrtfs.JrtFileSystemProvider                                        : loaded 2 times (x 101B)
Class com.google.common.base.Ascii                                                    : loaded 2 times (x 71B)
Class com.google.common.collect.SingletonImmutableBiMap                               : loaded 2 times (x 143B)
Class com.google.common.cache.LocalCache$1                                            : loaded 2 times (x 89B)
Class com.google.common.base.Suppliers                                                : loaded 2 times (x 71B)
Class com.google.common.collect.AbstractMapEntry                                      : loaded 2 times (x 81B)
Class com.intellij.gradle.toolingExtension.util.GradleVersionUtil                     : loaded 2 times (x 71B)
Class org.gradle.tooling.model.UnsupportedMethodException                             : loaded 2 times (x 82B)
Class com.google.common.collect.AbstractMultimap                                      : loaded 2 times (x 123B)
Class com.google.common.cache.LocalCache$2                                            : loaded 2 times (x 142B)
Class com.google.common.collect.RegularImmutableAsList                                : loaded 2 times (x 217B)
Class com.google.common.util.concurrent.AbstractFuture$Trusted                        : loaded 2 times (x 70B)
Class [Lcom.google.common.cache.CacheBuilder$OneWeigher;                              : loaded 2 times (x 69B)
Class jdk.internal.jimage.ImageLocation                                               : loaded 2 times (x 90B)
Class org.objectweb.asm.MethodTooLargeException                                       : loaded 2 times (x 83B)
Class com.google.common.util.concurrent.UncheckedExecutionException                   : loaded 2 times (x 82B)
Class org.gradle.kotlin.dsl.VersionCatalogAccessorsKt                                 : loaded 2 times (x 71B)
Class jdk.internal.jimage.ImageBufferCache$1                                          : loaded 2 times (x 83B)
Class org.objectweb.asm.ClassWriter                                                   : loaded 2 times (x 106B)
Class com.google.common.cache.CacheLoader$UnsupportedLoadingOperationException        : loaded 2 times (x 82B)
Class com.google.common.base.CharMatcher$And                                          : loaded 2 times (x 112B)
Class org.gradle.internal.time.DefaultTimer                                           : loaded 2 times (x 80B)
Class jdk.internal.jimage.ImageBufferCache$2                                          : loaded 2 times (x 91B)
Class org.objectweb.asm.FieldVisitor                                                  : loaded 2 times (x 77B)
Class com.google.common.collect.IndexedImmutableSet                                   : loaded 2 times (x 152B)
Class com.google.common.collect.ImmutableMap$1                                        : loaded 2 times (x 81B)
Class com.google.common.collect.BiMap                                                 : loaded 2 times (x 70B)
Class org.gradle.api.internal.classpath.DefaultModuleRegistry$DefaultModule           : loaded 2 times (x 82B)
Class com.google.common.primitives.Ints                                               : loaded 2 times (x 71B)
Class org.gradle.internal.operations.MultipleBuildOperationFailures                   : loaded 2 times (x 95B)
Class com.google.common.math.MathPreconditions                                        : loaded 2 times (x 71B)
Class com.google.common.collect.Multiset                                              : loaded 2 times (x 70B)
Class com.google.common.collect.ArrayListMultimapGwtSerializationDependencies         : loaded 2 times (x 172B)
Class org.objectweb.asm.ClassVisitor                                                  : loaded 2 times (x 88B)
Class org.gradle.internal.time.DefaultCountdownTimer                                  : loaded 2 times (x 88B)
Class com.google.common.collect.ImmutableMapEntrySet                                  : loaded 2 times (x 152B)
Class org.gradle.tooling.internal.gradle.DefaultBuildIdentifier                       : loaded 2 times (x 79B)
Class org.gradle.api.internal.classpath.Module                                        : loaded 2 times (x 70B)
Class com.google.common.cache.Weigher                                                 : loaded 2 times (x 70B)
Class org.gradle.api.internal.classpath.UnknownModuleException                        : loaded 2 times (x 82B)
Class jdk.internal.jimage.ImageHeader                                                 : loaded 2 times (x 71B)
Class com.google.common.base.Stopwatch                                                : loaded 2 times (x 72B)
Class com.google.common.cache.LocalCache$Strength                                     : loaded 2 times (x 81B)
Class com.google.common.cache.Cache                                                   : loaded 2 times (x 70B)
Class com.google.common.util.concurrent.AbstractFuture$Cancellation                   : loaded 2 times (x 72B)
Class com.google.common.collect.ImmutableMap$Builder                                  : loaded 2 times (x 82B)
Class com.google.common.cache.RemovalListener                                         : loaded 2 times (x 70B)
Class org.gradle.tooling.internal.gradle.GradleProjectIdentity                        : loaded 2 times (x 70B)
Class org.gradle.api.internal.DefaultClassPathRegistry                                : loaded 2 times (x 76B)
Class com.google.common.primitives.IntsMethodsForWeb                                  : loaded 2 times (x 71B)
Class com.google.common.collect.Multimap                                              : loaded 2 times (x 70B)
Class org.gradle.internal.classpath.DefaultClassPath$ImmutableUniqueList              : loaded 2 times (x 199B)
Class org.gradle.api.internal.ClassPathRegistry                                       : loaded 2 times (x 70B)
Class jdk.internal.jimage.decompressor.ResourceDecompressor                           : loaded 2 times (x 70B)
Class com.google.common.cache.CacheBuilder                                            : loaded 2 times (x 72B)
Class com.google.common.collect.SingletonImmutableList                                : loaded 2 times (x 207B)
Class [Lorg.objectweb.asm.Symbol;                                                     : loaded 2 times (x 69B)
Class Settings_gradle$1                                                               : loaded 2 times (x 74B)
Class org.gradle.internal.classpath.ClassPath                                         : loaded 2 times (x 70B)
Class com.google.common.collect.ImmutableList$ReverseImmutableList                    : loaded 2 times (x 209B)
Class org.objectweb.asm.SymbolTable$Entry                                             : loaded 2 times (x 74B)
Class org.gradle.api.internal.classpath.DefaultModuleRegistry$DefaultModuleAlias      : loaded 2 times (x 80B)
Class jdk.internal.jimage.ImageStringsReader                                          : loaded 2 times (x 80B)
Class org.objectweb.asm.Edge                                                          : loaded 2 times (x 72B)
Class com.google.common.base.Suppliers$SupplierOfInstance                             : loaded 2 times (x 79B)
Class jdk.internal.jimage.decompressor.StringSharingDecompressorFactory               : loaded 2 times (x 74B)
Class org.gradle.tooling.model.Model                                                  : loaded 2 times (x 70B)
Class com.google.common.cache.LocalCache$ComputingValueReference                      : loaded 2 times (x 96B)
Class com.google.common.collect.SingletonImmutableSet                                 : loaded 2 times (x 146B)
Class com.google.common.collect.ImmutableMap$IteratorBasedImmutableMap                : loaded 2 times (x 126B)
Class kotlin.UninitializedPropertyAccessException                                     : loaded 2 times (x 82B)
Class jdk.internal.jimage.ImageReader                                                 : loaded 2 times (x 75B)
Class com.google.common.cache.LocalCache$Segment                                      : loaded 2 times (x 154B)
Class jdk.internal.jimage.ImageReader$SharedImageReader                               : loaded 2 times (x 95B)
Class com.google.common.collect.AbstractListMultimap                                  : loaded 2 times (x 172B)
Class [Lorg.objectweb.asm.SymbolTable$Entry;                                          : loaded 2 times (x 69B)
Class com.google.common.cache.CacheLoader                                             : loaded 2 times (x 74B)
Class com.google.common.collect.ImmutableMap$MapViewOfValuesAsSingletonSets           : loaded 2 times (x 126B)
Class com.google.common.collect.ImmutableBiMap                                        : loaded 2 times (x 143B)
Class org.gradle.api.internal.classpath.ModuleRegistry                                : loaded 2 times (x 70B)
Class org.gradle.internal.installation.GradleInstallation$1                           : loaded 2 times (x 75B)
Class jdk.internal.jimage.decompressor.ResourceDecompressorFactory                    : loaded 2 times (x 74B)
Class com.google.common.collect.ImmutableSet$JdkBackedSetBuilderImpl                  : loaded 2 times (x 76B)
Class com.google.common.util.concurrent.internal.InternalFutureFailureAccess          : loaded 2 times (x 72B)
Class com.google.common.collect.RegularImmutableMap                                   : loaded 2 times (x 121B)
Class com.google.common.cache.LocalCache$LocalManualCache$1                           : loaded 2 times (x 75B)
Class com.google.common.base.CharMatcher$ForPredicate                                 : loaded 2 times (x 112B)
Class jdk.internal.jimage.ImageReader$Node                                            : loaded 2 times (x 84B)
Class com.google.common.base.CharMatcher$AnyOf                                        : loaded 2 times (x 112B)
Class com.google.common.collect.ImmutableList$1                                       : loaded 2 times (x 97B)
Class org.gradle.api.internal.classpath.DefaultModuleRegistry                         : loaded 2 times (x 84B)
Class jdk.internal.jimage.BasicImageReader$1                                          : loaded 2 times (x 77B)
Class com.google.common.util.concurrent.ExecutionError                                : loaded 2 times (x 82B)
Class com.google.common.util.concurrent.ListenableFuture                              : loaded 2 times (x 70B)
Class com.google.common.cache.ReferenceEntry                                          : loaded 2 times (x 70B)
Class com.google.common.base.Converter                                                : loaded 2 times (x 90B)
Class com.google.common.collect.ImmutableSet$CachingAsList                            : loaded 2 times (x 148B)
Class com.google.common.collect.AbstractMapBasedMultimap                              : loaded 2 times (x 139B)
Class com.google.common.util.concurrent.AbstractFuture                                : loaded 2 times (x 106B)
Class com.google.common.base.FunctionalEquivalence                                    : loaded 2 times (x 83B)
Class com.google.common.collect.ImmutableEnumSet                                      : loaded 2 times (x 146B)
Class com.google.common.collect.ImmutableAsList                                       : loaded 2 times (x 209B)
Class org.gradle.internal.classloader.ClassLoaderHierarchy                            : loaded 2 times (x 70B)
Class com.google.common.cache.CacheLoader$SupplierToCacheLoader                       : loaded 2 times (x 75B)
Class jdk.internal.jimage.decompressor.Decompressor                                   : loaded 2 times (x 72B)
Class org.gradle.internal.time.MonotonicClock                                         : loaded 2 times (x 77B)
Class org.gradle.internal.service.ServiceLookupException                              : loaded 2 times (x 82B)
Class [Lcom.google.common.cache.LocalCache$EntryFactory;                              : loaded 2 times (x 69B)
Class org.gradle.internal.classloader.ClassLoaderFactory                              : loaded 2 times (x 70B)
Class com.google.common.cache.LocalCache$LocalManualCache                             : loaded 2 times (x 99B)
Class com.google.common.base.CharMatcher$IsNot                                        : loaded 2 times (x 111B)
Class org.gradle.internal.service.CachingServiceLocator                               : loaded 2 times (x 82B)
Class com.google.common.math.IntMath                                                  : loaded 2 times (x 71B)
Class com.google.common.collect.ImmutableMapEntry                                     : loaded 2 times (x 85B)
Class org.gradle.internal.time.TimeSource                                             : loaded 2 times (x 70B)
Class com.google.common.base.Equivalence                                              : loaded 2 times (x 82B)
Class com.google.common.base.Function                                                 : loaded 2 times (x 70B)
Class com.google.common.collect.ImmutableMapEntry$NonTerminalImmutableMapEntry        : loaded 2 times (x 85B)
Class sync_studio_tooling3_8hmkkk1u9jr5l5tacpzel3g31$_run_closure1                    : loaded 2 times (x 139B)
Class org.gradle.tooling.internal.gradle.GradleBuildIdentity                          : loaded 2 times (x 70B)
Class kotlin.enums.EnumEntries                                                        : loaded 2 times (x 70B)
Class com.google.common.cache.CacheBuilder$OneWeigher                                 : loaded 2 times (x 82B)
Class com.google.common.collect.RegularImmutableList                                  : loaded 2 times (x 213B)
Class org.gradle.internal.exceptions.ResolutionProvider                               : loaded 2 times (x 70B)
Class jdk.internal.jimage.ImageBufferCache                                            : loaded 2 times (x 71B)
Class jdk.internal.jrtfs.JrtPath                                                      : loaded 2 times (x 118B)
Class org.gradle.tooling.model.ProjectIdentifier                                      : loaded 2 times (x 70B)
Class org.gradle.internal.classloader.ClasspathUtil                                   : loaded 2 times (x 71B)
Class com.google.common.util.concurrent.Uninterruptibles                              : loaded 2 times (x 71B)
Class org.jetbrains.kotlin.tooling.core.HasExtras                                     : loaded 2 times (x 70B)
Class com.google.common.util.concurrent.LazyLogger                                    : loaded 2 times (x 72B)
Class com.google.common.collect.Maps                                                  : loaded 2 times (x 71B)
Class org.gradle.internal.time.TimeSource$1                                           : loaded 2 times (x 77B)
Class kotlin.jvm.internal.DefaultConstructorMarker                                    : loaded 2 times (x 71B)
Class org.gradle.api.specs.Spec                                                       : loaded 2 times (x 70B)
Class [Lcom.google.common.collect.ImmutableEntry;                                     : loaded 2 times (x 69B)
Class com.google.common.cache.LocalCache$LoadingValueReference                        : loaded 2 times (x 96B)
Class jdk.internal.jimage.decompressor.ResourceDecompressorRepository                 : loaded 2 times (x 71B)
Class com.intellij.gradle.toolingExtension.impl.model.utilDummyModel.DummyModel       : loaded 2 times (x 70B)
Class org.gradle.internal.time.Clock                                                  : loaded 2 times (x 70B)
Class jdk.internal.jimage.ImageReader$Directory                                       : loaded 2 times (x 84B)
Class [Lorg.objectweb.asm.AnnotationWriter;                                           : loaded 2 times (x 69B)
Class com.google.common.collect.Maps$8                                                : loaded 2 times (x 82B)
Class kotlin.collections.AbstractList                                                 : loaded 2 times (x 197B)
Class kotlin.collections.AbstractCollection                                           : loaded 2 times (x 117B)
Class com.google.common.collect.Sets$SetView                                          : loaded 2 times (x 138B)
Class com.google.common.cache.LocalCache$StrongValueReference                         : loaded 2 times (x 90B)
Class org.jetbrains.kotlin.tooling.core.Extras                                        : loaded 2 times (x 70B)
Class org.objectweb.asm.Type                                                          : loaded 2 times (x 72B)
Class org.gradle.internal.classloader.VisitableURLClassLoader$InstrumentingVisitableURLClassLoader: loaded 2 times (x 123B)
Class com.google.common.math.IntMath$1                                                : loaded 2 times (x 71B)
Class org.objectweb.asm.ByteVector                                                    : loaded 2 times (x 79B)
Class [Lcom.google.common.cache.CacheBuilder$NullListener;                            : loaded 2 times (x 69B)
Class org.gradle.internal.classloader.VisitableURLClassLoader$Spec                    : loaded 2 times (x 74B)
Class org.gradle.internal.classpath.DefaultClassPath                                  : loaded 2 times (x 90B)
Class jdk.internal.jimage.decompressor.ZipDecompressorFactory                         : loaded 2 times (x 74B)
Class org.objectweb.asm.Symbol                                                        : loaded 2 times (x 73B)
Class org.gradle.util.internal.DefaultGradleVersion                                   : loaded 2 times (x 82B)
Class com.google.common.base.CharMatcher$BitSetMatcher                                : loaded 2 times (x 112B)
Class com.google.common.collect.ImmutableSet                                          : loaded 2 times (x 145B)
Class com.google.common.collect.RegularImmutableMap$Values                            : loaded 2 times (x 207B)
Class org.gradle.internal.classloader.ClassLoaderSpec                                 : loaded 2 times (x 71B)
Class org.objectweb.asm.AnnotationWriter                                              : loaded 2 times (x 79B)
Class com.google.common.cache.CacheStats                                              : loaded 2 times (x 71B)
Class org.objectweb.asm.RecordComponentWriter                                         : loaded 2 times (x 78B)
Class com.google.common.util.concurrent.AbstractFuture$Listener                       : loaded 2 times (x 72B)
Class com.google.common.base.CharMatcher$Or                                           : loaded 2 times (x 112B)
Class Settings_gradle$1$1                                                             : loaded 2 times (x 74B)
Class org.gradle.api.internal.classpath.Module$ModuleAlias                            : loaded 2 times (x 70B)
Class org.objectweb.asm.Attribute                                                     : loaded 2 times (x 77B)
Class com.google.common.base.Supplier                                                 : loaded 2 times (x 70B)
Class ijInit1_4rpdauriu1pxtook5vrrnrrq1                                               : loaded 2 times (x 171B)
Class org.gradle.internal.classloader.VisitableURLClassLoader                         : loaded 2 times (x 117B)
Class Settings_gradle                                                                 : loaded 2 times (x 124B)
Class com.google.common.base.CharMatcher$IsEither                                     : loaded 2 times (x 111B)
Class jdk.internal.jimage.BasicImageReader                                            : loaded 2 times (x 95B)
Class jdk.internal.jimage.decompressor.ZipDecompressor                                : loaded 2 times (x 75B)
Class com.google.common.collect.Sets                                                  : loaded 2 times (x 71B)
Class org.objectweb.asm.Handler                                                       : loaded 2 times (x 72B)
Class com.google.common.base.Ticker                                                   : loaded 2 times (x 72B)
Class com.google.common.base.CharMatcher$FastMatcher                                  : loaded 2 times (x 111B)
Class [Lcom.google.common.cache.LocalCache$Segment;                                   : loaded 2 times (x 69B)
Class [Lcom.google.common.cache.LocalCache$Strength;                                  : loaded 2 times (x 69B)
Class com.google.common.cache.CacheBuilder$1                                          : loaded 2 times (x 85B)
Class com.google.common.base.Predicate                                                : loaded 2 times (x 70B)
Class com.google.common.collect.ImmutableMap                                          : loaded 2 times (x 120B)
Class org.gradle.internal.classpath.DefaultClassPath$ImmutableUniqueList$Builder      : loaded 2 times (x 75B)
Class com.google.common.cache.LocalCache                                              : loaded 2 times (x 187B)
Class com.google.common.cache.CacheBuilder$2                                          : loaded 2 times (x 79B)
Class com.google.common.base.CharMatcher$NegatedFastMatcher                           : loaded 2 times (x 113B)
Class com.google.common.collect.ArrayListMultimap                                     : loaded 2 times (x 172B)
Class com.google.common.cache.CacheBuilder$3                                          : loaded 2 times (x 72B)
Class [Lcom.google.common.collect.AbstractMapEntry;                                   : loaded 2 times (x 69B)
Class com.google.common.collect.ImmutableEntry                                        : loaded 2 times (x 82B)
Class org.gradle.internal.classloader.FilteringClassLoader                            : loaded 2 times (x 105B)
Class org.gradle.internal.exceptions.NonGradleCauseExceptionsHolder                   : loaded 2 times (x 70B)
Class jdk.internal.jimage.ImageStrings                                                : loaded 2 times (x 70B)
Class com.google.common.collect.CollectPreconditions                                  : loaded 2 times (x 71B)
Class com.google.common.collect.SortedMapDifference                                   : loaded 2 times (x 70B)
Class com.google.common.cache.LocalCache$EntryFactory                                 : loaded 2 times (x 83B)
Class com.google.common.cache.LocalCache$AbstractReferenceEntry                       : loaded 2 times (x 107B)
Class org.jetbrains.kotlin.tooling.core.HasMutableExtras                              : loaded 2 times (x 70B)
Class kotlin.NotImplementedError                                                      : loaded 2 times (x 82B)
Class kotlin.enums.EnumEntriesKt                                                      : loaded 2 times (x 71B)
Class org.objectweb.asm.SymbolTable                                                   : loaded 2 times (x 72B)
Class com.google.common.cache.CacheLoader$InvalidCacheLoadException                   : loaded 2 times (x 82B)
Class com.google.common.collect.ImmutableSet$RegularSetBuilderImpl                    : loaded 2 times (x 77B)
Class com.google.common.cache.LocalCache$StrongEntry                                  : loaded 2 times (x 108B)
Class com.google.common.util.concurrent.AbstractFuture$TrustedFuture                  : loaded 2 times (x 114B)
Class com.google.common.cache.LoadingCache                                            : loaded 2 times (x 70B)
Class sync_studio_tooling3_8hmkkk1u9jr5l5tacpzel3g31                                  : loaded 2 times (x 171B)
Class org.gradle.internal.exceptions.MultiCauseException                              : loaded 2 times (x 70B)
Class org.gradle.internal.time.CountdownTimer                                         : loaded 2 times (x 70B)
Class kotlin.jvm.internal.Intrinsics                                                  : loaded 2 times (x 71B)
Class jdk.internal.jrtfs.JrtFileSystem                                                : loaded 2 times (x 102B)
Class org.objectweb.asm.MethodWriter                                                  : loaded 2 times (x 106B)
Class [Lcom.google.common.cache.Weigher;                                              : loaded 2 times (x 69B)
Class com.google.common.collect.RegularImmutableMap$BucketOverflowException           : loaded 2 times (x 82B)
Class org.gradle.tooling.model.ProjectModel                                           : loaded 2 times (x 70B)
Class jdk.internal.jimage.decompressor.CompressedResourceHeader                       : loaded 2 times (x 71B)
Class kotlin.KotlinNullPointerException                                               : loaded 2 times (x 83B)
Class com.google.common.collect.RegularImmutableBiMap                                 : loaded 2 times (x 149B)
Class com.google.common.cache.LocalCache$ValueReference                               : loaded 2 times (x 70B)
Class com.google.common.base.CharMatcher$Negated                                      : loaded 2 times (x 113B)
Class com.google.common.base.CharMatcher$Is                                           : loaded 2 times (x 111B)
Class org.gradle.internal.exceptions.DefaultMultiCauseException                       : loaded 2 times (x 95B)
Class com.google.common.util.concurrent.AbstractFuture$Failure                        : loaded 2 times (x 72B)
Class com.google.common.base.Equivalence$Equals                                       : loaded 2 times (x 82B)
Class com.google.common.collect.Hashing                                               : loaded 2 times (x 71B)
Class com.google.common.collect.RegularImmutableMap$KeySet                            : loaded 2 times (x 152B)
Class org.objectweb.asm.Label                                                         : loaded 2 times (x 73B)
Class org.objectweb.asm.CurrentFrame                                                  : loaded 2 times (x 73B)
Class org.objectweb.asm.ClassTooLargeException                                        : loaded 2 times (x 83B)
Class com.google.common.base.CharMatcher                                              : loaded 2 times (x 111B)
Class com.google.common.base.Equivalence$Identity                                     : loaded 2 times (x 82B)
Class org.gradle.internal.time.Time                                                   : loaded 2 times (x 71B)
Class org.objectweb.asm.Frame                                                         : loaded 2 times (x 73B)
Class org.objectweb.asm.MethodVisitor                                                 : loaded 2 times (x 105B)
Class com.google.common.cache.LocalCache$EntryFactory$1                               : loaded 2 times (x 83B)
Class [Lcom.google.common.cache.RemovalListener;                                      : loaded 2 times (x 69B)
Class com.google.common.base.CharMatcher$NamedFastMatcher                             : loaded 2 times (x 112B)
Class com.google.common.base.CharMatcher$1                                            : loaded 2 times (x 113B)
Class com.google.common.cache.LocalCache$EntryFactory$2                               : loaded 2 times (x 83B)
Class org.objectweb.asm.ModuleWriter                                                  : loaded 2 times (x 82B)
Class com.google.common.cache.LocalCache$EntryFactory$3                               : loaded 2 times (x 83B)
Class com.google.common.base.Ticker$1                                                 : loaded 2 times (x 72B)
Class com.google.common.collect.Maps$BiMapConverter                                   : loaded 2 times (x 90B)
Class com.google.common.collect.ImmutableMapEntrySet$RegularEntrySet                  : loaded 2 times (x 152B)
Class org.gradle.tooling.model.BuildIdentifier                                        : loaded 2 times (x 70B)
Class kotlin.NoWhenBranchMatchedException                                             : loaded 2 times (x 82B)
Class com.google.common.collect.ImmutableSet$Builder                                  : loaded 2 times (x 85B)
Class com.google.common.cache.LocalCache$EntryFactory$4                               : loaded 2 times (x 83B)
Class com.google.common.base.CharMatcher$InRange                                      : loaded 2 times (x 111B)
Class com.google.common.cache.LocalCache$EntryFactory$5                               : loaded 2 times (x 83B)
Class com.google.common.cache.LocalCache$EntryFactory$6                               : loaded 2 times (x 83B)
Class Build_gradle                                                                    : loaded 2 times (x 72B)
Class org.gradle.internal.time.Timer                                                  : loaded 2 times (x 70B)
Class kotlin.jvm.internal.markers.KMappedMarker                                       : loaded 2 times (x 70B)
Class org.gradle.internal.installation.CurrentGradleInstallationLocator               : loaded 2 times (x 71B)
Class com.google.common.collect.ImmutableSet$EmptySetBuilderImpl                      : loaded 2 times (x 76B)
Class com.google.common.cache.LocalCache$EntryFactory$7                               : loaded 2 times (x 83B)
Class org.objectweb.asm.RecordComponentVisitor                                        : loaded 2 times (x 77B)
Class org.gradle.internal.service.DefaultServiceLocator                               : loaded 2 times (x 83B)
Class com.google.common.cache.LocalCache$EntryFactory$8                               : loaded 2 times (x 83B)
Class com.google.common.collect.ImmutableSet$SetBuilderImpl                           : loaded 2 times (x 76B)
Class org.gradle.util.GradleVersion                                                   : loaded 2 times (x 81B)
Class org.gradle.internal.installation.CurrentGradleInstallation                      : loaded 2 times (x 73B)
Class com.google.common.cache.CacheLoader$1                                           : loaded 2 times (x 75B)
Class com.google.common.collect.ImmutableList$SubList                                 : loaded 2 times (x 209B)
Class org.gradle.util.internal.GUtil                                                  : loaded 2 times (x 71B)
Class com.google.common.cache.AbstractCache$StatsCounter                              : loaded 2 times (x 70B)
Class com.google.common.base.PairwiseEquivalence                                      : loaded 2 times (x 83B)
Class com.google.common.collect.RegularImmutableSet                                   : loaded 2 times (x 149B)
Class org.gradle.internal.installation.GradleInstallation                             : loaded 2 times (x 75B)
Class jdk.internal.jimage.decompressor.ResourceDecompressor$StringsProvider           : loaded 2 times (x 70B)

---------------  S Y S T E M  ---------------

OS:
 Windows 11 , 64 bit Build 26100 (10.0.26100.8328)
OS uptime: 0 days 3:18 hours
Hyper-V role detected

CPU: total 4 (initial active 4) (4 cores per cpu, 1 threads per core) family 6 model 190 stepping 0 microcode 0x1a, cx8, cmov, fxsr, mmx, 3dnowpref, sse, sse2, sse3, ssse3, sse4.1, sse4.2, popcnt, lzcnt, tsc, tscinvbit, avx, avx2, aes, erms, clmul, bmi1, bmi2, adx, sha, fma, vzeroupper, clflush, clflushopt, clwb, hv, serialize, rdtscp, rdpid, fsrm, f16c, cet_ibt, cet_ss
Processor Information for the first 4 processors :
  Max Mhz: 800, Current Mhz: 800, Mhz Limit: 800

Memory: 4k page, system-wide physical 3751M (323M free)
TotalPageFile size 10498M (AvailPageFile size 23M)
current process WorkingSet (physical memory assigned to process): 302M, peak: 352M
current process commit charge ("private bytes"): 486M, peak: 509M

vm_info: OpenJDK 64-Bit Server VM (21.0.10+-14961533-b1163.108) for windows-amd64 JRE (21.0.10+-14961533-b1163.108), built on 2026-03-02T19:58:50Z by "builder" with MS VC++ 16.10 / 16.11 (VS2019)

END.
