#
# There is insufficient memory for the Java Runtime Environment to continue.
# Native memory allocation (mmap) failed to map 56623104 bytes. Error detail: G1 virtual space
# Possible reasons:
#   The system is out of physical RAM or swap space
#   This process is running with CompressedOops enabled, and the Java Heap may be blocking the growth of the native heap
# Possible solutions:
#   Reduce memory load on the system
#   Increase physical memory or swap space
#   Check if swap backing store is full
#   Decrease Java heap size (-Xmx/-Xms)
#   Decrease number of Java threads
#   Decrease Java thread stack sizes (-Xss)
#   Set larger code cache with -XX:ReservedCodeCacheSize=
#   JVM is running with Unscaled Compressed Oops mode in which the Java heap is
#     placed in the first 4GB address space. The Java Heap base address is the
#     maximum limit for the native heap growth. Please use -XX:HeapBaseMinAddress
#     to set the Java Heap base and to place the Java Heap above 4GB virtual address.
# This output file may be truncated or incomplete.
#
#  Out of Memory Error (os_windows.cpp:3926), pid=6792, tid=16556
#
# JRE version: OpenJDK Runtime Environment (21.0.10) (build 21.0.10+-14961533-b1163.108)
# Java VM: OpenJDK 64-Bit Server VM (21.0.10+-14961533-b1163.108, mixed mode, tiered, compressed oops, compressed class ptrs, g1 gc, windows-amd64)
# No core dump will be written. Minidumps are not enabled by default on client versions of Windows
#

---------------  S U M M A R Y ------------

Command Line: --add-opens=java.base/java.lang=ALL-UNNAMED --add-opens=java.base/java.lang.invoke=ALL-UNNAMED --add-opens=java.base/java.util=ALL-UNNAMED --add-opens=java.prefs/java.util.prefs=ALL-UNNAMED --add-exports=jdk.compiler/com.sun.tools.javac.api=ALL-UNNAMED --add-exports=jdk.compiler/com.sun.tools.javac.util=ALL-UNNAMED --add-opens=java.base/java.util=ALL-UNNAMED --add-opens=java.prefs/java.util.prefs=ALL-UNNAMED --add-opens=java.base/java.nio.charset=ALL-UNNAMED --add-opens=java.base/java.net=ALL-UNNAMED --add-opens=java.base/java.util.concurrent=ALL-UNNAMED --add-opens=java.base/java.util.concurrent.atomic=ALL-UNNAMED --add-opens=java.xml/javax.xml.namespace=ALL-UNNAMED --add-opens=java.base/java.time=ALL-UNNAMED -Xmx2048m -Dfile.encoding=UTF-8 -Duser.country=US -Duser.language=en -Duser.variant -javaagent:C:\Users\hcxys\.gradle\wrapper\dists\gradle-9.4.1-bin\arn2x92ynaizyzdaamcbpbhtj\gradle-9.4.1\lib\agents\gradle-instrumentation-agent-9.4.1.jar org.gradle.launcher.daemon.bootstrap.GradleDaemon 9.4.1

Host: Intel(R) N150, 4 cores, 3G,  Windows 11 , 64 bit Build 26100 (10.0.26100.8328)
Time: Sun May 31 19:48:38 2026 Eastern Daylight Time elapsed time: 213.206138 seconds (0d 0h 3m 33s)

---------------  T H R E A D  ---------------

Current thread (0x00000190ab00ba70):  VMThread "VM Thread"          [id=16556, stack(0x00000076c2400000,0x00000076c2500000) (1024K)]

Stack: [0x00000076c2400000,0x00000076c2500000]
Native frames: (J=compiled Java code, j=interpreted, Vv=VM code, C=native code)
V  [jvm.dll+0x6d78a9]
V  [jvm.dll+0x8665b3]
V  [jvm.dll+0x868bde]
V  [jvm.dll+0x8692c3]
V  [jvm.dll+0x280ee6]
V  [jvm.dll+0x6d4165]
V  [jvm.dll+0x6c77fa]
V  [jvm.dll+0x358f4b]
V  [jvm.dll+0x360bc6]
V  [jvm.dll+0x3b2ea6]
V  [jvm.dll+0x3b3178]
V  [jvm.dll+0x32b65c]
V  [jvm.dll+0x32e066]
V  [jvm.dll+0x337f3d]
V  [jvm.dll+0x36f6a5]
V  [jvm.dll+0x86f048]
V  [jvm.dll+0x870394]
V  [jvm.dll+0x8708d0]
V  [jvm.dll+0x870b63]
V  [jvm.dll+0x80fd28]
V  [jvm.dll+0x6d60fd]
C  [ucrtbase.dll+0x37b0]
C  [KERNEL32.DLL+0x2e957]
C  [ntdll.dll+0x427c]

VM_Operation (0x00000076c1fff390): G1PauseRemark, mode: safepoint, requested by thread 0x0000019090097900


---------------  P R O C E S S  ---------------

Threads class SMR info:
_java_thread_list=0x00000190c749de40, length=42, elements={
0x000001908dd734f0, 0x00000190ab07dfa0, 0x00000190ab081a80, 0x00000190ab0828b0,
0x00000190ab0bef80, 0x00000190ab0bf9e0, 0x00000190ab0c94c0, 0x00000190ab0b3b70,
0x00000190ab0b62e0, 0x00000190ab0d93f0, 0x00000190ab0b2130, 0x00000190ab0b34e0,
0x00000190ab0b0d80, 0x00000190ab0b1410, 0x00000190ab0b06f0, 0x00000190ab0b1aa0,
0x00000190ac425450, 0x00000190ac424730, 0x00000190ac425ae0, 0x00000190ac422660,
0x00000190ac426170, 0x00000190ac423380, 0x00000190ac423a10, 0x00000190ac422cf0,
0x00000190ac429c80, 0x00000190ac4288d0, 0x00000190ac427bb0, 0x00000190ac428240,
0x00000190ac428f60, 0x00000190ac4295f0, 0x00000190ab0b27c0, 0x00000190af060410,
0x00000190af05f060, 0x00000190af060aa0, 0x00000190af05fd80, 0x00000190af061130,
0x00000190af0624e0, 0x00000190af066680, 0x00000190af065ff0, 0x00000190ac1f5c20,
0x00000190c4c0ebb0, 0x00000190c5df4860
}

Java Threads: ( => current thread )
  0x000001908dd734f0 JavaThread "main"                              [_thread_blocked, id=12640, stack(0x00000076c1d00000,0x00000076c1e00000) (1024K)]
  0x00000190ab07dfa0 JavaThread "Common-Cleaner"             daemon [_thread_blocked, id=6964, stack(0x00000076c2500000,0x00000076c2600000) (1024K)]
  0x00000190ab081a80 JavaThread "Reference Handler"          daemon [_thread_blocked, id=7732, stack(0x00000076c2600000,0x00000076c2700000) (1024K)]
  0x00000190ab0828b0 JavaThread "Finalizer"                  daemon [_thread_blocked, id=9264, stack(0x00000076c2700000,0x00000076c2800000) (1024K)]
  0x00000190ab0bef80 JavaThread "Signal Dispatcher"          daemon [_thread_blocked, id=9908, stack(0x00000076c2800000,0x00000076c2900000) (1024K)]
  0x00000190ab0bf9e0 JavaThread "Attach Listener"            daemon [_thread_blocked, id=2612, stack(0x00000076c2900000,0x00000076c2a00000) (1024K)]
  0x00000190ab0c94c0 JavaThread "Service Thread"             daemon [_thread_blocked, id=15044, stack(0x00000076c2a00000,0x00000076c2b00000) (1024K)]
  0x00000190ab0b3b70 JavaThread "Monitor Deflation Thread"   daemon [_thread_blocked, id=13692, stack(0x00000076c2b00000,0x00000076c2c00000) (1024K)]
  0x00000190ab0b62e0 JavaThread "C2 CompilerThread0"         daemon [_thread_blocked, id=4664, stack(0x00000076c2c00000,0x00000076c2d00000) (1024K)]
  0x00000190ab0d93f0 JavaThread "C1 CompilerThread0"         daemon [_thread_blocked, id=6780, stack(0x00000076c2d00000,0x00000076c2e00000) (1024K)]
  0x00000190ab0b2130 JavaThread "Notification Thread"        daemon [_thread_blocked, id=16156, stack(0x00000076c2e00000,0x00000076c2f00000) (1024K)]
  0x00000190ab0b34e0 JavaThread "Daemon health stats"               [_thread_blocked, id=8352, stack(0x00000076c3200000,0x00000076c3300000) (1024K)]
  0x00000190ab0b0d80 JavaThread "Incoming local TCP Connector on port 63715"        [_thread_in_native, id=2720, stack(0x00000076c3300000,0x00000076c3400000) (1024K)]
  0x00000190ab0b1410 JavaThread "Daemon periodic checks"            [_thread_blocked, id=13624, stack(0x00000076c3400000,0x00000076c3500000) (1024K)]
  0x00000190ab0b06f0 JavaThread "Daemon"                            [_thread_blocked, id=7052, stack(0x00000076c3500000,0x00000076c3600000) (1024K)]
  0x00000190ab0b1aa0 JavaThread "Handler for socket connection from /127.0.0.1:63715 to /127.0.0.1:63718"        [_thread_in_native, id=13960, stack(0x00000076c3600000,0x00000076c3700000) (1024K)]
  0x00000190ac425450 JavaThread "Cancel handler"                    [_thread_blocked, id=15516, stack(0x00000076c3700000,0x00000076c3800000) (1024K)]
  0x00000190ac424730 JavaThread "Daemon worker"                     [_thread_blocked, id=11816, stack(0x00000076c3800000,0x00000076c3900000) (1024K)]
  0x00000190ac425ae0 JavaThread "Asynchronous log dispatcher for DefaultDaemonConnection: socket connection from /127.0.0.1:63715 to /127.0.0.1:63718"        [_thread_blocked, id=5364, stack(0x00000076c3900000,0x00000076c3a00000) (1024K)]
  0x00000190ac422660 JavaThread "Stdin handler"                     [_thread_blocked, id=15096, stack(0x00000076c3a00000,0x00000076c3b00000) (1024K)]
  0x00000190ac426170 JavaThread "Daemon client event forwarder"        [_thread_blocked, id=14616, stack(0x00000076c3b00000,0x00000076c3c00000) (1024K)]
  0x00000190ac423380 JavaThread "Cache worker for journal cache (C:\Users\hcxys\.gradle\caches\journal-1)"        [_thread_blocked, id=10760, stack(0x00000076c3c00000,0x00000076c3d00000) (1024K)]
  0x00000190ac423a10 JavaThread "File lock request listener"        [_thread_in_native, id=16508, stack(0x00000076c3d00000,0x00000076c3e00000) (1024K)]
  0x00000190ac422cf0 JavaThread "Cache worker for file hash cache (C:\Users\hcxys\.gradle\caches\9.4.1\fileHashes)"        [_thread_blocked, id=13228, stack(0x00000076c3e00000,0x00000076c3f00000) (1024K)]
  0x00000190ac429c80 JavaThread "Cache worker for file hash cache (C:\Users\hcxys\AndroidStudioProjects\MyApplication\.gradle\9.4.1\fileHashes)"        [_thread_blocked, id=10776, stack(0x00000076c3f00000,0x00000076c4000000) (1024K)]
  0x00000190ac4288d0 JavaThread "Cache worker for Build Output Cleanup Cache (C:\Users\hcxys\AndroidStudioProjects\MyApplication\.gradle\buildOutputCleanup)"        [_thread_blocked, id=10912, stack(0x00000076c4000000,0x00000076c4100000) (1024K)]
  0x00000190ac427bb0 JavaThread "File watcher server"        daemon [_thread_in_native, id=8280, stack(0x00000076c4100000,0x00000076c4200000) (1024K)]
  0x00000190ac428240 JavaThread "File watcher consumer"      daemon [_thread_blocked, id=12464, stack(0x00000076c4200000,0x00000076c4300000) (1024K)]
  0x00000190ac428f60 JavaThread "jar transforms"                    [_thread_blocked, id=9388, stack(0x00000076c4300000,0x00000076c4400000) (1024K)]
  0x00000190ac4295f0 JavaThread "jar transforms Thread 2"           [_thread_blocked, id=16864, stack(0x00000076c4400000,0x00000076c4500000) (1024K)]
  0x00000190ab0b27c0 JavaThread "jar transforms Thread 3"           [_thread_blocked, id=9612, stack(0x00000076c4500000,0x00000076c4600000) (1024K)]
  0x00000190af060410 JavaThread "jar transforms Thread 4"           [_thread_blocked, id=8520, stack(0x00000076c4600000,0x00000076c4700000) (1024K)]
  0x00000190af05f060 JavaThread "Cache worker for file content cache (C:\Users\hcxys\.gradle\caches\9.4.1\fileContent)"        [_thread_blocked, id=14756, stack(0x00000076c4700000,0x00000076c4800000) (1024K)]
  0x00000190af060aa0 JavaThread "Cache worker for checksums cache (C:\Users\hcxys\AndroidStudioProjects\MyApplication\.gradle\9.4.1\checksums)"        [_thread_blocked, id=9608, stack(0x00000076c4800000,0x00000076c4900000) (1024K)]
  0x00000190af05fd80 JavaThread "Cache worker for cache directory md-supplier (C:\Users\hcxys\.gradle\caches\9.4.1\md-supplier)"        [_thread_blocked, id=13644, stack(0x00000076c4900000,0x00000076c4a00000) (1024K)]
  0x00000190af061130 JavaThread "Cache worker for cache directory md-rule (C:\Users\hcxys\.gradle\caches\9.4.1\md-rule)"        [_thread_blocked, id=14072, stack(0x00000076c4a00000,0x00000076c4b00000) (1024K)]
  0x00000190af0624e0 JavaThread "Build operations"                  [_thread_blocked, id=16920, stack(0x00000076c4b00000,0x00000076c4c00000) (1024K)]
  0x00000190af066680 JavaThread "Build operations Thread 2"         [_thread_blocked, id=16220, stack(0x00000076c4c00000,0x00000076c4d00000) (1024K)]
  0x00000190af065ff0 JavaThread "Build operations Thread 3"         [_thread_blocked, id=15540, stack(0x00000076c4d00000,0x00000076c4e00000) (1024K)]
  0x00000190ac1f5c20 JavaThread "Build operations Thread 4"         [_thread_blocked, id=10284, stack(0x00000076c4e00000,0x00000076c4f00000) (1024K)]
  0x00000190c4c0ebb0 JavaThread "Kotlin DSL Writer"                 [_thread_blocked, id=16440, stack(0x00000076c4f00000,0x00000076c5000000) (1024K)]
  0x00000190c5df4860 JavaThread "Memory manager"                    [_thread_blocked, id=16976, stack(0x00000076c1b00000,0x00000076c1c00000) (1024K)]
Total: 42

Other Threads:
=>0x00000190ab00ba70 VMThread "VM Thread"                           [id=16556, stack(0x00000076c2400000,0x00000076c2500000) (1024K)]
  0x0000019090029470 WatcherThread "VM Periodic Task Thread"        [id=436, stack(0x00000076c2300000,0x00000076c2400000) (1024K)]
  0x000001908de2e060 WorkerThread "GC Thread#0"                     [id=16680, stack(0x00000076c1e00000,0x00000076c1f00000) (1024K)]
  0x00000190ab56c710 WorkerThread "GC Thread#1"                     [id=16696, stack(0x00000076c2f00000,0x00000076c3000000) (1024K)]
  0x00000190ab54e640 WorkerThread "GC Thread#2"                     [id=3872, stack(0x00000076c3000000,0x00000076c3100000) (1024K)]
  0x00000190abe661e0 WorkerThread "GC Thread#3"                     [id=2884, stack(0x00000076c3100000,0x00000076c3200000) (1024K)]
  0x0000019090097900 ConcurrentGCThread "G1 Main Marker"            [id=14180, stack(0x00000076c1f00000,0x00000076c2000000) (1024K)]
  0x0000019090098b30 WorkerThread "G1 Conc#0"                       [id=12388, stack(0x00000076c2000000,0x00000076c2100000) (1024K)]
  0x00000190900be690 ConcurrentGCThread "G1 Refine#0"               [id=17200, stack(0x00000076c2100000,0x00000076c2200000) (1024K)]
  0x00000190a6d05050 ConcurrentGCThread "G1 Service"                [id=11952, stack(0x00000076c2200000,0x00000076c2300000) (1024K)]
Total: 10

Threads with active compile tasks:
Total: 0

VM state: at safepoint (normal execution)

VM Mutex/Monitor currently owned by a thread:  ([mutex/lock_event])
[0x00007fff3cf186d0] Threads_lock - owner thread: 0x00000190ab00ba70
[0x00007fff3cf187d0] Heap_lock - owner thread: 0x0000019090097900

Heap address: 0x0000000080000000, size: 2048 MB, Compressed Oops mode: 32-bit

CDS archive(s) not mapped
Compressed class space mapped at: 0x0000000100000000-0x0000000140000000, reserved size: 1073741824
Narrow klass base: 0x0000000000000000, Narrow klass shift: 3, Narrow klass range: 0x140000000

GC Precious Log:
 CardTable entry size: 512
 Card Set container configuration: InlinePtr #cards 5 size 8 Array Of Cards #cards 12 size 40 Howl #buckets 4 coarsen threshold 1843 Howl Bitmap #cards 512 size 80 coarsen threshold 460 Card regions per heap region 1 cards per card region 2048
 CPUs: 4 total, 4 available
 Memory: 3751M
 Large Page Support: Disabled
 NUMA Support: Disabled
 Compressed Oops: Enabled (32-bit)
 Heap Region Size: 1M
 Heap Min Capacity: 8M
 Heap Initial Capacity: 60M
 Heap Max Capacity: 2G
 Pre-touch: Disabled
 Parallel Workers: 4
 Concurrent Workers: 1
 Concurrent Refinement Workers: 4
 Periodic GC: Disabled

Heap:
 garbage-first heap   total 325632K, used 242176K [0x0000000080000000, 0x0000000100000000)
  region size 1024K, 17 young (17408K), 2 survivors (2048K)
 Metaspace       used 168043K, committed 170240K, reserved 1245184K
  class space    used 21873K, committed 22912K, reserved 1048576K

Heap Regions: E=young(eden), S=young(survivor), O=old, HS=humongous(starts), HC=humongous(continues), CS=collection set, F=free, TAMS=top-at-mark-start, PB=parsable bottom
|   0|0x0000000080000000, 0x0000000080100000, 0x0000000080100000|100%|HS|  |TAMS 0x0000000080100000| PB 0x0000000080000000| Complete 
|   1|0x0000000080100000, 0x0000000080200000, 0x0000000080200000|100%|HC|  |TAMS 0x0000000080200000| PB 0x0000000080100000| Complete 
|   2|0x0000000080200000, 0x0000000080300000, 0x0000000080300000|100%|HC|  |TAMS 0x0000000080300000| PB 0x0000000080200000| Complete 
|   3|0x0000000080300000, 0x0000000080400000, 0x0000000080400000|100%|HC|  |TAMS 0x0000000080400000| PB 0x0000000080300000| Complete 
|   4|0x0000000080400000, 0x0000000080500000, 0x0000000080500000|100%| O|  |TAMS 0x0000000080500000| PB 0x0000000080500000| Untracked 
|   5|0x0000000080500000, 0x0000000080600000, 0x0000000080600000|100%| O|  |TAMS 0x0000000080600000| PB 0x0000000080600000| Untracked 
|   6|0x0000000080600000, 0x0000000080700000, 0x0000000080700000|100%| O|  |TAMS 0x0000000080700000| PB 0x0000000080700000| Untracked 
|   7|0x0000000080700000, 0x0000000080800000, 0x0000000080800000|100%| O|  |TAMS 0x0000000080800000| PB 0x0000000080800000| Updating 
|   8|0x0000000080800000, 0x0000000080900000, 0x0000000080900000|100%|HS|  |TAMS 0x0000000080900000| PB 0x0000000080800000| Complete 
|   9|0x0000000080900000, 0x0000000080a00000, 0x0000000080a00000|100%| O|  |TAMS 0x0000000080a00000| PB 0x0000000080a00000| Untracked 
|  10|0x0000000080a00000, 0x0000000080b00000, 0x0000000080b00000|100%| O|  |TAMS 0x0000000080b00000| PB 0x0000000080b00000| Updating 
|  11|0x0000000080b00000, 0x0000000080c00000, 0x0000000080c00000|100%| O|  |TAMS 0x0000000080c00000| PB 0x0000000080c00000| Untracked 
|  12|0x0000000080c00000, 0x0000000080d00000, 0x0000000080d00000|100%| O|  |TAMS 0x0000000080d00000| PB 0x0000000080d00000| Updating 
|  13|0x0000000080d00000, 0x0000000080e00000, 0x0000000080e00000|100%| O|  |TAMS 0x0000000080e00000| PB 0x0000000080e00000| Untracked 
|  14|0x0000000080e00000, 0x0000000080f00000, 0x0000000080f00000|100%| O|  |TAMS 0x0000000080f00000| PB 0x0000000080f00000| Untracked 
|  15|0x0000000080f00000, 0x0000000081000000, 0x0000000081000000|100%| O|  |TAMS 0x0000000081000000| PB 0x0000000081000000| Untracked 
|  16|0x0000000081000000, 0x0000000081100000, 0x0000000081100000|100%| O|  |TAMS 0x0000000081100000| PB 0x0000000081100000| Untracked 
|  17|0x0000000081100000, 0x0000000081200000, 0x0000000081200000|100%| O|  |TAMS 0x0000000081200000| PB 0x0000000081200000| Untracked 
|  18|0x0000000081200000, 0x0000000081300000, 0x0000000081300000|100%| O|  |TAMS 0x0000000081300000| PB 0x0000000081300000| Untracked 
|  19|0x0000000081300000, 0x0000000081400000, 0x0000000081400000|100%| O|  |TAMS 0x0000000081400000| PB 0x0000000081400000| Untracked 
|  20|0x0000000081400000, 0x0000000081500000, 0x0000000081500000|100%| O|  |TAMS 0x0000000081500000| PB 0x0000000081500000| Untracked 
|  21|0x0000000081500000, 0x0000000081600000, 0x0000000081600000|100%| O|  |TAMS 0x0000000081600000| PB 0x0000000081600000| Untracked 
|  22|0x0000000081600000, 0x0000000081700000, 0x0000000081700000|100%| O|  |TAMS 0x0000000081700000| PB 0x0000000081700000| Updating 
|  23|0x0000000081700000, 0x0000000081800000, 0x0000000081800000|100%| O|  |TAMS 0x0000000081800000| PB 0x0000000081800000| Updating 
|  24|0x0000000081800000, 0x0000000081900000, 0x0000000081900000|100%|HS|  |TAMS 0x0000000081900000| PB 0x0000000081800000| Complete 
|  25|0x0000000081900000, 0x0000000081a00000, 0x0000000081a00000|100%|HC|  |TAMS 0x0000000081a00000| PB 0x0000000081900000| Complete 
|  26|0x0000000081a00000, 0x0000000081b00000, 0x0000000081b00000|100%|HC|  |TAMS 0x0000000081b00000| PB 0x0000000081a00000| Complete 
|  27|0x0000000081b00000, 0x0000000081c00000, 0x0000000081c00000|100%|HC|  |TAMS 0x0000000081c00000| PB 0x0000000081b00000| Complete 
|  28|0x0000000081c00000, 0x0000000081d00000, 0x0000000081d00000|100%|HC|  |TAMS 0x0000000081d00000| PB 0x0000000081c00000| Complete 
|  29|0x0000000081d00000, 0x0000000081e00000, 0x0000000081e00000|100%|HC|  |TAMS 0x0000000081e00000| PB 0x0000000081d00000| Complete 
|  30|0x0000000081e00000, 0x0000000081f00000, 0x0000000081f00000|100%|HS|  |TAMS 0x0000000081f00000| PB 0x0000000081e00000| Complete 
|  31|0x0000000081f00000, 0x0000000082000000, 0x0000000082000000|100%|HC|  |TAMS 0x0000000082000000| PB 0x0000000081f00000| Complete 
|  32|0x0000000082000000, 0x0000000082100000, 0x0000000082100000|100%|HS|  |TAMS 0x0000000082100000| PB 0x0000000082000000| Complete 
|  33|0x0000000082100000, 0x0000000082200000, 0x0000000082200000|100%| O|  |TAMS 0x0000000082200000| PB 0x0000000082200000| Untracked 
|  34|0x0000000082200000, 0x0000000082300000, 0x0000000082300000|100%|HS|  |TAMS 0x0000000082300000| PB 0x0000000082200000| Complete 
|  35|0x0000000082300000, 0x0000000082400000, 0x0000000082400000|100%|HC|  |TAMS 0x0000000082400000| PB 0x0000000082300000| Complete 
|  36|0x0000000082400000, 0x0000000082500000, 0x0000000082500000|100%|HS|  |TAMS 0x0000000082500000| PB 0x0000000082400000| Complete 
|  37|0x0000000082500000, 0x0000000082600000, 0x0000000082600000|100%| O|  |TAMS 0x0000000082600000| PB 0x0000000082600000| Untracked 
|  38|0x0000000082600000, 0x0000000082700000, 0x0000000082700000|100%| O|  |TAMS 0x0000000082700000| PB 0x0000000082700000| Untracked 
|  39|0x0000000082700000, 0x0000000082800000, 0x0000000082800000|100%| O|  |TAMS 0x0000000082800000| PB 0x0000000082800000| Untracked 
|  40|0x0000000082800000, 0x0000000082900000, 0x0000000082900000|100%| O|  |TAMS 0x0000000082900000| PB 0x0000000082900000| Untracked 
|  41|0x0000000082900000, 0x0000000082a00000, 0x0000000082a00000|100%| O|  |TAMS 0x0000000082a00000| PB 0x0000000082a00000| Untracked 
|  42|0x0000000082a00000, 0x0000000082b00000, 0x0000000082b00000|100%| O|  |TAMS 0x0000000082b00000| PB 0x0000000082b00000| Untracked 
|  43|0x0000000082b00000, 0x0000000082c00000, 0x0000000082c00000|100%| O|  |TAMS 0x0000000082c00000| PB 0x0000000082c00000| Updating 
|  44|0x0000000082c00000, 0x0000000082d00000, 0x0000000082d00000|100%| O|  |TAMS 0x0000000082d00000| PB 0x0000000082d00000| Updating 
|  45|0x0000000082d00000, 0x0000000082e00000, 0x0000000082e00000|100%| O|  |TAMS 0x0000000082e00000| PB 0x0000000082e00000| Untracked 
|  46|0x0000000082e00000, 0x0000000082f00000, 0x0000000082f00000|100%| O|  |TAMS 0x0000000082f00000| PB 0x0000000082f00000| Untracked 
|  47|0x0000000082f00000, 0x0000000083000000, 0x0000000083000000|100%| O|  |TAMS 0x0000000082f00000| PB 0x0000000082f00000| Untracked 
|  48|0x0000000083000000, 0x0000000083100000, 0x0000000083100000|100%| O|  |TAMS 0x0000000083100000| PB 0x0000000083100000| Untracked 
|  49|0x0000000083100000, 0x0000000083200000, 0x0000000083200000|100%| O|  |TAMS 0x0000000083200000| PB 0x0000000083200000| Untracked 
|  50|0x0000000083200000, 0x0000000083300000, 0x0000000083300000|100%| O|  |TAMS 0x0000000083300000| PB 0x0000000083300000| Updating 
|  51|0x0000000083300000, 0x0000000083400000, 0x0000000083400000|100%|HS|  |TAMS 0x0000000083400000| PB 0x0000000083300000| Complete 
|  52|0x0000000083400000, 0x0000000083500000, 0x0000000083500000|100%|HC|  |TAMS 0x0000000083500000| PB 0x0000000083400000| Complete 
|  53|0x0000000083500000, 0x0000000083600000, 0x0000000083600000|100%| O|  |TAMS 0x0000000083600000| PB 0x0000000083600000| Untracked 
|  54|0x0000000083600000, 0x0000000083700000, 0x0000000083700000|100%| O|  |TAMS 0x0000000083700000| PB 0x0000000083700000| Updating 
|  55|0x0000000083700000, 0x0000000083800000, 0x0000000083800000|100%| O|  |TAMS 0x0000000083800000| PB 0x0000000083800000| Untracked 
|  56|0x0000000083800000, 0x0000000083900000, 0x0000000083900000|100%| O|  |TAMS 0x0000000083900000| PB 0x0000000083900000| Untracked 
|  57|0x0000000083900000, 0x0000000083a00000, 0x0000000083a00000|100%| O|  |TAMS 0x0000000083a00000| PB 0x0000000083a00000| Updating 
|  58|0x0000000083a00000, 0x0000000083b00000, 0x0000000083b00000|100%| O|  |TAMS 0x0000000083b00000| PB 0x0000000083b00000| Updating 
|  59|0x0000000083b00000, 0x0000000083c00000, 0x0000000083c00000|100%| O|  |TAMS 0x0000000083c00000| PB 0x0000000083c00000| Updating 
|  60|0x0000000083c00000, 0x0000000083d00000, 0x0000000083d00000|100%| O|  |TAMS 0x0000000083d00000| PB 0x0000000083d00000| Untracked 
|  61|0x0000000083d00000, 0x0000000083e00000, 0x0000000083e00000|100%|HS|  |TAMS 0x0000000083e00000| PB 0x0000000083d00000| Complete 
|  62|0x0000000083e00000, 0x0000000083f00000, 0x0000000083f00000|100%| O|  |TAMS 0x0000000083f00000| PB 0x0000000083f00000| Updating 
|  63|0x0000000083f00000, 0x0000000084000000, 0x0000000084000000|100%| O|  |TAMS 0x0000000084000000| PB 0x0000000084000000| Updating 
|  64|0x0000000084000000, 0x0000000084100000, 0x0000000084100000|100%| O|  |TAMS 0x0000000084100000| PB 0x0000000084100000| Untracked 
|  65|0x0000000084100000, 0x0000000084200000, 0x0000000084200000|100%| O|  |TAMS 0x0000000084200000| PB 0x0000000084200000| Updating 
|  66|0x0000000084200000, 0x0000000084300000, 0x0000000084300000|100%| O|  |TAMS 0x0000000084300000| PB 0x0000000084300000| Untracked 
|  67|0x0000000084300000, 0x0000000084400000, 0x0000000084400000|100%| O|  |TAMS 0x0000000084400000| PB 0x0000000084400000| Untracked 
|  68|0x0000000084400000, 0x0000000084500000, 0x0000000084500000|100%| O|  |TAMS 0x0000000084400000| PB 0x0000000084400000| Untracked 
|  69|0x0000000084500000, 0x0000000084600000, 0x0000000084600000|100%| O|  |TAMS 0x0000000084600000| PB 0x0000000084600000| Untracked 
|  70|0x0000000084600000, 0x0000000084700000, 0x0000000084700000|100%| O|  |TAMS 0x0000000084700000| PB 0x0000000084700000| Untracked 
|  71|0x0000000084700000, 0x0000000084800000, 0x0000000084800000|100%| O|  |TAMS 0x0000000084800000| PB 0x0000000084800000| Untracked 
|  72|0x0000000084800000, 0x0000000084900000, 0x0000000084900000|100%|HS|  |TAMS 0x0000000084900000| PB 0x0000000084800000| Complete 
|  73|0x0000000084900000, 0x0000000084a00000, 0x0000000084a00000|100%|HC|  |TAMS 0x0000000084a00000| PB 0x0000000084900000| Complete 
|  74|0x0000000084a00000, 0x0000000084b00000, 0x0000000084b00000|100%|HC|  |TAMS 0x0000000084b00000| PB 0x0000000084a00000| Complete 
|  75|0x0000000084b00000, 0x0000000084c00000, 0x0000000084c00000|100%|HC|  |TAMS 0x0000000084c00000| PB 0x0000000084b00000| Complete 
|  76|0x0000000084c00000, 0x0000000084d00000, 0x0000000084d00000|100%|HC|  |TAMS 0x0000000084d00000| PB 0x0000000084c00000| Complete 
|  77|0x0000000084d00000, 0x0000000084e00000, 0x0000000084e00000|100%|HC|  |TAMS 0x0000000084e00000| PB 0x0000000084d00000| Complete 
|  78|0x0000000084e00000, 0x0000000084f00000, 0x0000000084f00000|100%| O|  |TAMS 0x0000000084f00000| PB 0x0000000084f00000| Untracked 
|  79|0x0000000084f00000, 0x0000000085000000, 0x0000000085000000|100%| O|  |TAMS 0x0000000085000000| PB 0x0000000085000000| Updating 
|  80|0x0000000085000000, 0x0000000085100000, 0x0000000085100000|100%| O|  |TAMS 0x0000000085100000| PB 0x0000000085100000| Untracked 
|  81|0x0000000085100000, 0x0000000085200000, 0x0000000085200000|100%| O|  |TAMS 0x0000000085200000| PB 0x0000000085200000| Untracked 
|  82|0x0000000085200000, 0x0000000085300000, 0x0000000085300000|100%| O|  |TAMS 0x0000000085300000| PB 0x0000000085300000| Updating 
|  83|0x0000000085300000, 0x0000000085400000, 0x0000000085400000|100%| O|  |TAMS 0x0000000085400000| PB 0x0000000085400000| Updating 
|  84|0x0000000085400000, 0x0000000085500000, 0x0000000085500000|100%| O|  |TAMS 0x0000000085500000| PB 0x0000000085500000| Untracked 
|  85|0x0000000085500000, 0x0000000085600000, 0x0000000085600000|100%| O|  |TAMS 0x0000000085600000| PB 0x0000000085600000| Updating 
|  86|0x0000000085600000, 0x0000000085700000, 0x0000000085700000|100%| O|  |TAMS 0x0000000085700000| PB 0x0000000085700000| Untracked 
|  87|0x0000000085700000, 0x0000000085800000, 0x0000000085800000|100%| O|  |TAMS 0x0000000085800000| PB 0x0000000085800000| Updating 
|  88|0x0000000085800000, 0x0000000085900000, 0x0000000085900000|100%| O|  |TAMS 0x0000000085900000| PB 0x0000000085900000| Updating 
|  89|0x0000000085900000, 0x0000000085a00000, 0x0000000085a00000|100%| O|  |TAMS 0x0000000085a00000| PB 0x0000000085a00000| Untracked 
|  90|0x0000000085a00000, 0x0000000085b00000, 0x0000000085b00000|100%| O|  |TAMS 0x0000000085b00000| PB 0x0000000085b00000| Untracked 
|  91|0x0000000085b00000, 0x0000000085c00000, 0x0000000085c00000|100%| O|  |TAMS 0x0000000085c00000| PB 0x0000000085c00000| Updating 
|  92|0x0000000085c00000, 0x0000000085d00000, 0x0000000085d00000|100%| O|  |TAMS 0x0000000085d00000| PB 0x0000000085d00000| Untracked 
|  93|0x0000000085d00000, 0x0000000085e00000, 0x0000000085e00000|100%| O|  |TAMS 0x0000000085e00000| PB 0x0000000085e00000| Untracked 
|  94|0x0000000085e00000, 0x0000000085f00000, 0x0000000085f00000|100%| O|  |TAMS 0x0000000085f00000| PB 0x0000000085f00000| Untracked 
|  95|0x0000000085f00000, 0x0000000086000000, 0x0000000086000000|100%| O|  |TAMS 0x0000000086000000| PB 0x0000000086000000| Untracked 
|  96|0x0000000086000000, 0x0000000086100000, 0x0000000086100000|100%| O|  |TAMS 0x0000000086100000| PB 0x0000000086100000| Untracked 
|  97|0x0000000086100000, 0x0000000086200000, 0x0000000086200000|100%| O|  |TAMS 0x0000000086200000| PB 0x0000000086200000| Untracked 
|  98|0x0000000086200000, 0x0000000086300000, 0x0000000086300000|100%| O|  |TAMS 0x0000000086300000| PB 0x0000000086300000| Untracked 
|  99|0x0000000086300000, 0x0000000086400000, 0x0000000086400000|100%| O|  |TAMS 0x0000000086400000| PB 0x0000000086400000| Untracked 
| 100|0x0000000086400000, 0x0000000086500000, 0x0000000086500000|100%| O|  |TAMS 0x0000000086500000| PB 0x0000000086500000| Untracked 
| 101|0x0000000086500000, 0x0000000086600000, 0x0000000086600000|100%| O|  |TAMS 0x0000000086600000| PB 0x0000000086600000| Untracked 
| 102|0x0000000086600000, 0x0000000086700000, 0x0000000086700000|100%| O|  |TAMS 0x0000000086700000| PB 0x0000000086700000| Untracked 
| 103|0x0000000086700000, 0x0000000086800000, 0x0000000086800000|100%| O|  |TAMS 0x0000000086800000| PB 0x0000000086800000| Updating 
| 104|0x0000000086800000, 0x0000000086900000, 0x0000000086900000|100%| O|  |TAMS 0x0000000086900000| PB 0x0000000086900000| Untracked 
| 105|0x0000000086900000, 0x0000000086a00000, 0x0000000086a00000|100%| O|  |TAMS 0x0000000086a00000| PB 0x0000000086a00000| Updating 
| 106|0x0000000086a00000, 0x0000000086b00000, 0x0000000086b00000|100%| O|  |TAMS 0x0000000086b00000| PB 0x0000000086b00000| Updating 
| 107|0x0000000086b00000, 0x0000000086c00000, 0x0000000086c00000|100%| O|  |TAMS 0x0000000086c00000| PB 0x0000000086c00000| Updating 
| 108|0x0000000086c00000, 0x0000000086d00000, 0x0000000086d00000|100%| O|  |TAMS 0x0000000086d00000| PB 0x0000000086d00000| Updating 
| 109|0x0000000086d00000, 0x0000000086e00000, 0x0000000086e00000|100%| O|  |TAMS 0x0000000086e00000| PB 0x0000000086e00000| Updating 
| 110|0x0000000086e00000, 0x0000000086f00000, 0x0000000086f00000|100%| O|  |TAMS 0x0000000086f00000| PB 0x0000000086f00000| Untracked 
| 111|0x0000000086f00000, 0x0000000087000000, 0x0000000087000000|100%| O|  |TAMS 0x0000000087000000| PB 0x0000000087000000| Untracked 
| 112|0x0000000087000000, 0x0000000087100000, 0x0000000087100000|100%| O|  |TAMS 0x0000000087100000| PB 0x0000000087100000| Untracked 
| 113|0x0000000087100000, 0x0000000087200000, 0x0000000087200000|100%| O|  |TAMS 0x0000000087200000| PB 0x0000000087200000| Updating 
| 114|0x0000000087200000, 0x0000000087300000, 0x0000000087300000|100%| O|  |TAMS 0x0000000087300000| PB 0x0000000087300000| Untracked 
| 115|0x0000000087300000, 0x0000000087400000, 0x0000000087400000|100%| O|  |TAMS 0x0000000087400000| PB 0x0000000087400000| Updating 
| 116|0x0000000087400000, 0x0000000087500000, 0x0000000087500000|100%| O|  |TAMS 0x0000000087500000| PB 0x0000000087500000| Updating 
| 117|0x0000000087500000, 0x0000000087600000, 0x0000000087600000|100%| O|  |TAMS 0x0000000087600000| PB 0x0000000087600000| Untracked 
| 118|0x0000000087600000, 0x0000000087700000, 0x0000000087700000|100%| O|  |TAMS 0x0000000087700000| PB 0x0000000087700000| Untracked 
| 119|0x0000000087700000, 0x0000000087800000, 0x0000000087800000|100%| O|  |TAMS 0x0000000087800000| PB 0x0000000087800000| Updating 
| 120|0x0000000087800000, 0x0000000087900000, 0x0000000087900000|100%| O|  |TAMS 0x0000000087900000| PB 0x0000000087900000| Untracked 
| 121|0x0000000087900000, 0x0000000087a00000, 0x0000000087a00000|100%| O|  |TAMS 0x0000000087a00000| PB 0x0000000087a00000| Untracked 
| 122|0x0000000087a00000, 0x0000000087b00000, 0x0000000087b00000|100%| O|  |TAMS 0x0000000087b00000| PB 0x0000000087b00000| Untracked 
| 123|0x0000000087b00000, 0x0000000087c00000, 0x0000000087c00000|100%| O|  |TAMS 0x0000000087c00000| PB 0x0000000087c00000| Untracked 
| 124|0x0000000087c00000, 0x0000000087d00000, 0x0000000087d00000|100%| O|  |TAMS 0x0000000087d00000| PB 0x0000000087d00000| Untracked 
| 125|0x0000000087d00000, 0x0000000087e00000, 0x0000000087e00000|100%| O|  |TAMS 0x0000000087e00000| PB 0x0000000087e00000| Untracked 
| 126|0x0000000087e00000, 0x0000000087f00000, 0x0000000087f00000|100%| O|  |TAMS 0x0000000087f00000| PB 0x0000000087f00000| Updating 
| 127|0x0000000087f00000, 0x0000000088000000, 0x0000000088000000|100%| O|  |TAMS 0x0000000088000000| PB 0x0000000088000000| Untracked 
| 128|0x0000000088000000, 0x0000000088100000, 0x0000000088100000|100%| O|  |TAMS 0x0000000088100000| PB 0x0000000088100000| Updating 
| 129|0x0000000088100000, 0x0000000088200000, 0x0000000088200000|100%| O|  |TAMS 0x0000000088200000| PB 0x0000000088200000| Updating 
| 130|0x0000000088200000, 0x0000000088300000, 0x0000000088300000|100%| O|  |TAMS 0x0000000088200000| PB 0x0000000088200000| Untracked 
| 131|0x0000000088300000, 0x0000000088400000, 0x0000000088400000|100%| O|  |TAMS 0x0000000088400000| PB 0x0000000088400000| Untracked 
| 132|0x0000000088400000, 0x0000000088500000, 0x0000000088500000|100%| O|  |TAMS 0x0000000088500000| PB 0x0000000088500000| Untracked 
| 133|0x0000000088500000, 0x0000000088600000, 0x0000000088600000|100%| O|  |TAMS 0x0000000088600000| PB 0x0000000088600000| Untracked 
| 134|0x0000000088600000, 0x0000000088700000, 0x0000000088700000|100%| O|  |TAMS 0x0000000088700000| PB 0x0000000088700000| Untracked 
| 135|0x0000000088700000, 0x0000000088800000, 0x0000000088800000|100%| O|  |TAMS 0x0000000088800000| PB 0x0000000088800000| Untracked 
| 136|0x0000000088800000, 0x0000000088900000, 0x0000000088900000|100%| O|  |TAMS 0x0000000088900000| PB 0x0000000088900000| Untracked 
| 137|0x0000000088900000, 0x0000000088a00000, 0x0000000088a00000|100%| O|  |TAMS 0x0000000088a00000| PB 0x0000000088a00000| Updating 
| 138|0x0000000088a00000, 0x0000000088b00000, 0x0000000088b00000|100%| O|  |TAMS 0x0000000088b00000| PB 0x0000000088b00000| Untracked 
| 139|0x0000000088b00000, 0x0000000088c00000, 0x0000000088c00000|100%| O|  |TAMS 0x0000000088b00000| PB 0x0000000088b00000| Untracked 
| 140|0x0000000088c00000, 0x0000000088d00000, 0x0000000088d00000|100%| O|  |TAMS 0x0000000088d00000| PB 0x0000000088d00000| Untracked 
| 141|0x0000000088d00000, 0x0000000088e00000, 0x0000000088e00000|100%| O|  |TAMS 0x0000000088d00000| PB 0x0000000088d00000| Untracked 
| 142|0x0000000088e00000, 0x0000000088f00000, 0x0000000088f00000|100%| O|  |TAMS 0x0000000088f00000| PB 0x0000000088f00000| Untracked 
| 143|0x0000000088f00000, 0x0000000089000000, 0x0000000089000000|100%| O|  |TAMS 0x0000000089000000| PB 0x0000000089000000| Untracked 
| 144|0x0000000089000000, 0x0000000089100000, 0x0000000089100000|100%| O|  |TAMS 0x0000000089100000| PB 0x0000000089100000| Untracked 
| 145|0x0000000089100000, 0x0000000089200000, 0x0000000089200000|100%| O|  |TAMS 0x0000000089200000| PB 0x0000000089200000| Untracked 
| 146|0x0000000089200000, 0x0000000089300000, 0x0000000089300000|100%| O|  |TAMS 0x0000000089300000| PB 0x0000000089300000| Untracked 
| 147|0x0000000089300000, 0x0000000089400000, 0x0000000089400000|100%| O|  |TAMS 0x0000000089400000| PB 0x0000000089400000| Untracked 
| 148|0x0000000089400000, 0x0000000089500000, 0x0000000089500000|100%| O|  |TAMS 0x0000000089500000| PB 0x0000000089500000| Untracked 
| 149|0x0000000089500000, 0x0000000089600000, 0x0000000089600000|100%| O|  |TAMS 0x0000000089600000| PB 0x0000000089600000| Untracked 
| 150|0x0000000089600000, 0x0000000089700000, 0x0000000089700000|100%| O|  |TAMS 0x0000000089700000| PB 0x0000000089700000| Untracked 
| 151|0x0000000089700000, 0x0000000089800000, 0x0000000089800000|100%| O|  |TAMS 0x0000000089800000| PB 0x0000000089800000| Untracked 
| 152|0x0000000089800000, 0x0000000089900000, 0x0000000089900000|100%| O|  |TAMS 0x0000000089900000| PB 0x0000000089900000| Untracked 
| 153|0x0000000089900000, 0x0000000089a00000, 0x0000000089a00000|100%| O|  |TAMS 0x0000000089a00000| PB 0x0000000089a00000| Updating 
| 154|0x0000000089a00000, 0x0000000089b00000, 0x0000000089b00000|100%| O|  |TAMS 0x0000000089b00000| PB 0x0000000089b00000| Untracked 
| 155|0x0000000089b00000, 0x0000000089c00000, 0x0000000089c00000|100%| O|  |TAMS 0x0000000089c00000| PB 0x0000000089c00000| Updating 
| 156|0x0000000089c00000, 0x0000000089d00000, 0x0000000089d00000|100%| O|  |TAMS 0x0000000089d00000| PB 0x0000000089d00000| Updating 
| 157|0x0000000089d00000, 0x0000000089e00000, 0x0000000089e00000|100%|HS|  |TAMS 0x0000000089e00000| PB 0x0000000089d00000| Complete 
| 158|0x0000000089e00000, 0x0000000089f00000, 0x0000000089f00000|100%| O|  |TAMS 0x0000000089f00000| PB 0x0000000089f00000| Updating 
| 159|0x0000000089f00000, 0x000000008a000000, 0x000000008a000000|100%|HS|  |TAMS 0x000000008a000000| PB 0x0000000089f00000| Complete 
| 160|0x000000008a000000, 0x000000008a100000, 0x000000008a100000|100%| O|  |TAMS 0x000000008a100000| PB 0x000000008a100000| Untracked 
| 161|0x000000008a100000, 0x000000008a200000, 0x000000008a200000|100%| O|  |TAMS 0x000000008a200000| PB 0x000000008a200000| Untracked 
| 162|0x000000008a200000, 0x000000008a300000, 0x000000008a300000|100%| O|  |TAMS 0x000000008a300000| PB 0x000000008a300000| Untracked 
| 163|0x000000008a300000, 0x000000008a400000, 0x000000008a400000|100%| O|  |TAMS 0x000000008a400000| PB 0x000000008a400000| Untracked 
| 164|0x000000008a400000, 0x000000008a500000, 0x000000008a500000|100%| O|  |TAMS 0x000000008a500000| PB 0x000000008a500000| Untracked 
| 165|0x000000008a500000, 0x000000008a600000, 0x000000008a600000|100%| O|  |TAMS 0x000000008a600000| PB 0x000000008a600000| Untracked 
| 166|0x000000008a600000, 0x000000008a700000, 0x000000008a700000|100%| O|  |TAMS 0x000000008a700000| PB 0x000000008a700000| Untracked 
| 167|0x000000008a700000, 0x000000008a800000, 0x000000008a800000|100%| O|  |TAMS 0x000000008a700000| PB 0x000000008a700000| Untracked 
| 168|0x000000008a800000, 0x000000008a900000, 0x000000008a900000|100%| O|  |TAMS 0x000000008a900000| PB 0x000000008a900000| Untracked 
| 169|0x000000008a900000, 0x000000008aa00000, 0x000000008aa00000|100%| O|  |TAMS 0x000000008aa00000| PB 0x000000008aa00000| Untracked 
| 170|0x000000008aa00000, 0x000000008ab00000, 0x000000008ab00000|100%| O|  |TAMS 0x000000008ab00000| PB 0x000000008ab00000| Untracked 
| 171|0x000000008ab00000, 0x000000008ac00000, 0x000000008ac00000|100%| O|  |TAMS 0x000000008ac00000| PB 0x000000008ac00000| Untracked 
| 172|0x000000008ac00000, 0x000000008ad00000, 0x000000008ad00000|100%| O|  |TAMS 0x000000008ad00000| PB 0x000000008ad00000| Untracked 
| 173|0x000000008ad00000, 0x000000008ae00000, 0x000000008ae00000|100%| O|  |TAMS 0x000000008ae00000| PB 0x000000008ae00000| Untracked 
| 174|0x000000008ae00000, 0x000000008af00000, 0x000000008af00000|100%| O|  |TAMS 0x000000008af00000| PB 0x000000008af00000| Untracked 
| 175|0x000000008af00000, 0x000000008b000000, 0x000000008b000000|100%| O|  |TAMS 0x000000008b000000| PB 0x000000008b000000| Untracked 
| 176|0x000000008b000000, 0x000000008b100000, 0x000000008b100000|100%| O|  |TAMS 0x000000008b100000| PB 0x000000008b100000| Untracked 
| 177|0x000000008b100000, 0x000000008b200000, 0x000000008b200000|100%| O|  |TAMS 0x000000008b200000| PB 0x000000008b200000| Untracked 
| 178|0x000000008b200000, 0x000000008b300000, 0x000000008b300000|100%| O|  |TAMS 0x000000008b300000| PB 0x000000008b300000| Untracked 
| 179|0x000000008b300000, 0x000000008b400000, 0x000000008b400000|100%| O|  |TAMS 0x000000008b400000| PB 0x000000008b400000| Untracked 
| 180|0x000000008b400000, 0x000000008b500000, 0x000000008b500000|100%| O|  |TAMS 0x000000008b500000| PB 0x000000008b500000| Untracked 
| 181|0x000000008b500000, 0x000000008b600000, 0x000000008b600000|100%| O|  |TAMS 0x000000008b600000| PB 0x000000008b600000| Untracked 
| 182|0x000000008b600000, 0x000000008b700000, 0x000000008b700000|100%| O|  |TAMS 0x000000008b700000| PB 0x000000008b700000| Untracked 
| 183|0x000000008b700000, 0x000000008b800000, 0x000000008b800000|100%| O|  |TAMS 0x000000008b800000| PB 0x000000008b800000| Untracked 
| 184|0x000000008b800000, 0x000000008b900000, 0x000000008b900000|100%| O|  |TAMS 0x000000008b900000| PB 0x000000008b900000| Updating 
| 185|0x000000008b900000, 0x000000008ba00000, 0x000000008ba00000|100%| O|  |TAMS 0x000000008ba00000| PB 0x000000008ba00000| Updating 
| 186|0x000000008ba00000, 0x000000008bb00000, 0x000000008bb00000|100%|HS|  |TAMS 0x000000008bb00000| PB 0x000000008ba00000| Complete 
| 187|0x000000008bb00000, 0x000000008bc00000, 0x000000008bc00000|100%|HS|  |TAMS 0x000000008bc00000| PB 0x000000008bb00000| Complete 
| 188|0x000000008bc00000, 0x000000008bd00000, 0x000000008bd00000|100%|HS|  |TAMS 0x000000008bd00000| PB 0x000000008bc00000| Complete 
| 189|0x000000008bd00000, 0x000000008be00000, 0x000000008be00000|100%|HS|  |TAMS 0x000000008be00000| PB 0x000000008bd00000| Complete 
| 190|0x000000008be00000, 0x000000008bf00000, 0x000000008bf00000|100%|HC|  |TAMS 0x000000008bf00000| PB 0x000000008be00000| Complete 
| 191|0x000000008bf00000, 0x000000008c000000, 0x000000008c000000|100%|HS|  |TAMS 0x000000008c000000| PB 0x000000008bf00000| Complete 
| 192|0x000000008c000000, 0x000000008c100000, 0x000000008c100000|100%|HS|  |TAMS 0x000000008c100000| PB 0x000000008c000000| Complete 
| 193|0x000000008c100000, 0x000000008c200000, 0x000000008c200000|100%| O|  |TAMS 0x000000008c100000| PB 0x000000008c100000| Untracked 
| 194|0x000000008c200000, 0x000000008c300000, 0x000000008c300000|100%|HS|  |TAMS 0x000000008c300000| PB 0x000000008c200000| Complete 
| 195|0x000000008c300000, 0x000000008c400000, 0x000000008c400000|100%| O|  |TAMS 0x000000008c400000| PB 0x000000008c400000| Untracked 
| 196|0x000000008c400000, 0x000000008c500000, 0x000000008c500000|100%| O|  |TAMS 0x000000008c500000| PB 0x000000008c500000| Untracked 
| 197|0x000000008c500000, 0x000000008c600000, 0x000000008c600000|100%| O|  |TAMS 0x000000008c600000| PB 0x000000008c600000| Untracked 
| 198|0x000000008c600000, 0x000000008c700000, 0x000000008c700000|100%| O|  |TAMS 0x000000008c700000| PB 0x000000008c700000| Untracked 
| 199|0x000000008c700000, 0x000000008c800000, 0x000000008c800000|100%| O|  |TAMS 0x000000008c800000| PB 0x000000008c800000| Untracked 
| 200|0x000000008c800000, 0x000000008c900000, 0x000000008c900000|100%| O|  |TAMS 0x000000008c900000| PB 0x000000008c900000| Untracked 
| 201|0x000000008c900000, 0x000000008ca00000, 0x000000008ca00000|100%| O|  |TAMS 0x000000008ca00000| PB 0x000000008ca00000| Untracked 
| 202|0x000000008ca00000, 0x000000008cb00000, 0x000000008cb00000|100%| O|  |TAMS 0x000000008cb00000| PB 0x000000008cb00000| Untracked 
| 203|0x000000008cb00000, 0x000000008cc00000, 0x000000008cc00000|100%| O|  |TAMS 0x000000008cc00000| PB 0x000000008cc00000| Untracked 
| 204|0x000000008cc00000, 0x000000008cd00000, 0x000000008cd00000|100%| O|  |TAMS 0x000000008cd00000| PB 0x000000008cd00000| Untracked 
| 205|0x000000008cd00000, 0x000000008ce00000, 0x000000008ce00000|100%| O|  |TAMS 0x000000008ce00000| PB 0x000000008ce00000| Untracked 
| 206|0x000000008ce00000, 0x000000008cf00000, 0x000000008cf00000|100%| O|  |TAMS 0x000000008cf00000| PB 0x000000008cf00000| Untracked 
| 207|0x000000008cf00000, 0x000000008d000000, 0x000000008d000000|100%| O|  |TAMS 0x000000008d000000| PB 0x000000008d000000| Untracked 
| 208|0x000000008d000000, 0x000000008d100000, 0x000000008d100000|100%| O|  |TAMS 0x000000008d100000| PB 0x000000008d100000| Updating 
| 209|0x000000008d100000, 0x000000008d200000, 0x000000008d200000|100%| O|  |TAMS 0x000000008d200000| PB 0x000000008d200000| Updating 
| 210|0x000000008d200000, 0x000000008d300000, 0x000000008d300000|100%| O|  |TAMS 0x000000008d300000| PB 0x000000008d300000| Updating 
| 211|0x000000008d300000, 0x000000008d400000, 0x000000008d400000|100%| O|  |TAMS 0x000000008d300000| PB 0x000000008d300000| Untracked 
| 212|0x000000008d400000, 0x000000008d500000, 0x000000008d500000|100%| O|  |TAMS 0x000000008d400000| PB 0x000000008d400000| Untracked 
| 213|0x000000008d500000, 0x000000008d600000, 0x000000008d600000|100%| O|  |TAMS 0x000000008d500000| PB 0x000000008d500000| Untracked 
| 214|0x000000008d600000, 0x000000008d680000, 0x000000008d700000| 50%| O|  |TAMS 0x000000008d600000| PB 0x000000008d600000| Updating 
| 215|0x000000008d700000, 0x000000008d800000, 0x000000008d800000|100%|HS|  |TAMS 0x000000008d700000| PB 0x000000008d700000| Complete 
| 216|0x000000008d800000, 0x000000008d900000, 0x000000008d900000|100%|HC|  |TAMS 0x000000008d800000| PB 0x000000008d800000| Complete 
| 217|0x000000008d900000, 0x000000008d900000, 0x000000008da00000|  0%| F|  |TAMS 0x000000008d900000| PB 0x000000008d900000| Untracked 
| 218|0x000000008da00000, 0x000000008da00000, 0x000000008db00000|  0%| F|  |TAMS 0x000000008da00000| PB 0x000000008da00000| Untracked 
| 219|0x000000008db00000, 0x000000008db00000, 0x000000008dc00000|  0%| F|  |TAMS 0x000000008db00000| PB 0x000000008db00000| Untracked 
| 220|0x000000008dc00000, 0x000000008dc00000, 0x000000008dd00000|  0%| F|  |TAMS 0x000000008dc00000| PB 0x000000008dc00000| Untracked 
| 221|0x000000008dd00000, 0x000000008dd00000, 0x000000008de00000|  0%| F|  |TAMS 0x000000008dd00000| PB 0x000000008dd00000| Untracked 
| 222|0x000000008de00000, 0x000000008de00000, 0x000000008df00000|  0%| F|  |TAMS 0x000000008de00000| PB 0x000000008de00000| Untracked 
| 223|0x000000008df00000, 0x000000008df00000, 0x000000008e000000|  0%| F|  |TAMS 0x000000008df00000| PB 0x000000008df00000| Untracked 
| 224|0x000000008e000000, 0x000000008e000000, 0x000000008e100000|  0%| F|  |TAMS 0x000000008e000000| PB 0x000000008e000000| Untracked 
| 225|0x000000008e100000, 0x000000008e100000, 0x000000008e200000|  0%| F|  |TAMS 0x000000008e100000| PB 0x000000008e100000| Untracked 
| 226|0x000000008e200000, 0x000000008e200000, 0x000000008e300000|  0%| F|  |TAMS 0x000000008e200000| PB 0x000000008e200000| Untracked 
| 227|0x000000008e300000, 0x000000008e300000, 0x000000008e400000|  0%| F|  |TAMS 0x000000008e300000| PB 0x000000008e300000| Untracked 
| 228|0x000000008e400000, 0x000000008e400000, 0x000000008e500000|  0%| F|  |TAMS 0x000000008e400000| PB 0x000000008e400000| Untracked 
| 229|0x000000008e500000, 0x000000008e500000, 0x000000008e600000|  0%| F|  |TAMS 0x000000008e500000| PB 0x000000008e500000| Untracked 
| 230|0x000000008e600000, 0x000000008e600000, 0x000000008e700000|  0%| F|  |TAMS 0x000000008e600000| PB 0x000000008e600000| Untracked 
| 231|0x000000008e700000, 0x000000008e700000, 0x000000008e800000|  0%| F|  |TAMS 0x000000008e700000| PB 0x000000008e700000| Untracked 
| 232|0x000000008e800000, 0x000000008e800000, 0x000000008e900000|  0%| F|  |TAMS 0x000000008e800000| PB 0x000000008e800000| Untracked 
| 233|0x000000008e900000, 0x000000008e900000, 0x000000008ea00000|  0%| F|  |TAMS 0x000000008e900000| PB 0x000000008e900000| Untracked 
| 234|0x000000008ea00000, 0x000000008ea00000, 0x000000008eb00000|  0%| F|  |TAMS 0x000000008ea00000| PB 0x000000008ea00000| Untracked 
| 235|0x000000008eb00000, 0x000000008eb00000, 0x000000008ec00000|  0%| F|  |TAMS 0x000000008eb00000| PB 0x000000008eb00000| Untracked 
| 236|0x000000008ec00000, 0x000000008ec00000, 0x000000008ed00000|  0%| F|  |TAMS 0x000000008ec00000| PB 0x000000008ec00000| Untracked 
| 237|0x000000008ed00000, 0x000000008ed00000, 0x000000008ee00000|  0%| F|  |TAMS 0x000000008ed00000| PB 0x000000008ed00000| Untracked 
| 238|0x000000008ee00000, 0x000000008ee00000, 0x000000008ef00000|  0%| F|  |TAMS 0x000000008ee00000| PB 0x000000008ee00000| Untracked 
| 239|0x000000008ef00000, 0x000000008ef00000, 0x000000008f000000|  0%| F|  |TAMS 0x000000008ef00000| PB 0x000000008ef00000| Untracked 
| 240|0x000000008f000000, 0x000000008f000000, 0x000000008f100000|  0%| F|  |TAMS 0x000000008f000000| PB 0x000000008f000000| Untracked 
| 241|0x000000008f100000, 0x000000008f100000, 0x000000008f200000|  0%| F|  |TAMS 0x000000008f100000| PB 0x000000008f100000| Untracked 
| 242|0x000000008f200000, 0x000000008f200000, 0x000000008f300000|  0%| F|  |TAMS 0x000000008f200000| PB 0x000000008f200000| Untracked 
| 243|0x000000008f300000, 0x000000008f300000, 0x000000008f400000|  0%| F|  |TAMS 0x000000008f300000| PB 0x000000008f300000| Untracked 
| 244|0x000000008f400000, 0x000000008f400000, 0x000000008f500000|  0%| F|  |TAMS 0x000000008f400000| PB 0x000000008f400000| Untracked 
| 245|0x000000008f500000, 0x000000008f500000, 0x000000008f600000|  0%| F|  |TAMS 0x000000008f500000| PB 0x000000008f500000| Untracked 
| 246|0x000000008f600000, 0x000000008f600000, 0x000000008f700000|  0%| F|  |TAMS 0x000000008f600000| PB 0x000000008f600000| Untracked 
| 247|0x000000008f700000, 0x000000008f700000, 0x000000008f800000|  0%| F|  |TAMS 0x000000008f700000| PB 0x000000008f700000| Untracked 
| 248|0x000000008f800000, 0x000000008f800000, 0x000000008f900000|  0%| F|  |TAMS 0x000000008f800000| PB 0x000000008f800000| Untracked 
| 249|0x000000008f900000, 0x000000008f900000, 0x000000008fa00000|  0%| F|  |TAMS 0x000000008f900000| PB 0x000000008f900000| Untracked 
| 250|0x000000008fa00000, 0x000000008fa00000, 0x000000008fb00000|  0%| F|  |TAMS 0x000000008fa00000| PB 0x000000008fa00000| Untracked 
| 251|0x000000008fb00000, 0x000000008fb00000, 0x000000008fc00000|  0%| F|  |TAMS 0x000000008fb00000| PB 0x000000008fb00000| Untracked 
| 252|0x000000008fc00000, 0x000000008fc00000, 0x000000008fd00000|  0%| F|  |TAMS 0x000000008fc00000| PB 0x000000008fc00000| Untracked 
| 253|0x000000008fd00000, 0x000000008fd00000, 0x000000008fe00000|  0%| F|  |TAMS 0x000000008fd00000| PB 0x000000008fd00000| Untracked 
| 254|0x000000008fe00000, 0x000000008fe00000, 0x000000008ff00000|  0%| F|  |TAMS 0x000000008fe00000| PB 0x000000008fe00000| Untracked 
| 255|0x000000008ff00000, 0x000000008ff00000, 0x0000000090000000|  0%| F|  |TAMS 0x000000008ff00000| PB 0x000000008ff00000| Untracked 
| 256|0x0000000090000000, 0x0000000090000000, 0x0000000090100000|  0%| F|  |TAMS 0x0000000090000000| PB 0x0000000090000000| Untracked 
| 257|0x0000000090100000, 0x0000000090100000, 0x0000000090200000|  0%| F|  |TAMS 0x0000000090100000| PB 0x0000000090100000| Untracked 
| 258|0x0000000090200000, 0x0000000090200000, 0x0000000090300000|  0%| F|  |TAMS 0x0000000090200000| PB 0x0000000090200000| Untracked 
| 259|0x0000000090300000, 0x0000000090300000, 0x0000000090400000|  0%| F|  |TAMS 0x0000000090300000| PB 0x0000000090300000| Untracked 
| 260|0x0000000090400000, 0x0000000090400000, 0x0000000090500000|  0%| F|  |TAMS 0x0000000090400000| PB 0x0000000090400000| Untracked 
| 261|0x0000000090500000, 0x0000000090600000, 0x0000000090600000|100%| S|CS|TAMS 0x0000000090500000| PB 0x0000000090500000| Complete 
| 262|0x0000000090600000, 0x0000000090700000, 0x0000000090700000|100%| S|CS|TAMS 0x0000000090600000| PB 0x0000000090600000| Complete 
| 263|0x0000000090700000, 0x0000000090700000, 0x0000000090800000|  0%| F|  |TAMS 0x0000000090700000| PB 0x0000000090700000| Untracked 
| 264|0x0000000090800000, 0x0000000090800000, 0x0000000090900000|  0%| F|  |TAMS 0x0000000090800000| PB 0x0000000090800000| Untracked 
| 265|0x0000000090900000, 0x0000000090900000, 0x0000000090a00000|  0%| F|  |TAMS 0x0000000090900000| PB 0x0000000090900000| Untracked 
| 266|0x0000000090a00000, 0x0000000090a00000, 0x0000000090b00000|  0%| F|  |TAMS 0x0000000090a00000| PB 0x0000000090a00000| Untracked 
| 267|0x0000000090b00000, 0x0000000090b00000, 0x0000000090c00000|  0%| F|  |TAMS 0x0000000090b00000| PB 0x0000000090b00000| Untracked 
| 268|0x0000000090c00000, 0x0000000090c00000, 0x0000000090d00000|  0%| F|  |TAMS 0x0000000090c00000| PB 0x0000000090c00000| Untracked 
| 269|0x0000000090d00000, 0x0000000090d00000, 0x0000000090e00000|  0%| F|  |TAMS 0x0000000090d00000| PB 0x0000000090d00000| Untracked 
| 270|0x0000000090e00000, 0x0000000090e00000, 0x0000000090f00000|  0%| F|  |TAMS 0x0000000090e00000| PB 0x0000000090e00000| Untracked 
| 271|0x0000000090f00000, 0x0000000090f00000, 0x0000000091000000|  0%| F|  |TAMS 0x0000000090f00000| PB 0x0000000090f00000| Untracked 
| 272|0x0000000091000000, 0x0000000091000000, 0x0000000091100000|  0%| F|  |TAMS 0x0000000091000000| PB 0x0000000091000000| Untracked 
| 273|0x0000000091100000, 0x0000000091100000, 0x0000000091200000|  0%| F|  |TAMS 0x0000000091100000| PB 0x0000000091100000| Untracked 
| 274|0x0000000091200000, 0x0000000091200000, 0x0000000091300000|  0%| F|  |TAMS 0x0000000091200000| PB 0x0000000091200000| Untracked 
| 275|0x0000000091300000, 0x0000000091300000, 0x0000000091400000|  0%| F|  |TAMS 0x0000000091300000| PB 0x0000000091300000| Untracked 
| 276|0x0000000091400000, 0x0000000091400000, 0x0000000091500000|  0%| F|  |TAMS 0x0000000091400000| PB 0x0000000091400000| Untracked 
| 277|0x0000000091500000, 0x0000000091500000, 0x0000000091600000|  0%| F|  |TAMS 0x0000000091500000| PB 0x0000000091500000| Untracked 
| 278|0x0000000091600000, 0x0000000091600000, 0x0000000091700000|  0%| F|  |TAMS 0x0000000091600000| PB 0x0000000091600000| Untracked 
| 279|0x0000000091700000, 0x0000000091700000, 0x0000000091800000|  0%| F|  |TAMS 0x0000000091700000| PB 0x0000000091700000| Untracked 
| 280|0x0000000091800000, 0x0000000091800000, 0x0000000091900000|  0%| F|  |TAMS 0x0000000091800000| PB 0x0000000091800000| Untracked 
| 281|0x0000000091900000, 0x0000000091900000, 0x0000000091a00000|  0%| F|  |TAMS 0x0000000091900000| PB 0x0000000091900000| Untracked 
| 282|0x0000000091a00000, 0x0000000091a00000, 0x0000000091b00000|  0%| F|  |TAMS 0x0000000091a00000| PB 0x0000000091a00000| Untracked 
| 283|0x0000000091b00000, 0x0000000091b00000, 0x0000000091c00000|  0%| F|  |TAMS 0x0000000091b00000| PB 0x0000000091b00000| Untracked 
| 284|0x0000000091c00000, 0x0000000091c00000, 0x0000000091d00000|  0%| F|  |TAMS 0x0000000091c00000| PB 0x0000000091c00000| Untracked 
| 285|0x0000000091d00000, 0x0000000091d00000, 0x0000000091e00000|  0%| F|  |TAMS 0x0000000091d00000| PB 0x0000000091d00000| Untracked 
| 286|0x0000000091e00000, 0x0000000091e00000, 0x0000000091f00000|  0%| F|  |TAMS 0x0000000091e00000| PB 0x0000000091e00000| Untracked 
| 287|0x0000000091f00000, 0x0000000091f00000, 0x0000000092000000|  0%| F|  |TAMS 0x0000000091f00000| PB 0x0000000091f00000| Untracked 
| 288|0x0000000092000000, 0x0000000092000000, 0x0000000092100000|  0%| F|  |TAMS 0x0000000092000000| PB 0x0000000092000000| Untracked 
| 289|0x0000000092100000, 0x0000000092100000, 0x0000000092200000|  0%| F|  |TAMS 0x0000000092100000| PB 0x0000000092100000| Untracked 
| 290|0x0000000092200000, 0x0000000092200000, 0x0000000092300000|  0%| F|  |TAMS 0x0000000092200000| PB 0x0000000092200000| Untracked 
| 291|0x0000000092300000, 0x0000000092300000, 0x0000000092400000|  0%| F|  |TAMS 0x0000000092300000| PB 0x0000000092300000| Untracked 
| 292|0x0000000092400000, 0x0000000092400000, 0x0000000092500000|  0%| F|  |TAMS 0x0000000092400000| PB 0x0000000092400000| Untracked 
| 293|0x0000000092500000, 0x0000000092500000, 0x0000000092600000|  0%| F|  |TAMS 0x0000000092500000| PB 0x0000000092500000| Untracked 
| 294|0x0000000092600000, 0x0000000092600000, 0x0000000092700000|  0%| F|  |TAMS 0x0000000092600000| PB 0x0000000092600000| Untracked 
| 295|0x0000000092700000, 0x0000000092700000, 0x0000000092800000|  0%| F|  |TAMS 0x0000000092700000| PB 0x0000000092700000| Untracked 
| 296|0x0000000092800000, 0x0000000092800000, 0x0000000092900000|  0%| F|  |TAMS 0x0000000092800000| PB 0x0000000092800000| Untracked 
| 297|0x0000000092900000, 0x0000000092900000, 0x0000000092a00000|  0%| F|  |TAMS 0x0000000092900000| PB 0x0000000092900000| Untracked 
| 298|0x0000000092a00000, 0x0000000092a00000, 0x0000000092b00000|  0%| F|  |TAMS 0x0000000092a00000| PB 0x0000000092a00000| Untracked 
| 299|0x0000000092b00000, 0x0000000092b83480, 0x0000000092c00000| 51%| E|  |TAMS 0x0000000092b00000| PB 0x0000000092b00000| Complete 
| 300|0x0000000092c00000, 0x0000000092d00000, 0x0000000092d00000|100%| E|CS|TAMS 0x0000000092c00000| PB 0x0000000092c00000| Complete 
| 301|0x0000000092d00000, 0x0000000092e00000, 0x0000000092e00000|100%| E|CS|TAMS 0x0000000092d00000| PB 0x0000000092d00000| Complete 
|2032|0x00000000ff000000, 0x00000000ff100000, 0x00000000ff100000|100%| E|CS|TAMS 0x00000000ff000000| PB 0x00000000ff000000| Complete 
|2033|0x00000000ff100000, 0x00000000ff200000, 0x00000000ff200000|100%| E|CS|TAMS 0x00000000ff100000| PB 0x00000000ff100000| Complete 
|2034|0x00000000ff200000, 0x00000000ff300000, 0x00000000ff300000|100%| E|CS|TAMS 0x00000000ff200000| PB 0x00000000ff200000| Complete 
|2035|0x00000000ff300000, 0x00000000ff400000, 0x00000000ff400000|100%| E|CS|TAMS 0x00000000ff300000| PB 0x00000000ff300000| Complete 
|2036|0x00000000ff400000, 0x00000000ff500000, 0x00000000ff500000|100%| O|  |TAMS 0x00000000ff500000| PB 0x00000000ff500000| Updating 
|2037|0x00000000ff500000, 0x00000000ff600000, 0x00000000ff600000|100%| E|CS|TAMS 0x00000000ff500000| PB 0x00000000ff500000| Complete 
|2038|0x00000000ff600000, 0x00000000ff700000, 0x00000000ff700000|100%| E|CS|TAMS 0x00000000ff600000| PB 0x00000000ff600000| Complete 
|2039|0x00000000ff700000, 0x00000000ff800000, 0x00000000ff800000|100%| E|CS|TAMS 0x00000000ff700000| PB 0x00000000ff700000| Complete 
|2040|0x00000000ff800000, 0x00000000ff900000, 0x00000000ff900000|100%| E|CS|TAMS 0x00000000ff800000| PB 0x00000000ff800000| Complete 
|2041|0x00000000ff900000, 0x00000000ffa00000, 0x00000000ffa00000|100%| E|CS|TAMS 0x00000000ff900000| PB 0x00000000ff900000| Complete 
|2042|0x00000000ffa00000, 0x00000000ffb00000, 0x00000000ffb00000|100%| E|CS|TAMS 0x00000000ffa00000| PB 0x00000000ffa00000| Complete 
|2043|0x00000000ffb00000, 0x00000000ffc00000, 0x00000000ffc00000|100%| E|CS|TAMS 0x00000000ffb00000| PB 0x00000000ffb00000| Complete 
|2044|0x00000000ffc00000, 0x00000000ffd00000, 0x00000000ffd00000|100%| O|  |TAMS 0x00000000ffd00000| PB 0x00000000ffd00000| Untracked 
|2045|0x00000000ffd00000, 0x00000000ffe00000, 0x00000000ffe00000|100%| E|CS|TAMS 0x00000000ffd00000| PB 0x00000000ffd00000| Complete 
|2046|0x00000000ffe00000, 0x00000000fff00000, 0x00000000fff00000|100%| O|  |TAMS 0x00000000fff00000| PB 0x00000000fff00000| Untracked 
|2047|0x00000000fff00000, 0x0000000100000000, 0x0000000100000000|100%| O|  |TAMS 0x0000000100000000| PB 0x0000000100000000| Untracked 

Card table byte_map: [0x00000190a2560000,0x00000190a2960000] _byte_map_base: 0x00000190a2160000

Marking Bits: (CMBitMap*) 0x000001908de2e680
 Bits: [0x00000190a2960000, 0x00000190a4960000)

Polling page: 0x000001908de50000

Metaspace:

Usage:
  Non-class:    142.74 MB used.
      Class:     21.36 MB used.
       Both:    164.11 MB used.

Virtual space:
  Non-class space:      192.00 MB reserved,     143.88 MB ( 75%) committed,  3 nodes.
      Class space:        1.00 GB reserved,      22.38 MB (  2%) committed,  1 nodes.
             Both:        1.19 GB reserved,     166.25 MB ( 14%) committed. 

Chunk freelists:
   Non-Class:  80.00 KB
       Class:  9.45 MB
        Both:  9.53 MB

MaxMetaspaceSize: unlimited
CompressedClassSpaceSize: 1.00 GB
Initial GC threshold: 21.00 MB
Current GC threshold: 262.44 MB
CDS: off
 - commit_granule_bytes: 65536.
 - commit_granule_words: 8192.
 - virtual_space_node_default_size: 8388608.
 - enlarge_chunks_in_place: 1.
 - use_allocation_guard: 0.


Internal statistics:

num_allocs_failed_limit: 8.
num_arena_births: 4220.
num_arena_deaths: 0.
num_vsnodes_births: 4.
num_vsnodes_deaths: 0.
num_space_committed: 2659.
num_space_uncommitted: 0.
num_chunks_returned_to_freelist: 8.
num_chunks_taken_from_freelist: 10572.
num_chunk_merges: 8.
num_chunk_splits: 7501.
num_chunks_enlarged: 5428.
num_inconsistent_stats: 0.

CodeHeap 'non-profiled nmethods': size=120000Kb used=8924Kb max_used=9246Kb free=111075Kb
 bounds [0x000001909ac30000, 0x000001909b540000, 0x00000190a2160000]
CodeHeap 'profiled nmethods': size=120000Kb used=31629Kb max_used=32988Kb free=88370Kb
 bounds [0x0000019093160000, 0x00000190951a0000, 0x000001909a690000]
CodeHeap 'non-nmethods': size=5760Kb used=2292Kb max_used=2337Kb free=3467Kb
 bounds [0x000001909a690000, 0x000001909a900000, 0x000001909ac30000]
CodeCache: size=245760Kb, used=42845Kb, max_used=44571Kb, free=202912Kb
 total_blobs=15110, nmethods=13968, adapters=1044, full_count=0
Compilation: enabled, stopped_count=0, restarted_count=0

Compilation events (20 events):
Event: 212.390 Thread 0x00000190ab0d93f0 nmethod 17783 0x0000019095197590 code [0x0000019095197760, 0x0000019095197ae0]
Event: 212.439 Thread 0x00000190ab0b62e0 nmethod 17772 0x000001909b523b90 code [0x000001909b524260, 0x000001909b52a240]
Event: 212.440 Thread 0x00000190ab0b62e0 17775       4       com.google.common.cache.LocalCache$Segment::getEntry (73 bytes)
Event: 212.449 Thread 0x00000190ab0b62e0 nmethod 17775 0x000001909b531190 code [0x000001909b531380, 0x000001909b5318b0]
Event: 212.462 Thread 0x00000190ab0b62e0 17784       4       java.util.HashMap::putMapEntries (170 bytes)
Event: 212.473 Thread 0x00000190ab0d93f0 17785       3       sun.reflect.annotation.AnnotationParser::skipMemberValue (11 bytes)
Event: 212.473 Thread 0x00000190ab0d93f0 nmethod 17785 0x0000019095197c10 code [0x0000019095197dc0, 0x0000019095197fb0]
Event: 212.474 Thread 0x00000190ab0d93f0 17786       3       sun.reflect.annotation.AnnotationParser::skipMemberValue (65 bytes)
Event: 212.474 Thread 0x00000190ab0d93f0 nmethod 17786 0x0000019095198090 code [0x00000190951982e0, 0x00000190951989d0]
Event: 212.481 Thread 0x00000190ab0d93f0 17788       3       org.gradle.internal.instantiation.generator.AsmBackedClassGenerator$ClassBuilderImpl::access$5600 (4 bytes)
Event: 212.481 Thread 0x00000190ab0d93f0 nmethod 17788 0x0000019094424010 code [0x00000190944241a0, 0x0000019094424298]
Event: 212.482 Thread 0x00000190ab0d93f0 17789       3       com.google.common.collect.Ordering::<init> (5 bytes)
Event: 212.483 Thread 0x00000190ab0d93f0 nmethod 17789 0x0000019093d48b10 code [0x0000019093d48cc0, 0x0000019093d48e28]
Event: 212.495 Thread 0x00000190ab0b62e0 nmethod 17784 0x000001909b531d10 code [0x000001909b531fa0, 0x000001909b532ba8]
Event: 212.495 Thread 0x00000190ab0b62e0 17787       4       sun.reflect.generics.visitor.Reifier::visitClassTypeSignature (381 bytes)
Event: 212.571 Thread 0x00000190ab0b62e0 nmethod 17787 0x000001909b533510 code [0x000001909b533980, 0x000001909b535d10]
Event: 212.802 Thread 0x00000190ab0b62e0 17790       4       java.lang.Enum::<init> (15 bytes)
Event: 212.805 Thread 0x00000190ab0b62e0 nmethod 17790 0x000001909b537690 code [0x000001909b537820, 0x000001909b537980]
Event: 212.962 Thread 0x00000190ab0d93f0 17791       3       java.util.Arrays$ArrayList::get (7 bytes)
Event: 212.962 Thread 0x00000190ab0d93f0 nmethod 17791 0x00000190940d9910 code [0x00000190940d9ac0, 0x00000190940d9bf8]

GC Heap History (20 events):
Event: 149.940 GC heap before
{Heap before GC invocations=52 (full 0):
 garbage-first heap   total 271360K, used 207872K [0x0000000080000000, 0x0000000100000000)
  region size 1024K, 64 young (65536K), 10 survivors (10240K)
 Metaspace       used 157604K, committed 159680K, reserved 1245184K
  class space    used 20627K, committed 21632K, reserved 1048576K
}
Event: 150.013 GC heap after
{Heap after GC invocations=53 (full 0):
 garbage-first heap   total 271360K, used 169472K [0x0000000080000000, 0x0000000100000000)
  region size 1024K, 8 young (8192K), 8 survivors (8192K)
 Metaspace       used 157604K, committed 159680K, reserved 1245184K
  class space    used 20627K, committed 21632K, reserved 1048576K
}
Event: 152.118 GC heap before
{Heap before GC invocations=53 (full 0):
 garbage-first heap   total 271360K, used 227840K [0x0000000080000000, 0x0000000100000000)
  region size 1024K, 66 young (67584K), 8 survivors (8192K)
 Metaspace       used 158417K, committed 160512K, reserved 1245184K
  class space    used 20696K, committed 21696K, reserved 1048576K
}
Event: 152.171 GC heap after
{Heap after GC invocations=54 (full 0):
 garbage-first heap   total 271360K, used 160167K [0x0000000080000000, 0x0000000100000000)
  region size 1024K, 9 young (9216K), 9 survivors (9216K)
 Metaspace       used 158417K, committed 160512K, reserved 1245184K
  class space    used 20696K, committed 21696K, reserved 1048576K
}
Event: 152.960 GC heap before
{Heap before GC invocations=54 (full 0):
 garbage-first heap   total 271360K, used 227751K [0x0000000080000000, 0x0000000100000000)
  region size 1024K, 76 young (77824K), 9 survivors (9216K)
 Metaspace       used 158464K, committed 160512K, reserved 1245184K
  class space    used 20701K, committed 21696K, reserved 1048576K
}
Event: 153.057 GC heap after
{Heap after GC invocations=55 (full 0):
 garbage-first heap   total 271360K, used 173568K [0x0000000080000000, 0x0000000100000000)
  region size 1024K, 10 young (10240K), 10 survivors (10240K)
 Metaspace       used 158464K, committed 160512K, reserved 1245184K
  class space    used 20701K, committed 21696K, reserved 1048576K
}
Event: 157.012 GC heap before
{Heap before GC invocations=56 (full 0):
 garbage-first heap   total 271360K, used 210432K [0x0000000080000000, 0x0000000100000000)
  region size 1024K, 68 young (69632K), 10 survivors (10240K)
 Metaspace       used 158675K, committed 160768K, reserved 1245184K
  class space    used 20702K, committed 21696K, reserved 1048576K
}
Event: 157.052 GC heap after
{Heap after GC invocations=57 (full 0):
 garbage-first heap   total 271360K, used 159232K [0x0000000080000000, 0x0000000100000000)
  region size 1024K, 6 young (6144K), 6 survivors (6144K)
 Metaspace       used 158675K, committed 160768K, reserved 1245184K
  class space    used 20702K, committed 21696K, reserved 1048576K
}
Event: 160.743 GC heap before
{Heap before GC invocations=57 (full 0):
 garbage-first heap   total 271360K, used 232960K [0x0000000080000000, 0x0000000100000000)
  region size 1024K, 78 young (79872K), 6 survivors (6144K)
 Metaspace       used 158823K, committed 160896K, reserved 1245184K
  class space    used 20703K, committed 21696K, reserved 1048576K
}
Event: 160.793 GC heap after
{Heap after GC invocations=58 (full 0):
 garbage-first heap   total 325632K, used 144384K [0x0000000080000000, 0x0000000100000000)
  region size 1024K, 7 young (7168K), 7 survivors (7168K)
 Metaspace       used 158823K, committed 160896K, reserved 1245184K
  class space    used 20703K, committed 21696K, reserved 1048576K
}
Event: 170.701 GC heap before
{Heap before GC invocations=58 (full 0):
 garbage-first heap   total 325632K, used 271360K [0x0000000080000000, 0x0000000100000000)
  region size 1024K, 131 young (134144K), 7 survivors (7168K)
 Metaspace       used 159137K, committed 161152K, reserved 1245184K
  class space    used 20717K, committed 21696K, reserved 1048576K
}
Event: 170.741 GC heap after
{Heap after GC invocations=59 (full 0):
 garbage-first heap   total 325632K, used 151552K [0x0000000080000000, 0x0000000100000000)
  region size 1024K, 13 young (13312K), 13 survivors (13312K)
 Metaspace       used 159137K, committed 161152K, reserved 1245184K
  class space    used 20717K, committed 21696K, reserved 1048576K
}
Event: 181.459 GC heap before
{Heap before GC invocations=59 (full 0):
 garbage-first heap   total 325632K, used 232448K [0x0000000080000000, 0x0000000100000000)
  region size 1024K, 93 young (95232K), 13 survivors (13312K)
 Metaspace       used 159149K, committed 161216K, reserved 1245184K
  class space    used 20718K, committed 21696K, reserved 1048576K
}
Event: 181.827 GC heap after
{Heap after GC invocations=60 (full 0):
 garbage-first heap   total 325632K, used 185344K [0x0000000080000000, 0x0000000100000000)
  region size 1024K, 18 young (18432K), 18 survivors (18432K)
 Metaspace       used 159149K, committed 161216K, reserved 1245184K
  class space    used 20718K, committed 21696K, reserved 1048576K
}
Event: 189.255 GC heap before
{Heap before GC invocations=61 (full 0):
 garbage-first heap   total 325632K, used 241664K [0x0000000080000000, 0x0000000100000000)
  region size 1024K, 71 young (72704K), 18 survivors (18432K)
 Metaspace       used 159280K, committed 161344K, reserved 1245184K
  class space    used 20718K, committed 21696K, reserved 1048576K
}
Event: 189.670 GC heap after
{Heap after GC invocations=62 (full 0):
 garbage-first heap   total 325632K, used 203776K [0x0000000080000000, 0x0000000100000000)
  region size 1024K, 9 young (9216K), 9 survivors (9216K)
 Metaspace       used 159280K, committed 161344K, reserved 1245184K
  class space    used 20718K, committed 21696K, reserved 1048576K
}
Event: 209.163 GC heap before
{Heap before GC invocations=62 (full 0):
 garbage-first heap   total 325632K, used 284672K [0x0000000080000000, 0x0000000100000000)
  region size 1024K, 79 young (80896K), 9 survivors (9216K)
 Metaspace       used 161964K, committed 164096K, reserved 1245184K
  class space    used 21042K, committed 22080K, reserved 1048576K
}
Event: 209.291 GC heap after
{Heap after GC invocations=63 (full 0):
 garbage-first heap   total 325632K, used 223232K [0x0000000080000000, 0x0000000100000000)
  region size 1024K, 10 young (10240K), 10 survivors (10240K)
 Metaspace       used 161964K, committed 164096K, reserved 1245184K
  class space    used 21042K, committed 22080K, reserved 1048576K
}
Event: 212.134 GC heap before
{Heap before GC invocations=63 (full 0):
 garbage-first heap   total 325632K, used 274432K [0x0000000080000000, 0x0000000100000000)
  region size 1024K, 61 young (62464K), 10 survivors (10240K)
 Metaspace       used 166704K, committed 168896K, reserved 1245184K
  class space    used 21685K, committed 22720K, reserved 1048576K
}
Event: 212.191 GC heap after
{Heap after GC invocations=64 (full 0):
 garbage-first heap   total 325632K, used 225792K [0x0000000080000000, 0x0000000100000000)
  region size 1024K, 2 young (2048K), 2 survivors (2048K)
 Metaspace       used 166704K, committed 168896K, reserved 1245184K
  class space    used 21685K, committed 22720K, reserved 1048576K
}

Dll operation events (3 events):
Event: 0.075 Loaded shared library C:\Program Files\Android\Android Studio\jbr\bin\java.dll
Event: 0.110 Loaded shared library C:\Program Files\Android\Android Studio\jbr\bin\zip.dll
Event: 8.239 Loaded shared library C:\Program Files\Android\Android Studio\jbr\bin\verify.dll

Deoptimization events (20 events):
Event: 211.611 Thread 0x00000190ac424730 Uncommon trap: trap_request=0xffffff45 fr.pc=0x000001909b37bd88 relative=0x00000000000004e8
Event: 211.611 Thread 0x00000190ac424730 Uncommon trap: reason=unstable_if action=reinterpret pc=0x000001909b37bd88 method=java.io.WinNTFileSystem.prefixLength(Ljava/lang/String;)I @ 42 c2
Event: 211.611 Thread 0x00000190ac424730 DEOPT PACKING pc=0x000001909b37bd88 sp=0x00000076c38f3650
Event: 211.611 Thread 0x00000190ac424730 DEOPT UNPACKING pc=0x000001909a6e43a2 sp=0x00000076c38f3530 mode 2
Event: 211.611 Thread 0x00000190ac424730 Uncommon trap: trap_request=0xffffff45 fr.pc=0x000001909ad82c04 relative=0x0000000000000304
Event: 211.611 Thread 0x00000190ac424730 Uncommon trap: reason=unstable_if action=reinterpret pc=0x000001909ad82c04 method=java.io.WinNTFileSystem.prefixLength(Ljava/lang/String;)I @ 42 c2
Event: 211.611 Thread 0x00000190ac424730 DEOPT PACKING pc=0x000001909ad82c04 sp=0x00000076c38f3610
Event: 211.613 Thread 0x00000190ac424730 DEOPT UNPACKING pc=0x000001909a6e43a2 sp=0x00000076c38f3530 mode 2
Event: 211.613 Thread 0x00000190ac424730 Uncommon trap: trap_request=0xffffff45 fr.pc=0x000001909b38fa60 relative=0x0000000000000280
Event: 211.613 Thread 0x00000190ac424730 Uncommon trap: reason=unstable_if action=reinterpret pc=0x000001909b38fa60 method=java.io.WinNTFileSystem.prefixLength(Ljava/lang/String;)I @ 42 c2
Event: 211.613 Thread 0x00000190ac424730 DEOPT PACKING pc=0x000001909b38fa60 sp=0x00000076c38f35a0
Event: 211.613 Thread 0x00000190ac424730 DEOPT UNPACKING pc=0x000001909a6e43a2 sp=0x00000076c38f3538 mode 2
Event: 211.779 Thread 0x00000190ac424730 Uncommon trap: trap_request=0xffffff45 fr.pc=0x000001909b2a4824 relative=0x0000000000000a04
Event: 211.779 Thread 0x00000190ac424730 Uncommon trap: reason=unstable_if action=reinterpret pc=0x000001909b2a4824 method=java.util.regex.Pattern.append(II)V @ 9 c2
Event: 211.779 Thread 0x00000190ac424730 DEOPT PACKING pc=0x000001909b2a4824 sp=0x00000076c38f1a30
Event: 211.779 Thread 0x00000190ac424730 DEOPT UNPACKING pc=0x000001909a6e43a2 sp=0x00000076c38f1940 mode 2
Event: 212.194 Thread 0x00000190ab07dfa0 Uncommon trap: trap_request=0xffffffc6 fr.pc=0x000001909b2acaa4 relative=0x0000000000000d24
Event: 212.194 Thread 0x00000190ab07dfa0 Uncommon trap: reason=bimorphic_or_optimized_type_check action=maybe_recompile pc=0x000001909b2acaa4 method=jdk.internal.ref.PhantomCleanable.clean()V @ 12 c2
Event: 212.194 Thread 0x00000190ab07dfa0 DEOPT PACKING pc=0x000001909b2acaa4 sp=0x00000076c25ff120
Event: 212.194 Thread 0x00000190ab07dfa0 DEOPT UNPACKING pc=0x000001909a6e43a2 sp=0x00000076c25ff130 mode 2

Classes loaded (20 events):
Event: 211.593 Loading class jdk/xml/internal/XMLSecurityManager$Limit
Event: 211.594 Loading class jdk/xml/internal/XMLSecurityManager$Limit done
Event: 211.594 Loading class jdk/xml/internal/XMLSecurityManager$Processor
Event: 211.594 Loading class jdk/xml/internal/XMLSecurityManager$Processor done
Event: 211.594 Loading class jdk/xml/internal/XMLSecurityManager$NameMap
Event: 211.594 Loading class jdk/xml/internal/XMLSecurityManager$NameMap done
Event: 211.595 Loading class com/sun/org/apache/xerces/internal/utils/XMLSecurityPropertyManager
Event: 211.595 Loading class com/sun/org/apache/xerces/internal/utils/XMLSecurityPropertyManager done
Event: 211.595 Loading class com/sun/org/apache/xerces/internal/utils/XMLSecurityPropertyManager$State
Event: 211.596 Loading class com/sun/org/apache/xerces/internal/utils/XMLSecurityPropertyManager$State done
Event: 211.596 Loading class com/sun/org/apache/xerces/internal/utils/XMLSecurityPropertyManager$Property
Event: 211.596 Loading class com/sun/org/apache/xerces/internal/utils/XMLSecurityPropertyManager$Property done
Event: 211.596 Loading class javax/xml/parsers/DocumentBuilderFactory
Event: 211.597 Loading class javax/xml/parsers/DocumentBuilderFactory done
Event: 211.597 Loading class javax/xml/parsers/FactoryFinder
Event: 211.599 Loading class javax/xml/parsers/FactoryFinder done
Event: 211.600 Loading class javax/xml/parsers/FactoryFinder$1
Event: 211.600 Loading class javax/xml/parsers/FactoryFinder$1 done
Event: 211.606 Loading class com/sun/org/apache/xerces/internal/jaxp/DocumentBuilderFactoryImpl
Event: 211.607 Loading class com/sun/org/apache/xerces/internal/jaxp/DocumentBuilderFactoryImpl done

Classes unloaded (0 events):
No events

Classes redefined (0 events):
No events

Internal exceptions (20 events):
Event: 212.445 Thread 0x00000190ac424730 Exception <a 'sun/nio/fs/WindowsException'{0x00000000ff861a08}> (0x00000000ff861a08) 
thrown [s\src\hotspot\share\prims\jni.cpp, line 537]
Event: 212.447 Thread 0x00000190ac424730 Exception <a 'sun/nio/fs/WindowsException'{0x00000000ff883b98}> (0x00000000ff883b98) 
thrown [s\src\hotspot\share\prims\jni.cpp, line 537]
Event: 212.448 Thread 0x00000190ac424730 Exception <a 'sun/nio/fs/WindowsException'{0x00000000ff894cd8}> (0x00000000ff894cd8) 
thrown [s\src\hotspot\share\prims\jni.cpp, line 537]
Event: 212.449 Thread 0x00000190ac424730 Exception <a 'sun/nio/fs/WindowsException'{0x00000000ff8a65e8}> (0x00000000ff8a65e8) 
thrown [s\src\hotspot\share\prims\jni.cpp, line 537]
Event: 212.452 Thread 0x00000190ac424730 Exception <a 'sun/nio/fs/WindowsException'{0x00000000ff8b7d60}> (0x00000000ff8b7d60) 
thrown [s\src\hotspot\share\prims\jni.cpp, line 537]
Event: 212.454 Thread 0x00000190ac424730 Exception <a 'sun/nio/fs/WindowsException'{0x00000000ff8c7f40}> (0x00000000ff8c7f40) 
thrown [s\src\hotspot\share\prims\jni.cpp, line 537]
Event: 212.455 Thread 0x00000190ac424730 Exception <a 'sun/nio/fs/WindowsException'{0x00000000ff8d86c0}> (0x00000000ff8d86c0) 
thrown [s\src\hotspot\share\prims\jni.cpp, line 537]
Event: 212.456 Thread 0x00000190ac424730 Exception <a 'sun/nio/fs/WindowsException'{0x00000000ff8e8dd0}> (0x00000000ff8e8dd0) 
thrown [s\src\hotspot\share\prims\jni.cpp, line 537]
Event: 212.457 Thread 0x00000190ac424730 Exception <a 'sun/nio/fs/WindowsException'{0x00000000ff8fa578}> (0x00000000ff8fa578) 
thrown [s\src\hotspot\share\prims\jni.cpp, line 537]
Event: 212.458 Thread 0x00000190ac424730 Exception <a 'sun/nio/fs/WindowsException'{0x00000000ff70e060}> (0x00000000ff70e060) 
thrown [s\src\hotspot\share\prims\jni.cpp, line 537]
Event: 212.463 Thread 0x00000190ac424730 Exception <a 'sun/nio/fs/WindowsException'{0x00000000ff7323f0}> (0x00000000ff7323f0) 
thrown [s\src\hotspot\share\prims\jni.cpp, line 537]
Event: 212.483 Thread 0x00000190ac424730 Exception <a 'sun/nio/fs/WindowsException'{0x00000000ff786478}> (0x00000000ff786478) 
thrown [s\src\hotspot\share\prims\jni.cpp, line 537]
Event: 212.500 Thread 0x00000190ac424730 Exception <a 'sun/nio/fs/WindowsException'{0x00000000ff7a1998}> (0x00000000ff7a1998) 
thrown [s\src\hotspot\share\prims\jni.cpp, line 537]
Event: 212.502 Thread 0x00000190ac424730 Exception <a 'sun/nio/fs/WindowsException'{0x00000000ff7b1728}> (0x00000000ff7b1728) 
thrown [s\src\hotspot\share\prims\jni.cpp, line 537]
Event: 212.510 Thread 0x00000190ac424730 Exception <a 'sun/nio/fs/WindowsException'{0x00000000ff7d0080}> (0x00000000ff7d0080) 
thrown [s\src\hotspot\share\prims\jni.cpp, line 537]
Event: 212.515 Thread 0x00000190ac424730 Exception <a 'sun/nio/fs/WindowsException'{0x00000000ff7df2a8}> (0x00000000ff7df2a8) 
thrown [s\src\hotspot\share\prims\jni.cpp, line 537]
Event: 212.520 Thread 0x00000190ac424730 Exception <a 'sun/nio/fs/WindowsException'{0x00000000ff7f26d8}> (0x00000000ff7f26d8) 
thrown [s\src\hotspot\share\prims\jni.cpp, line 537]
Event: 212.522 Thread 0x00000190ac424730 Exception <a 'sun/nio/fs/WindowsException'{0x00000000ff6036f8}> (0x00000000ff6036f8) 
thrown [s\src\hotspot\share\prims\jni.cpp, line 537]
Event: 212.523 Thread 0x00000190ac424730 Exception <a 'sun/nio/fs/WindowsException'{0x00000000ff6147f8}> (0x00000000ff6147f8) 
thrown [s\src\hotspot\share\prims\jni.cpp, line 537]
Event: 212.526 Thread 0x00000190ac424730 Exception <a 'sun/nio/fs/WindowsException'{0x00000000ff623738}> (0x00000000ff623738) 
thrown [s\src\hotspot\share\prims\jni.cpp, line 537]

ZGC Phase Switch (0 events):
No events

VM Operations (20 events):
Event: 203.870 Executing safepoint VM operation: Cleanup done
Event: 206.870 Executing safepoint VM operation: Cleanup
Event: 206.873 Executing safepoint VM operation: Cleanup done
Event: 207.874 Executing safepoint VM operation: Cleanup
Event: 207.874 Executing safepoint VM operation: Cleanup done
Event: 208.874 Executing safepoint VM operation: Cleanup
Event: 208.885 Executing safepoint VM operation: Cleanup done
Event: 209.163 Executing safepoint VM operation: G1CollectForAllocation (G1 Evacuation Pause)
Event: 209.291 Executing safepoint VM operation: G1CollectForAllocation (G1 Evacuation Pause) done
Event: 209.490 Executing non-safepoint VM operation: HandshakeAllThreads (Deoptimize)
Event: 209.491 Executing non-safepoint VM operation: HandshakeAllThreads (Deoptimize) done
Event: 210.491 Executing safepoint VM operation: Cleanup
Event: 210.491 Executing safepoint VM operation: Cleanup done
Event: 211.491 Executing safepoint VM operation: Cleanup
Event: 211.494 Executing safepoint VM operation: Cleanup done
Event: 211.683 Executing non-safepoint VM operation: HandshakeAllThreads (Deoptimize)
Event: 211.683 Executing non-safepoint VM operation: HandshakeAllThreads (Deoptimize) done
Event: 212.134 Executing safepoint VM operation: G1TryInitiateConcMark (G1 Humongous Allocation)
Event: 212.191 Executing safepoint VM operation: G1TryInitiateConcMark (G1 Humongous Allocation) done
Event: 213.001 Executing safepoint VM operation: G1PauseRemark

Memory protections (0 events):
No events

Nmethod flushes (20 events):
Event: 213.054 Thread 0x00000190ab00ba70 flushing  nmethod 0x0000019093b39810
Event: 213.054 Thread 0x00000190ab00ba70 flushing  nmethod 0x0000019093b3a210
Event: 213.054 Thread 0x00000190ab00ba70 flushing  nmethod 0x0000019093b3c690
Event: 213.054 Thread 0x00000190ab00ba70 flushing  nmethod 0x0000019093b3cc10
Event: 213.054 Thread 0x00000190ab00ba70 flushing  nmethod 0x0000019093b3e090
Event: 213.054 Thread 0x00000190ab00ba70 flushing  nmethod 0x0000019093b3f310
Event: 213.054 Thread 0x00000190ab00ba70 flushing  nmethod 0x0000019093f73410
Event: 213.054 Thread 0x00000190ab00ba70 flushing  nmethod 0x00000190942fb410
Event: 213.054 Thread 0x00000190ab00ba70 flushing  nmethod 0x00000190942fb990
Event: 213.054 Thread 0x00000190ab00ba70 flushing  nmethod 0x0000019094344690
Event: 213.054 Thread 0x00000190ab00ba70 flushing  nmethod 0x00000190943b5e10
Event: 213.054 Thread 0x00000190ab00ba70 flushing  nmethod 0x00000190943b6990
Event: 213.054 Thread 0x00000190ab00ba70 flushing  nmethod 0x0000019094ab4210
Event: 213.054 Thread 0x00000190ab00ba70 flushing  nmethod 0x0000019094d7dc10
Event: 213.054 Thread 0x00000190ab00ba70 flushing  nmethod 0x0000019094d85710
Event: 213.054 Thread 0x00000190ab00ba70 flushing  nmethod 0x0000019094d85c90
Event: 213.054 Thread 0x00000190ab00ba70 flushing  nmethod 0x0000019094e2e610
Event: 213.054 Thread 0x00000190ab00ba70 flushing  nmethod 0x0000019094ed8a10
Event: 213.054 Thread 0x00000190ab00ba70 flushing  nmethod 0x0000019094ed9b90
Event: 213.054 Thread 0x00000190ab00ba70 flushing  nmethod 0x0000019094efc910

Events (20 events):
Event: 21.562 Thread 0x00000190ac424730 Thread added: 0x00000190ac428f60
Event: 21.563 Thread 0x00000190ac424730 Thread added: 0x00000190ac4295f0
Event: 21.564 Thread 0x00000190ac424730 Thread added: 0x00000190ab0b27c0
Event: 21.564 Thread 0x00000190ac424730 Thread added: 0x00000190af060410
Event: 23.920 Thread 0x00000190ac424730 Thread added: 0x00000190af05f060
Event: 24.129 Thread 0x00000190ac424730 Thread added: 0x00000190af060aa0
Event: 25.883 Thread 0x00000190ac424730 Thread added: 0x00000190af05fd80
Event: 26.191 Thread 0x00000190ac424730 Thread added: 0x00000190af061130
Event: 33.254 Thread 0x00000190ac424730 Thread added: 0x00000190af0624e0
Event: 33.257 Thread 0x00000190ac424730 Thread added: 0x00000190af066680
Event: 33.361 Thread 0x00000190ac424730 Thread added: 0x00000190af065ff0
Event: 33.363 Thread 0x00000190ac424730 Thread added: 0x00000190ac1f5c20
Event: 135.110 Thread 0x00000190ab0b62e0 Thread added: 0x00000190c45f7430
Event: 136.485 Thread 0x00000190c45f7430 Thread exited: 0x00000190c45f7430
Event: 136.759 Thread 0x00000190ab0d93f0 Thread added: 0x00000190c45f6690
Event: 137.356 Thread 0x00000190c45f6690 Thread exited: 0x00000190c45f6690
Event: 138.617 Thread 0x00000190ac424730 Thread added: 0x00000190c4c0ebb0
Event: 139.335 Thread 0x00000190ac424730 Thread added: 0x00000190c4c0bdc0
Event: 199.688 Thread 0x00000190c4c0bdc0 Thread exited: 0x00000190c4c0bdc0
Event: 211.881 Thread 0x00000190ac424730 Thread added: 0x00000190c5df4860


Dynamic libraries:
0x00007ff6da400000 - 0x00007ff6da40a000 	C:\Program Files\Android\Android Studio\jbr\bin\java.exe
0x00007fffca560000 - 0x00007fffca7c7000 	C:\windows\SYSTEM32\ntdll.dll
0x00007fff96f30000 - 0x00007fff96f51000 	C:\Program Files\Avast Software\Avast\aswhook.dll
0x00007fffc9060000 - 0x00007fffc9129000 	C:\windows\System32\KERNEL32.DLL
0x00007fffc7ee0000 - 0x00007fffc82d7000 	C:\windows\System32\KERNELBASE.dll
0x00007fffc7cb0000 - 0x00007fffc7dfb000 	C:\windows\System32\ucrtbase.dll
0x00007fffb10e0000 - 0x00007fffb10f8000 	C:\Program Files\Android\Android Studio\jbr\bin\jli.dll
0x00007fffbf080000 - 0x00007fffbf09b000 	C:\Program Files\Android\Android Studio\jbr\bin\VCRUNTIME140.dll
0x00007fffc8d30000 - 0x00007fffc8ef6000 	C:\windows\System32\USER32.dll
0x00007fffc7eb0000 - 0x00007fffc7ed7000 	C:\windows\System32\win32u.dll
0x00007fffca0a0000 - 0x00007fffca0cb000 	C:\windows\System32\GDI32.dll
0x00007fffc6f90000 - 0x00007fffc70bc000 	C:\windows\System32\gdi32full.dll
0x00007fffad610000 - 0x00007fffad8a2000 	C:\windows\WinSxS\amd64_microsoft.windows.common-controls_6595b64144ccf1df_6.0.26100.8457_none_3e0b2faee331e92d\COMCTL32.dll
0x00007fffc7b70000 - 0x00007fffc7c13000 	C:\windows\System32\msvcp_win.dll
0x00007fffc83e0000 - 0x00007fffc8489000 	C:\windows\System32\msvcrt.dll
0x00007fffc8cf0000 - 0x00007fffc8d22000 	C:\windows\System32\IMM32.DLL
0x000000005aea0000 - 0x000000005aead000 	C:\Program Files (x86)\360\Total Security\safemon\SafeWrapper.dll
0x00007fffc9430000 - 0x00007fffc94e6000 	C:\windows\System32\ADVAPI32.dll
0x00007fffca0d0000 - 0x00007fffca177000 	C:\windows\System32\sechost.dll
0x00007fffc8bd0000 - 0x00007fffc8ce8000 	C:\windows\System32\RPCRT4.dll
0x00007fffc1c90000 - 0x00007fffc1d95000 	C:\Program Files (x86)\360\Total Security\safemon\libzdtp64.dll
0x00007fffc9920000 - 0x00007fffca08e000 	C:\windows\System32\SHELL32.dll
0x00007fffc8b60000 - 0x00007fffc8bc6000 	C:\windows\System32\SHLWAPI.dll
0x00007fffc7300000 - 0x00007fffc7b6c000 	C:\windows\System32\Windows.Storage.dll
0x00007fffca190000 - 0x00007fffca513000 	C:\windows\System32\combase.dll
0x00007fffc6a70000 - 0x00007fffc6a7b000 	C:\windows\SYSTEM32\VERSION.dll
0x00007fffbf2e0000 - 0x00007fffbf2ec000 	C:\Program Files\Android\Android Studio\jbr\bin\vcruntime140_1.dll
0x00007fff91f50000 - 0x00007fff91fdd000 	C:\Program Files\Android\Android Studio\jbr\bin\msvcp140.dll
0x00007fff3c360000 - 0x00007fff3cff6000 	C:\Program Files\Android\Android Studio\jbr\bin\server\jvm.dll
0x00007fffc9890000 - 0x00007fffc9910000 	C:\windows\System32\WS2_32.dll
0x00007fffc3f10000 - 0x00007fffc3f46000 	C:\windows\SYSTEM32\WINMM.dll
0x00007fffc6df0000 - 0x00007fffc6e4e000 	C:\windows\SYSTEM32\POWRPROF.dll
0x00007fffc6dd0000 - 0x00007fffc6de4000 	C:\windows\SYSTEM32\UMPDC.dll
0x00007fffc5cb0000 - 0x00007fffc5ccb000 	C:\windows\SYSTEM32\kernel.appcore.dll
0x00007fffbf0c0000 - 0x00007fffbf0ca000 	C:\Program Files\Android\Android Studio\jbr\bin\jimage.dll
0x00007fffc4d50000 - 0x00007fffc4f92000 	C:\windows\SYSTEM32\DBGHELP.DLL
0x00007fffc9720000 - 0x00007fffc97f9000 	C:\windows\System32\OLEAUT32.dll
0x00007fffadb20000 - 0x00007fffadb5b000 	C:\windows\SYSTEM32\dbgcore.DLL
0x00007fffc7e00000 - 0x00007fffc7ea8000 	C:\windows\System32\bcryptPrimitives.dll
0x00007fffbf340000 - 0x00007fffbf34e000 	C:\Program Files\Android\Android Studio\jbr\bin\instrument.dll
0x00007fffa5620000 - 0x00007fffa5640000 	C:\Program Files\Android\Android Studio\jbr\bin\java.dll
0x00007fffa55b0000 - 0x00007fffa55c8000 	C:\Program Files\Android\Android Studio\jbr\bin\zip.dll
0x00007fffc82e0000 - 0x00007fffc83d6000 	C:\windows\System32\SHCORE.dll
0x00007fffc6eb0000 - 0x00007fffc6ed9000 	C:\windows\SYSTEM32\profapi.dll
0x00007fffb1a00000 - 0x00007fffb1a10000 	C:\Program Files\Android\Android Studio\jbr\bin\net.dll
0x00007fffb1ea0000 - 0x00007fffb1fc9000 	C:\windows\SYSTEM32\WINHTTP.dll
0x00007fffc6220000 - 0x00007fffc628c000 	C:\windows\system32\mswsock.dll
0x00007fffa1f50000 - 0x00007fffa1f66000 	C:\Program Files\Android\Android Studio\jbr\bin\nio.dll
0x00007fffa5e70000 - 0x00007fffa5e80000 	C:\Program Files\Android\Android Studio\jbr\bin\verify.dll
0x00007fff84c80000 - 0x00007fff84ca7000 	C:\Users\hcxys\.gradle\native\660c5614fbf4a5f2a75b1949f50a0caf5cd603558e7d8a26e50b933a0cfb79d1\windows-amd64\native-platform.dll
0x00007fffa5940000 - 0x00007fffa59b7000 	C:\Users\hcxys\.gradle\native\0.2.8\x86_64-windows-gnu\gradle-fileevents.dll
0x00007fffb0c80000 - 0x00007fffb0c89000 	C:\Program Files\Android\Android Studio\jbr\bin\management.dll
0x00007fffad490000 - 0x00007fffad49b000 	C:\Program Files\Android\Android Studio\jbr\bin\management_ext.dll
0x00007fffc9570000 - 0x00007fffc9578000 	C:\windows\System32\PSAPI.DLL
0x00007fffc57c0000 - 0x00007fffc57f2000 	C:\windows\SYSTEM32\IPHLPAPI.DLL
0x00007fffc8630000 - 0x00007fffc863a000 	C:\windows\System32\NSI.dll
0x00007fffb0ca0000 - 0x00007fffb0ca9000 	C:\Program Files\Android\Android Studio\jbr\bin\extnet.dll
0x00007fffc6500000 - 0x00007fffc651b000 	C:\windows\SYSTEM32\CRYPTSP.dll
0x00007fffc5c10000 - 0x00007fffc5c49000 	C:\windows\system32\rsaenh.dll
0x00007fffc62d0000 - 0x00007fffc6303000 	C:\windows\SYSTEM32\USERENV.dll
0x00007fffc6e80000 - 0x00007fffc6eaa000 	C:\windows\SYSTEM32\bcrypt.dll
0x00007fffc6520000 - 0x00007fffc652c000 	C:\windows\SYSTEM32\CRYPTBASE.dll
0x00007fff920b0000 - 0x00007fff920b8000 	C:\windows\system32\wshunix.dll
0x00007fffc5800000 - 0x00007fffc5932000 	C:\windows\SYSTEM32\DNSAPI.dll
0x00007fffb1e70000 - 0x00007fffb1e7b000 	C:\Windows\System32\rasadhlp.dll
0x00007fffb76f0000 - 0x00007fffb7776000 	C:\windows\System32\fwpuclnt.dll

JVMTI agents:
C:\Users\hcxys\.gradle\wrapper\dists\gradle-9.4.1-bin\arn2x92ynaizyzdaamcbpbhtj\gradle-9.4.1\lib\agents\gradle-instrumentation-agent-9.4.1.jar path:C:\Program Files\Android\Android Studio\jbr\bin\instrument.dll, loaded, initialized, instrumentlib options:none

dbghelp: loaded successfully - version: 4.0.5 - missing functions: none
symbol engine: initialized successfully - sym options: 0x614 - pdb path: .;C:\Program Files\Android\Android Studio\jbr\bin;C:\windows\SYSTEM32;C:\Program Files\Avast Software\Avast;C:\windows\WinSxS\amd64_microsoft.windows.common-controls_6595b64144ccf1df_6.0.26100.8457_none_3e0b2faee331e92d;C:\Program Files (x86)\360\Total Security\safemon;C:\Program Files\Android\Android Studio\jbr\bin\server;C:\Users\hcxys\.gradle\native\660c5614fbf4a5f2a75b1949f50a0caf5cd603558e7d8a26e50b933a0cfb79d1\windows-amd64;C:\Users\hcxys\.gradle\native\0.2.8\x86_64-windows-gnu

VM Arguments:
jvm_args: --add-opens=java.base/java.lang=ALL-UNNAMED --add-opens=java.base/java.lang.invoke=ALL-UNNAMED --add-opens=java.base/java.util=ALL-UNNAMED --add-opens=java.prefs/java.util.prefs=ALL-UNNAMED --add-exports=jdk.compiler/com.sun.tools.javac.api=ALL-UNNAMED --add-exports=jdk.compiler/com.sun.tools.javac.util=ALL-UNNAMED --add-opens=java.base/java.util=ALL-UNNAMED --add-opens=java.prefs/java.util.prefs=ALL-UNNAMED --add-opens=java.base/java.nio.charset=ALL-UNNAMED --add-opens=java.base/java.net=ALL-UNNAMED --add-opens=java.base/java.util.concurrent=ALL-UNNAMED --add-opens=java.base/java.util.concurrent.atomic=ALL-UNNAMED --add-opens=java.xml/javax.xml.namespace=ALL-UNNAMED --add-opens=java.base/java.time=ALL-UNNAMED -Xmx2048m -Dfile.encoding=UTF-8 -Duser.country=US -Duser.language=en -Duser.variant -javaagent:C:\Users\hcxys\.gradle\wrapper\dists\gradle-9.4.1-bin\arn2x92ynaizyzdaamcbpbhtj\gradle-9.4.1\lib\agents\gradle-instrumentation-agent-9.4.1.jar 
java_command: org.gradle.launcher.daemon.bootstrap.GradleDaemon 9.4.1
java_class_path (initial): C:\Users\hcxys\.gradle\wrapper\dists\gradle-9.4.1-bin\arn2x92ynaizyzdaamcbpbhtj\gradle-9.4.1\lib\gradle-daemon-main-9.4.1.jar
Launcher Type: SUN_STANDARD

[Global flags]
     intx CICompilerCount                          = 3                                         {product} {ergonomic}
     uint ConcGCThreads                            = 1                                         {product} {ergonomic}
     uint G1ConcRefinementThreads                  = 4                                         {product} {ergonomic}
   size_t G1HeapRegionSize                         = 1048576                                   {product} {ergonomic}
    uintx GCDrainStackTargetSize                   = 64                                        {product} {ergonomic}
   size_t InitialHeapSize                          = 62914560                                  {product} {ergonomic}
   size_t MarkStackSize                            = 4194304                                   {product} {ergonomic}
   size_t MaxHeapSize                              = 2147483648                                {product} {command line}
   size_t MaxNewSize                               = 1287651328                                {product} {ergonomic}
   size_t MinHeapDeltaBytes                        = 1048576                                   {product} {ergonomic}
   size_t MinHeapSize                              = 8388608                                   {product} {ergonomic}
    uintx NonNMethodCodeHeapSize                   = 5832780                                {pd product} {ergonomic}
    uintx NonProfiledCodeHeapSize                  = 122912730                              {pd product} {ergonomic}
    uintx ProfiledCodeHeapSize                     = 122912730                              {pd product} {ergonomic}
    uintx ReservedCodeCacheSize                    = 251658240                              {pd product} {ergonomic}
     bool SegmentedCodeCache                       = true                                      {product} {ergonomic}
   size_t SoftMaxHeapSize                          = 2147483648                             {manageable} {ergonomic}
     bool UseCompressedOops                        = true                           {product lp64_product} {ergonomic}
     bool UseG1GC                                  = true                                      {product} {ergonomic}
     bool UseLargePagesIndividualAllocation        = false                                  {pd product} {ergonomic}

Logging:
Log output configuration:
 #0: stdout all=warning uptime,level,tags foldmultilines=false
 #1: stderr all=off uptime,level,tags foldmultilines=false

Release file:
JAVA_VERSION="21.0.10" 
MODULES="java.base java.compiler java.datatransfer java.xml java.prefs java.desktop java.instrument java.logging java.management java.security.sasl java.naming java.rmi java.management.rmi java.net.http java.scripting java.security.jgss java.transaction.xa java.sql java.sql.rowset java.xml.crypto java.se java.smartcardio jdk.accessibility jdk.internal.jvmstat jdk.attach jdk.charsets jdk.internal.opt jdk.zipfs jdk.compiler jdk.crypto.ec jdk.crypto.cryptoki jdk.dynalink jdk.hotspot.agent jdk.httpserver jdk.internal.ed jdk.internal.le jdk.internal.vm.ci jdk.jartool jdk.javadoc jdk.jcmd jdk.jdeps jdk.jdwp.agent jdk.jdi jdk.jfr jdk.jlink jdk.jsobject jdk.localedata jdk.management jdk.management.agent jdk.management.jfr jdk.naming.dns jdk.naming.rmi jdk.net jdk.sctp jdk.security.auth jdk.security.jgss jdk.unsupported jdk.unsupported.desktop jdk.xml.dom" 
IMPLEMENTOR="JetBrains s.r.o." 
JAVA_RUNTIME_VERSION="21.0.10+-14961533-b1163.108" 
LIBC="default" 
OS_ARCH="x86_64" 
OS_NAME="Windows" 
SOURCE=".:git:1351622c2ff2" 

Environment Variables:
PATH=C:\Program Files (x86)\Common Files\Oracle\Java\java8path;C:\windows\system32;C:\windows;C:\windows\System32\Wbem;C:\windows\System32\WindowsPowerShell\v1.0\;C:\windows\System32\OpenSSH\;C:\Program Files\dotnet\;C:\Program Files\nodejs\;C:\Program Files\CMake\bin;C:\Users\hcxys\AppData\Local\Microsoft\WindowsApps;C:\Users\hcxys\AppData\Roaming\npm;C:\Users\hcxys\AppData\Local\Python\bin
USERNAME=hcxys
OS=Windows_NT
PROCESSOR_IDENTIFIER=Intel64 Family 6 Model 190 Stepping 0, GenuineIntel
TMP=C:\Users\hcxys\AppData\Local\Temp
TEMP=C:\Users\hcxys\AppData\Local\Temp




Periodic native trim disabled

JNI global refs:
JNI global refs: 27, weak refs: 0

JNI global refs memory usage: 835, weak refs: 833

Process memory usage:
Resident Set Size: 543336K (14% of 3841796K total physical memory with 199276K free physical memory)

OOME stack traces (most recent first):
Classloader memory used:
Loader org.gradle.internal.classloader.VisitableURLClassLoader                         : 106M
Loader bootstrap                                                                       : 29858K
Loader org.gradle.initialization.MixInLegacyTypesClassLoader                           : 12102K
Loader jdk.internal.loader.ClassLoaders$AppClassLoader                                 : 7693K
Loader org.gradle.internal.classloader.VisitableURLClassLoader$InstrumentingVisitableURLClassLoader: 6279K
Loader org.gradle.internal.classloader.VisitableURLClassLoader                         : 1046K
Loader jdk.internal.loader.ClassLoaders$PlatformClassLoader                            : 899K
Loader jdk.internal.jrtfs.JrtFileSystemProvider$JrtFsLoader                            : 343K
Loader jdk.internal.reflect.DelegatingClassLoader                                      : 314K
Loader org.gradle.groovy.scripts.internal.DefaultScriptCompilationHandler$ScriptClassLoader: 92656B

Classes loaded by more than one classloader:
Class Program                                                                         : loaded 4 times (x 74B)
Class com.google.common.collect.PeekingIterator                                       : loaded 3 times (x 70B)
Class com.google.common.base.Preconditions                                            : loaded 3 times (x 71B)
Class org.gradle.internal.IoActions                                                   : loaded 3 times (x 71B)
Class org.gradle.api.GradleException                                                  : loaded 3 times (x 82B)
Class org.gradle.api.Action                                                           : loaded 3 times (x 70B)
Class org.gradle.internal.Cast                                                        : loaded 3 times (x 71B)
Class com.google.common.collect.ImmutableList                                         : loaded 3 times (x 206B)
Class com.google.common.collect.Iterators$9                                           : loaded 3 times (x 81B)
Class com.google.common.collect.ImmutableCollection                                   : loaded 3 times (x 125B)
Class com.google.common.collect.Iterators$5                                           : loaded 3 times (x 82B)
Class com.google.common.collect.Iterators$4                                           : loaded 3 times (x 82B)
Class com.google.common.collect.UnmodifiableListIterator                              : loaded 3 times (x 95B)
Class com.google.common.collect.Iterators$1                                           : loaded 3 times (x 81B)
Class com.google.common.collect.Iterators$MergingIterator                             : loaded 3 times (x 81B)
Class com.google.common.collect.AbstractIndexedListIterator                           : loaded 3 times (x 96B)
Class com.google.common.collect.AbstractIterator                                      : loaded 3 times (x 82B)
Class com.google.common.collect.Iterators                                             : loaded 3 times (x 71B)
Class com.google.common.collect.Iterators$SingletonIterator                           : loaded 3 times (x 81B)
Class com.google.common.collect.UnmodifiableIterator                                  : loaded 3 times (x 80B)
Class com.google.common.collect.Iterators$ArrayItr                                    : loaded 3 times (x 97B)
Class com.google.common.collect.ImmutableEnumMap                                      : loaded 2 times (x 126B)
Class org.gradle.tooling.internal.gradle.DefaultProjectIdentifier                     : loaded 2 times (x 86B)
Class org.gradle.api.internal.DefaultClassPathProvider                                : loaded 2 times (x 76B)
Class [Lorg.gradle.api.internal.ClassPathProvider;                                    : loaded 2 times (x 69B)
Class org.gradle.api.internal.ClassPathProvider                                       : loaded 2 times (x 70B)
Class com.google.common.cache.LocalCache$LocalLoadingCache                            : loaded 2 times (x 134B)
Class jdk.internal.jrtfs.SystemImage                                                  : loaded 2 times (x 74B)
Class org.gradle.internal.service.UnknownServiceException                             : loaded 2 times (x 83B)
Class com.google.common.cache.LocalCache$Strength$1                                   : loaded 2 times (x 81B)
Class com.google.common.cache.LocalCache$Strength$2                                   : loaded 2 times (x 81B)
Class com.google.common.cache.LocalCache$Strength$3                                   : loaded 2 times (x 81B)
Class com.google.common.collect.MapDifference                                         : loaded 2 times (x 70B)
Class com.google.common.cache.CacheBuilder$NullListener                               : loaded 2 times (x 82B)
Class jdk.internal.jimage.ImageReader$LinkNode                                        : loaded 2 times (x 84B)
Class org.gradle.internal.classpath.TransformedClassPath                              : loaded 2 times (x 96B)
Class org.gradle.internal.classloader.InstrumentingClassLoader                        : loaded 2 times (x 70B)
Class com.google.common.cache.CacheLoader$FunctionToCacheLoader                       : loaded 2 times (x 75B)
Class ijInit1_4rpdauriu1pxtook5vrrnrrq1$_run_closure1                                 : loaded 2 times (x 140B)
Class com.google.common.collect.ImmutableCollection$Builder                           : loaded 2 times (x 76B)
Class jdk.internal.jrtfs.SystemImage$1                                                : loaded 2 times (x 78B)
Class kotlin.enums.EnumEntriesList                                                    : loaded 2 times (x 223B)
Class com.google.common.base.MoreObjects                                              : loaded 2 times (x 71B)
Class jdk.internal.jrtfs.SystemImage$2                                                : loaded 2 times (x 76B)
Class [Lcom.google.common.collect.ImmutableMapEntry;                                  : loaded 2 times (x 69B)
Class org.gradle.internal.service.ServiceLocator                                      : loaded 2 times (x 70B)
Class com.google.common.collect.SingletonImmutableBiMap                               : loaded 2 times (x 143B)
Class com.google.common.cache.LocalCache$1                                            : loaded 2 times (x 89B)
Class kotlin.collections.AbstractList$Companion                                       : loaded 2 times (x 71B)
Class com.google.common.collect.AbstractMapEntry                                      : loaded 2 times (x 81B)
Class jdk.internal.jrtfs.JrtFileSystemProvider                                        : loaded 2 times (x 101B)
Class com.intellij.gradle.toolingExtension.util.GradleVersionUtil                     : loaded 2 times (x 71B)
Class org.gradle.tooling.model.UnsupportedMethodException                             : loaded 2 times (x 82B)
Class com.google.common.cache.LocalCache$2                                            : loaded 2 times (x 142B)
Class com.google.common.collect.RegularImmutableAsList                                : loaded 2 times (x 217B)
Class org.gradle.internal.classloader.DefaultClassLoaderFactory                       : loaded 2 times (x 82B)
Class com.google.common.util.concurrent.UncheckedExecutionException                   : loaded 2 times (x 82B)
Class org.gradle.kotlin.dsl.VersionCatalogAccessorsKt                                 : loaded 2 times (x 71B)
Class jdk.internal.jimage.ImageLocation                                               : loaded 2 times (x 90B)
Class jdk.internal.jrtfs.JrtDirectoryStream$1                                         : loaded 2 times (x 83B)
Class com.google.common.collect.Lists$StringAsImmutableList                           : loaded 2 times (x 207B)
Class com.google.common.cache.CacheLoader$UnsupportedLoadingOperationException        : loaded 2 times (x 82B)
Class com.google.common.base.CharMatcher$And                                          : loaded 2 times (x 112B)
Class jdk.internal.jimage.ImageBufferCache$1                                          : loaded 2 times (x 83B)
Class org.gradle.internal.time.DefaultTimer                                           : loaded 2 times (x 80B)
Class com.google.common.collect.IndexedImmutableSet                                   : loaded 2 times (x 152B)
Class com.google.common.collect.ImmutableMap$1                                        : loaded 2 times (x 81B)
Class com.google.common.collect.BiMap                                                 : loaded 2 times (x 70B)
Class jdk.internal.jimage.ImageBufferCache$2                                          : loaded 2 times (x 91B)
Class org.gradle.api.internal.classpath.DefaultModuleRegistry$DefaultModule           : loaded 2 times (x 82B)
Class com.google.common.base.Suppliers                                                : loaded 2 times (x 71B)
Class [Lcom.google.common.cache.CacheBuilder$OneWeigher;                              : loaded 2 times (x 69B)
Class org.gradle.internal.time.DefaultCountdownTimer                                  : loaded 2 times (x 88B)
Class com.google.common.collect.ImmutableMapEntrySet                                  : loaded 2 times (x 152B)
Class org.gradle.tooling.internal.gradle.DefaultBuildIdentifier                       : loaded 2 times (x 79B)
Class org.gradle.api.internal.classpath.Module                                        : loaded 2 times (x 70B)
Class com.google.common.cache.Weigher                                                 : loaded 2 times (x 70B)
Class org.gradle.api.internal.classpath.UnknownModuleException                        : loaded 2 times (x 82B)
Class com.google.common.cache.LocalCache$Strength                                     : loaded 2 times (x 81B)
Class com.google.common.cache.Cache                                                   : loaded 2 times (x 70B)
Class jdk.internal.jimage.ImageHeader                                                 : loaded 2 times (x 71B)
Class com.google.common.collect.ImmutableMap$Builder                                  : loaded 2 times (x 82B)
Class com.google.common.cache.RemovalListener                                         : loaded 2 times (x 70B)
Class org.gradle.tooling.internal.gradle.GradleProjectIdentity                        : loaded 2 times (x 70B)
Class org.gradle.api.internal.DefaultClassPathRegistry                                : loaded 2 times (x 76B)
Class org.gradle.internal.classpath.DefaultClassPath$ImmutableUniqueList              : loaded 2 times (x 199B)
Class org.gradle.api.internal.ClassPathRegistry                                       : loaded 2 times (x 70B)
Class jdk.internal.jimage.decompressor.ResourceDecompressor                           : loaded 2 times (x 70B)
Class com.google.common.cache.CacheBuilder                                            : loaded 2 times (x 72B)
Class com.google.common.collect.SingletonImmutableList                                : loaded 2 times (x 207B)
Class org.gradle.internal.operations.MultipleBuildOperationFailures                   : loaded 2 times (x 95B)
Class Settings_gradle$1                                                               : loaded 2 times (x 74B)
Class org.gradle.internal.classpath.ClassPath                                         : loaded 2 times (x 70B)
Class com.google.common.collect.ImmutableList$ReverseImmutableList                    : loaded 2 times (x 209B)
Class org.gradle.api.internal.classpath.DefaultModuleRegistry$DefaultModuleAlias      : loaded 2 times (x 80B)
Class com.google.common.base.Suppliers$SupplierOfInstance                             : loaded 2 times (x 79B)
Class jdk.internal.jimage.decompressor.StringSharingDecompressorFactory               : loaded 2 times (x 74B)
Class jdk.internal.jimage.ImageStringsReader                                          : loaded 2 times (x 80B)
Class org.gradle.tooling.model.Model                                                  : loaded 2 times (x 70B)
Class com.google.common.cache.LocalCache$ComputingValueReference                      : loaded 2 times (x 96B)
Class com.google.common.collect.SingletonImmutableSet                                 : loaded 2 times (x 146B)
Class com.google.common.collect.ImmutableMap$IteratorBasedImmutableMap                : loaded 2 times (x 126B)
Class sync_studio_tooling2_99xuycyd3b5td33dxwmx6dzfa$_run_closure1                    : loaded 2 times (x 139B)
Class kotlin.UninitializedPropertyAccessException                                     : loaded 2 times (x 82B)
Class com.google.common.cache.LocalCache$Segment                                      : loaded 2 times (x 154B)
Class jdk.internal.jimage.ImageReader                                                 : loaded 2 times (x 75B)
Class com.google.common.cache.CacheLoader                                             : loaded 2 times (x 74B)
Class com.google.common.collect.ImmutableMap$MapViewOfValuesAsSingletonSets           : loaded 2 times (x 126B)
Class com.google.common.collect.ImmutableBiMap                                        : loaded 2 times (x 143B)
Class jdk.internal.jimage.ImageReader$SharedImageReader                               : loaded 2 times (x 95B)
Class org.gradle.api.internal.classpath.ModuleRegistry                                : loaded 2 times (x 70B)
Class org.gradle.internal.installation.GradleInstallation$1                           : loaded 2 times (x 75B)
Class com.google.common.collect.RegularImmutableMap                                   : loaded 2 times (x 121B)
Class jdk.internal.jimage.decompressor.ResourceDecompressorFactory                    : loaded 2 times (x 74B)
Class com.google.common.cache.LocalCache$LocalManualCache$1                           : loaded 2 times (x 75B)
Class com.google.common.base.CharMatcher$ForPredicate                                 : loaded 2 times (x 112B)
Class com.google.common.base.CharMatcher$AnyOf                                        : loaded 2 times (x 112B)
Class com.google.common.collect.ImmutableList$1                                       : loaded 2 times (x 97B)
Class jdk.internal.jimage.ImageReader$Node                                            : loaded 2 times (x 84B)
Class org.gradle.api.internal.classpath.DefaultModuleRegistry                         : loaded 2 times (x 84B)
Class com.google.common.cache.ReferenceEntry                                          : loaded 2 times (x 70B)
Class com.google.common.base.Converter                                                : loaded 2 times (x 90B)
Class com.google.common.collect.ImmutableSet$CachingAsList                            : loaded 2 times (x 148B)
Class jdk.internal.jimage.BasicImageReader$1                                          : loaded 2 times (x 77B)
Class com.google.common.collect.Lists                                                 : loaded 2 times (x 71B)
Class com.google.common.base.FunctionalEquivalence                                    : loaded 2 times (x 83B)
Class com.google.common.util.concurrent.ExecutionError                                : loaded 2 times (x 82B)
Class com.google.common.collect.ImmutableAsList                                       : loaded 2 times (x 209B)
Class org.gradle.internal.classloader.ClassLoaderHierarchy                            : loaded 2 times (x 70B)
Class jdk.internal.jimage.decompressor.Decompressor                                   : loaded 2 times (x 72B)
Class jdk.internal.jimage.ImageReader$Resource                                        : loaded 2 times (x 84B)
Class org.gradle.internal.time.MonotonicClock                                         : loaded 2 times (x 77B)
Class org.gradle.internal.service.ServiceLookupException                              : loaded 2 times (x 82B)
Class [Lcom.google.common.cache.LocalCache$EntryFactory;                              : loaded 2 times (x 69B)
Class jdk.internal.jrtfs.JrtFileAttributes                                            : loaded 2 times (x 83B)
Class org.gradle.internal.classloader.ClassLoaderFactory                              : loaded 2 times (x 70B)
Class com.google.common.cache.LocalCache$LocalManualCache                             : loaded 2 times (x 99B)
Class com.google.common.base.CharMatcher$IsNot                                        : loaded 2 times (x 111B)
Class org.gradle.internal.service.CachingServiceLocator                               : loaded 2 times (x 82B)
Class com.google.common.collect.ImmutableMapEntry                                     : loaded 2 times (x 85B)
Class org.gradle.internal.time.TimeSource                                             : loaded 2 times (x 70B)
Class com.google.common.base.Equivalence                                              : loaded 2 times (x 82B)
Class com.google.common.base.Function                                                 : loaded 2 times (x 70B)
Class com.google.common.collect.ImmutableMapEntry$NonTerminalImmutableMapEntry        : loaded 2 times (x 85B)
Class org.gradle.tooling.internal.gradle.GradleBuildIdentity                          : loaded 2 times (x 70B)
Class kotlin.enums.EnumEntries                                                        : loaded 2 times (x 70B)
Class com.google.common.cache.CacheBuilder$OneWeigher                                 : loaded 2 times (x 82B)
Class com.google.common.collect.RegularImmutableList                                  : loaded 2 times (x 213B)
Class org.gradle.internal.exceptions.ResolutionProvider                               : loaded 2 times (x 70B)
Class jdk.internal.jimage.ImageBufferCache                                            : loaded 2 times (x 71B)
Class jdk.internal.jrtfs.JrtPath                                                      : loaded 2 times (x 118B)
Class org.gradle.tooling.model.ProjectIdentifier                                      : loaded 2 times (x 70B)
Class org.gradle.internal.classloader.ClasspathUtil                                   : loaded 2 times (x 71B)
Class org.jetbrains.kotlin.tooling.core.HasExtras                                     : loaded 2 times (x 70B)
Class com.google.common.collect.Maps                                                  : loaded 2 times (x 71B)
Class org.gradle.internal.time.TimeSource$1                                           : loaded 2 times (x 77B)
Class kotlin.jvm.internal.DefaultConstructorMarker                                    : loaded 2 times (x 71B)
Class org.gradle.api.specs.Spec                                                       : loaded 2 times (x 70B)
Class [Lcom.google.common.collect.ImmutableEntry;                                     : loaded 2 times (x 69B)
Class jdk.internal.jimage.ImageReader$SharedImageReader$LocationVisitor               : loaded 2 times (x 70B)
Class com.google.common.cache.LocalCache$LoadingValueReference                        : loaded 2 times (x 96B)
Class jdk.internal.jimage.decompressor.ResourceDecompressorRepository                 : loaded 2 times (x 71B)
Class com.intellij.gradle.toolingExtension.impl.model.utilDummyModel.DummyModel       : loaded 2 times (x 70B)
Class org.gradle.internal.time.Clock                                                  : loaded 2 times (x 70B)
Class com.google.common.collect.Maps$8                                                : loaded 2 times (x 82B)
Class jdk.internal.jimage.ImageReader$Directory                                       : loaded 2 times (x 84B)
Class kotlin.collections.AbstractList                                                 : loaded 2 times (x 197B)
Class kotlin.collections.AbstractCollection                                           : loaded 2 times (x 117B)
Class org.gradle.internal.classloader.VisitableURLClassLoader$InstrumentingVisitableURLClassLoader: loaded 2 times (x 123B)
Class [Lcom.google.common.cache.CacheBuilder$NullListener;                            : loaded 2 times (x 69B)
Class org.gradle.internal.classloader.VisitableURLClassLoader$Spec                    : loaded 2 times (x 74B)
Class org.gradle.internal.classpath.DefaultClassPath                                  : loaded 2 times (x 90B)
Class jdk.internal.jimage.decompressor.ZipDecompressorFactory                         : loaded 2 times (x 74B)
Class org.gradle.util.internal.DefaultGradleVersion                                   : loaded 2 times (x 82B)
Class com.google.common.base.CharMatcher$BitSetMatcher                                : loaded 2 times (x 112B)
Class com.google.common.collect.RegularImmutableMap$Values                            : loaded 2 times (x 207B)
Class com.google.common.collect.ImmutableSet                                          : loaded 2 times (x 145B)
Class org.gradle.internal.classloader.ClassLoaderSpec                                 : loaded 2 times (x 71B)
Class com.google.common.cache.CacheStats                                              : loaded 2 times (x 71B)
Class com.google.common.base.CharMatcher$Or                                           : loaded 2 times (x 112B)
Class Settings_gradle$1$1                                                             : loaded 2 times (x 74B)
Class org.gradle.api.internal.classpath.Module$ModuleAlias                            : loaded 2 times (x 70B)
Class com.google.common.base.Supplier                                                 : loaded 2 times (x 70B)
Class ijInit1_4rpdauriu1pxtook5vrrnrrq1                                               : loaded 2 times (x 171B)
Class org.gradle.internal.classloader.VisitableURLClassLoader                         : loaded 2 times (x 117B)
Class Settings_gradle                                                                 : loaded 2 times (x 124B)
Class jdk.internal.jimage.BasicImageReader                                            : loaded 2 times (x 95B)
Class com.google.common.base.CharMatcher$IsEither                                     : loaded 2 times (x 111B)
Class com.google.common.base.Ticker                                                   : loaded 2 times (x 72B)
Class com.google.common.base.CharMatcher$FastMatcher                                  : loaded 2 times (x 111B)
Class jdk.internal.jimage.decompressor.ZipDecompressor                                : loaded 2 times (x 75B)
Class [Lcom.google.common.cache.LocalCache$Segment;                                   : loaded 2 times (x 69B)
Class [Lcom.google.common.cache.LocalCache$Strength;                                  : loaded 2 times (x 69B)
Class com.google.common.cache.CacheBuilder$1                                          : loaded 2 times (x 85B)
Class com.google.common.base.Predicate                                                : loaded 2 times (x 70B)
Class com.google.common.collect.ImmutableMap                                          : loaded 2 times (x 120B)
Class org.gradle.internal.classpath.DefaultClassPath$ImmutableUniqueList$Builder      : loaded 2 times (x 75B)
Class com.google.common.cache.LocalCache                                              : loaded 2 times (x 187B)
Class com.google.common.cache.CacheBuilder$2                                          : loaded 2 times (x 79B)
Class com.google.common.base.CharMatcher$NegatedFastMatcher                           : loaded 2 times (x 113B)
Class com.google.common.cache.CacheBuilder$3                                          : loaded 2 times (x 72B)
Class [Lcom.google.common.collect.AbstractMapEntry;                                   : loaded 2 times (x 69B)
Class com.google.common.collect.ImmutableEntry                                        : loaded 2 times (x 82B)
Class org.gradle.internal.classloader.FilteringClassLoader                            : loaded 2 times (x 105B)
Class org.gradle.internal.exceptions.NonGradleCauseExceptionsHolder                   : loaded 2 times (x 70B)
Class com.google.common.collect.CollectPreconditions                                  : loaded 2 times (x 71B)
Class jdk.internal.jimage.ImageStrings                                                : loaded 2 times (x 70B)
Class com.google.common.collect.SortedMapDifference                                   : loaded 2 times (x 70B)
Class com.google.common.cache.LocalCache$EntryFactory                                 : loaded 2 times (x 83B)
Class org.jetbrains.kotlin.tooling.core.HasMutableExtras                              : loaded 2 times (x 70B)
Class kotlin.NotImplementedError                                                      : loaded 2 times (x 82B)
Class kotlin.enums.EnumEntriesKt                                                      : loaded 2 times (x 71B)
Class com.google.common.cache.CacheLoader$InvalidCacheLoadException                   : loaded 2 times (x 82B)
Class com.google.common.collect.ImmutableSet$RegularSetBuilderImpl                    : loaded 2 times (x 77B)
Class com.google.common.cache.LoadingCache                                            : loaded 2 times (x 70B)
Class org.gradle.internal.exceptions.MultiCauseException                              : loaded 2 times (x 70B)
Class org.gradle.internal.time.CountdownTimer                                         : loaded 2 times (x 70B)
Class kotlin.jvm.internal.Intrinsics                                                  : loaded 2 times (x 71B)
Class [Lcom.google.common.cache.Weigher;                                              : loaded 2 times (x 69B)
Class com.google.common.collect.RegularImmutableMap$BucketOverflowException           : loaded 2 times (x 82B)
Class jdk.internal.jrtfs.JrtFileSystem                                                : loaded 2 times (x 102B)
Class org.gradle.tooling.model.ProjectModel                                           : loaded 2 times (x 70B)
Class jdk.internal.jimage.decompressor.CompressedResourceHeader                       : loaded 2 times (x 71B)
Class kotlin.KotlinNullPointerException                                               : loaded 2 times (x 83B)
Class com.google.common.collect.RegularImmutableBiMap                                 : loaded 2 times (x 149B)
Class com.google.common.cache.LocalCache$ValueReference                               : loaded 2 times (x 70B)
Class com.google.common.base.CharMatcher$Negated                                      : loaded 2 times (x 113B)
Class com.google.common.base.CharMatcher$Is                                           : loaded 2 times (x 111B)
Class org.gradle.internal.exceptions.DefaultMultiCauseException                       : loaded 2 times (x 95B)
Class com.google.common.base.Equivalence$Equals                                       : loaded 2 times (x 82B)
Class com.google.common.collect.Hashing                                               : loaded 2 times (x 71B)
Class com.google.common.collect.RegularImmutableMap$KeySet                            : loaded 2 times (x 152B)
Class com.google.common.base.CharMatcher                                              : loaded 2 times (x 111B)
Class com.google.common.base.Equivalence$Identity                                     : loaded 2 times (x 82B)
Class org.gradle.internal.time.Time                                                   : loaded 2 times (x 71B)
Class com.google.common.cache.LocalCache$EntryFactory$1                               : loaded 2 times (x 83B)
Class [Lcom.google.common.cache.RemovalListener;                                      : loaded 2 times (x 69B)
Class com.google.common.base.CharMatcher$1                                            : loaded 2 times (x 113B)
Class com.google.common.base.CharMatcher$NamedFastMatcher                             : loaded 2 times (x 112B)
Class com.google.common.cache.LocalCache$EntryFactory$2                               : loaded 2 times (x 83B)
Class com.google.common.cache.LocalCache$EntryFactory$3                               : loaded 2 times (x 83B)
Class com.google.common.base.Ticker$1                                                 : loaded 2 times (x 72B)
Class com.google.common.collect.Maps$BiMapConverter                                   : loaded 2 times (x 90B)
Class com.google.common.collect.ImmutableMapEntrySet$RegularEntrySet                  : loaded 2 times (x 152B)
Class org.gradle.tooling.model.BuildIdentifier                                        : loaded 2 times (x 70B)
Class kotlin.NoWhenBranchMatchedException                                             : loaded 2 times (x 82B)
Class com.google.common.cache.LocalCache$EntryFactory$4                               : loaded 2 times (x 83B)
Class com.google.common.base.CharMatcher$InRange                                      : loaded 2 times (x 111B)
Class com.google.common.cache.LocalCache$EntryFactory$5                               : loaded 2 times (x 83B)
Class com.google.common.cache.LocalCache$EntryFactory$6                               : loaded 2 times (x 83B)
Class Build_gradle                                                                    : loaded 2 times (x 72B)
Class org.gradle.internal.time.Timer                                                  : loaded 2 times (x 70B)
Class kotlin.jvm.internal.markers.KMappedMarker                                       : loaded 2 times (x 70B)
Class org.gradle.internal.installation.CurrentGradleInstallationLocator               : loaded 2 times (x 71B)
Class com.google.common.cache.LocalCache$EntryFactory$7                               : loaded 2 times (x 83B)
Class com.google.common.cache.CacheLoader$SupplierToCacheLoader                       : loaded 2 times (x 75B)
Class org.gradle.internal.service.DefaultServiceLocator                               : loaded 2 times (x 83B)
Class com.google.common.cache.LocalCache$EntryFactory$8                               : loaded 2 times (x 83B)
Class com.google.common.collect.ImmutableSet$SetBuilderImpl                           : loaded 2 times (x 76B)
Class jdk.internal.jrtfs.JrtDirectoryStream                                           : loaded 2 times (x 89B)
Class org.gradle.util.GradleVersion                                                   : loaded 2 times (x 81B)
Class org.gradle.internal.installation.CurrentGradleInstallation                      : loaded 2 times (x 73B)
Class com.google.common.cache.CacheLoader$1                                           : loaded 2 times (x 75B)
Class com.google.common.collect.ImmutableList$SubList                                 : loaded 2 times (x 209B)
Class org.gradle.util.internal.GUtil                                                  : loaded 2 times (x 71B)
Class com.google.common.cache.AbstractCache$StatsCounter                              : loaded 2 times (x 70B)
Class com.google.common.base.PairwiseEquivalence                                      : loaded 2 times (x 83B)
Class com.google.common.collect.RegularImmutableSet                                   : loaded 2 times (x 149B)
Class org.gradle.internal.installation.GradleInstallation                             : loaded 2 times (x 75B)
Class jdk.internal.jimage.decompressor.ResourceDecompressor$StringsProvider           : loaded 2 times (x 70B)
Class sync_studio_tooling2_99xuycyd3b5td33dxwmx6dzfa                                  : loaded 2 times (x 171B)

---------------  S Y S T E M  ---------------

OS:
 Windows 11 , 64 bit Build 26100 (10.0.26100.8328)
OS uptime: 0 days 2:58 hours
Hyper-V role detected

CPU: total 4 (initial active 4) (4 cores per cpu, 1 threads per core) family 6 model 190 stepping 0 microcode 0x1a, cx8, cmov, fxsr, mmx, 3dnowpref, sse, sse2, sse3, ssse3, sse4.1, sse4.2, popcnt, lzcnt, tsc, tscinvbit, avx, avx2, aes, erms, clmul, bmi1, bmi2, adx, sha, fma, vzeroupper, clflush, clflushopt, clwb, hv, serialize, rdtscp, rdpid, fsrm, f16c, cet_ibt, cet_ss
Processor Information for the first 4 processors :
  Max Mhz: 800, Current Mhz: 800, Mhz Limit: 800

Memory: 4k page, system-wide physical 3751M (214M free)
TotalPageFile size 10493M (AvailPageFile size 48M)
current process WorkingSet (physical memory assigned to process): 531M, peak: 553M
current process commit charge ("private bytes"): 732M, peak: 787M

vm_info: OpenJDK 64-Bit Server VM (21.0.10+-14961533-b1163.108) for windows-amd64 JRE (21.0.10+-14961533-b1163.108), built on 2026-03-02T19:58:50Z by "builder" with MS VC++ 16.10 / 16.11 (VS2019)

END.
